序号,代码,开发区名称,省份,城市/区县,批准级别,开发区类型,批准时间,核准面积_公顷,主导产业,经度_GCJ02,纬度_GCJ02,经度_WGS84,纬度_WGS84,格式化地址,地理编码精度,状态,dist_to_coast_km,pop_density_at_point,pop_density_buffer_mean,pop_density_buffer_sum,forest_treecover2000_buffer_mean,forest_loss_total_buffer_sum,forest_loss_pre_designation,forest_loss_post_designation,forest_loss_post_minus_pre,built_1990_at_point,built_1990_buffer_mean,built_1990_buffer_sum,built_2000_at_point,built_2000_buffer_mean,built_2000_buffer_sum,built_2010_at_point,built_2010_buffer_mean,built_2010_buffer_sum,built_2015_at_point,built_2015_buffer_mean,built_2015_buffer_sum,built_2020_at_point,built_2020_buffer_mean,built_2020_buffer_sum,built_pre_designation_year,built_post_designation_year,built_pre_designation,built_post_designation,built_change_post_minus_pre
530,G156020,满洲里中俄互市贸易区,内蒙古自治区,满洲里中俄,国务院,其他类型开发区,1992.04,20.96,轻工、民间贸易,134.014041,46.807653,134.006572,46.805356,黑龙江省双鸭山市饶河县中俄互市贸易区,住宅区,ok,1121.685,19.1327,17.0267,32793.3354,3.1092,266.0,0.0,266.0,266.0,82198.0,15987.396,1614727.0,146098.0,20516.2079,2072137.0,233291.0,25326.4455,2557971.0,274315.0,28129.7327,2841103.0,303117.0,30837.1881,3114556.0,1990,2000,1614727.0,2072137.0,457410.0
531,G216034,中德（沈阳）高端装备制造产业园,辽宁省,中德（沈阳）高端装备制造,国务院,其他类型开发区,2015.12,3553.0,智能制造、装备制造、汽车,123.248485,41.748175,123.242681,41.74592,辽宁省沈阳市铁西区中德(沈阳)高端装备制造产业园,住宅区,ok,147.311,39.9706,20.738,243318.5343,0.0389,1069.0,264.0,805.0,541.0,70029.0,55195.6635,5740349.0,219330.0,104208.7115,10837706.0,372524.0,191487.0865,19914657.0,435271.0,244829.4231,25462260.0,450424.0,278363.3077,28949784.0,2015,2020,25462260.0,28949784.0,3487524.0
532,G216022,沈阳海峡两岸科技工业园,辽宁省,沈阳,国务院,其他类型开发区,1995.09,500.0,计算机及软件、汽车及零部件、环保,123.464675,41.677576,123.458631,41.675224,辽宁省沈阳市,市,ok,153.527,26.1857,23.6121,239545.1673,0.0177,442.0,0.0,442.0,442.0,0.0,27109.0192,2819338.0,1028.0,48103.1923,5002732.0,62667.0,95588.1923,9941172.0,132197.0,131922.3462,13719924.0,170125.0,167760.5769,17447100.0,1990,2000,2819338.0,5002732.0,2183394.0
533,G216001,大连金石滩国家旅游度假区,辽宁省,大连金石滩,国务院,其他类型开发区,1992.10,1360.0,滨海运动、娱乐、文化旅游,122.002284,39.076956,121.997222,39.075885,辽宁省大连市金州区金石滩国家旅游度假区,住宅区,ok,1.494,30.4808,11.1238,58700.3024,1.6646,357.0,0.0,357.0,357.0,7860.0,3447.802,348228.0,24088.0,9893.1386,999207.0,31776.0,22347.1881,2257066.0,40629.0,32257.4158,3257999.0,63361.0,46852.2277,4732075.0,1990,2000,348228.0,999207.0,650979.0
534,G236021,中俄东宁—波尔塔夫卡互市贸易区,黑龙江省,中俄东宁—波尔塔夫卡,国务院,其他类型开发区,1992.09,275.4,民间贸易、木材加工、轻工产品加工,130.387203,42.833615,130.380008,42.830946,吉林省延边朝鲜族自治州珲春市互市贸易区(公交站),公交地铁站点,ok,630.13,32.1371,20.5599,113284.9407,0.7851,341.0,0.0,341.0,341.0,35840.0,42802.4615,4451456.0,319395.0,67537.9423,7023946.0,384269.0,82663.8846,8597044.0,413294.0,92925.0385,9664204.0,428645.0,109184.6154,11355200.0,1990,2000,4451456.0,7023946.0,2572490.0
535,G316033,上海陆家嘴金融贸易区,上海市,陆家嘴金融贸易区,国务院,其他类型开发区,1990.06,3178.0,金融、航运、商务、文化旅游,121.544498,31.202808,121.540217,31.204962,上海市浦东新区上海陆家嘴金融贸易区,住宅区,ok,16.806,157.6736,135.8685,1333684.9554,0.035,1.0,0.0,1.0,1.0,177015.0,168146.58,16814658.0,285098.0,234197.26,23419726.0,293704.0,258419.73,25841973.0,297718.0,270779.11,27077911.0,300579.0,278302.57,27830257.0,1990,2000,16814658.0,23419726.0,6605068.0
536,G316002,上海佘山国家旅游度假区,上海市,佘山,国务院,其他类型开发区,1995.06,6408.0,旅游休闲、商业服务、文化创意,121.175827,31.077485,121.171324,31.079501,上海市松江区佘山国家旅游度假区,兴趣点,ok,41.478,,40.9017,165079.4327,0.7092,313.0,0.0,313.0,313.0,12399.0,12352.4712,1284657.0,15280.0,25677.9423,2670506.0,21625.0,63043.6442,6556539.0,24788.0,87721.4519,9123031.0,27291.0,100920.7019,10495753.0,1990,2000,1284657.0,2670506.0,1385849.0
537,G326024,南京海峡两岸科技工业园,江苏省,南京,国务院,其他类型开发区,1995.09,500.0,智能制造、科技服务、生命健康,118.650527,32.072187,118.645458,32.074362,江苏省南京市浦口区南京海峡两岸科技工业园(天浦路),住宅区,ok,91.648,54.9923,34.3836,228547.9655,3.1252,751.0,0.0,751.0,751.0,22867.0,30467.596,3016292.0,98266.0,45317.697,4486452.0,159404.0,80511.1313,7970602.0,188086.0,102209.4444,10118735.0,192631.0,115526.5556,11437129.0,1990,2000,3016292.0,4486452.0,1470160.0
538,G326003,无锡太湖国家旅游度假区,江苏省,无锡太湖,国务院,其他类型开发区,1992.10,1350.0,文化旅游、生物医药、机械,120.124072,31.434577,120.119199,31.436373,江苏省无锡市滨湖区太湖国家旅游度假区,住宅区,ok,52.175,24.1144,28.2212,77777.7126,4.414,769.0,0.0,769.0,769.0,10616.0,10391.64,1039164.0,15812.0,16455.54,1645554.0,31445.0,26603.65,2660365.0,39717.0,33818.36,3381836.0,53448.0,36915.13,3691513.0,1990,2000,1039164.0,1645554.0,606390.0
539,G326004,苏州太湖国家旅游度假区,江苏省,苏州太湖,国务院,其他类型开发区,1992.10,1120.0,文化旅游,120.415498,31.212199,120.410839,31.214061,江苏省苏州市吴中区苏州太湖国家旅游度假区,兴趣点,ok,72.672,32.1181,24.8925,55435.5776,2.907,630.0,0.0,630.0,630.0,13965.0,6244.6733,630712.0,24569.0,12725.6733,1285293.0,64117.0,27526.6238,2780189.0,91374.0,37068.901,3743959.0,101062.0,42984.0495,4341389.0,1990,2000,630712.0,1285293.0,654581.0
540,G336005,杭州之江国家旅游度假区,浙江省,杭州之江,国务院,其他类型开发区,1992.10,988.0,休闲旅游、信息技术、文化创意,120.072746,30.149634,120.06794,30.151926,浙江省杭州市西湖区之江国家旅游度假区,住宅区,ok,9.232,85.019,45.5781,275610.9811,10.0685,2671.0,0.0,2671.0,2671.0,45927.0,18976.8462,1973592.0,74920.0,34059.4231,3542180.0,177494.0,62363.3173,6485785.0,232871.0,80058.9712,8326133.0,267190.0,90085.0962,9368850.0,1990,2000,1973592.0,3542180.0,1568588.0
541,G356030,福州台商投资区,福建省,福州,国务院,其他类型开发区,1989.05,1326.0,鞋、饲料、钢铁制品,119.583861,26.434814,119.579371,26.438321,福建省福州市罗源县台商投资区,住宅区,ok,0.192,19.517,22.1883,50367.4686,20.803,9365.0,0.0,9365.0,9365.0,434.0,4352.534,448311.0,831.0,9348.8447,962931.0,6599.0,15087.5243,1554015.0,10918.0,18416.1359,1896862.0,15600.0,20354.0097,2096463.0,1990,1990,448311.0,448311.0,
542,G356025,福州元洪投资区,福建省,福州元洪投资区,国务院,其他类型开发区,1992.05,1000.0,粮油食品、能源精化、纺织化纤,119.539537,25.710695,119.535,25.713709,福建省福州市福清市福州元洪投资区,兴趣点,ok,0.868,27.9363,21.449,53043.4209,10.1843,5278.0,0.0,5278.0,5278.0,79544.0,18794.6699,1935851.0,176058.0,31559.1262,3250590.0,202448.0,37207.4369,3832366.0,215918.0,40629.0291,4184790.0,219268.0,45082.233,4643470.0,1990,2000,1935851.0,3250590.0,1314739.0
543,G356029,厦门杏林台商投资开发区,福建省,厦门杏林,国务院,其他类型开发区,1989.05,2521.0,机械装备、纺织服装、电子,118.040836,24.569057,118.035906,24.571784,福建省厦门市集美区杏林,住宅区,ok,0.635,164.9723,124.7534,612663.9289,0.4013,1036.0,0.0,1036.0,1036.0,274072.0,63154.495,6378604.0,310798.0,90268.2574,9117094.0,312681.0,104958.3861,10600797.0,315518.0,114031.7327,11517205.0,326843.0,123794.3564,12503230.0,1990,1990,6378604.0,6378604.0,
544,G356031,厦门集美台商投资开发区,福建省,厦门集美,国务院,其他类型开发区,1992.12,685.0,机械装备、纺织服装、电子,118.097407,24.575976,118.092425,24.578632,福建省厦门市集美区,区县,ok,1.298,191.6075,143.7826,649753.6917,0.1737,279.0,0.0,279.0,279.0,218248.0,53614.14,5361414.0,256574.0,84973.11,8497311.0,264789.0,102896.53,10289653.0,270948.0,113400.95,11340095.0,285295.0,122907.4,12290740.0,1990,2000,5361414.0,8497311.0,3135897.0
545,G356007,湄洲岛国家旅游度假区,福建省,湄洲岛,国务院,其他类型开发区,1992.10,1350.0,旅游、交通运输,119.128483,25.063753,119.123611,25.066378,福建省莆田市秀屿区湄洲岛国家旅游度假区,兴趣点,ok,5.54,,15.548,15625.7666,0.3223,323.0,0.0,323.0,323.0,27371.0,13400.7327,1353474.0,33204.0,14911.1485,1506026.0,34388.0,15075.901,1522666.0,37230.0,15422.495,1557672.0,49171.0,16885.8119,1705467.0,1990,2000,1353474.0,1506026.0,152552.0
546,G356006,武夷山国家旅游度假区,福建省,武夷山,国务院,其他类型开发区,1992.10,1200.0,旅游服务,117.987574,27.651831,117.982555,27.655091,福建省南平市武夷山市国家旅游度假区,住宅区,ok,185.003,14.5989,8.8175,55576.6447,31.2721,8776.0,0.0,8776.0,8776.0,3880.0,2325.9314,237245.0,35726.0,7570.2255,772163.0,82064.0,13515.2255,1378553.0,110898.0,16900.3922,1723840.0,119791.0,18755.7549,1913087.0,1990,2000,237245.0,772163.0,534918.0
547,G376008,青岛石老人国家旅游度假区,山东省,青岛石老人,国务院,其他类型开发区,1992.10,1080.0,旅游、度假、金融、服务,120.465572,36.090121,120.460578,36.089917,山东省青岛市崂山区石老人国家旅游度假区,住宅区,ok,0.477,68.1654,67.2601,346187.4844,0.1911,41.0,0.0,41.0,41.0,121368.0,52173.7426,5269548.0,250806.0,101937.2871,10295666.0,264701.0,126155.8416,12741740.0,271994.0,139295.8119,14068877.0,281118.0,147090.802,14856171.0,1990,2000,5269548.0,10295666.0,5026118.0
548,G456010,北海银滩国家旅游度假区,广西壮族自治区,北海银滩,国务院,其他类型开发区,1992.10,1200.0,旅游、度假,109.155721,21.40364,109.151466,21.406065,广西壮族自治区北海市银海区北海银滩国家旅游度假区,兴趣点,ok,0.145,36.9427,37.5592,113879.4248,0.1777,201.0,0.0,201.0,201.0,70263.0,13686.5743,1382344.0,74890.0,29174.1584,2946590.0,76042.0,47820.198,4829840.0,78058.0,57403.6634,5797770.0,86214.0,61256.1188,6186868.0,1990,2000,1382344.0,2946590.0,1564246.0
549,G466011,三亚亚龙湾国家旅游度假区,海南省,三亚亚龙湾,国务院,其他类型开发区,1992.10,1860.0,滨海休闲、度假旅游、康体,109.649664,18.235582,109.645658,18.23738,海南省三亚市吉阳区亚龙湾国家旅游度假区,兴趣点,ok,0.541,18.1933,14.8207,71302.6115,23.3925,4899.0,0.0,4899.0,4899.0,12419.0,3694.27,369427.0,24829.0,5727.92,572792.0,42133.0,10613.03,1061303.0,51352.0,13711.66,1371166.0,63515.0,17794.43,1779443.0,1990,2000,369427.0,572792.0,203365.0
550,G536012,昆明滇池国家旅游度假区,云南省,昆明滇池,国务院,其他类型开发区,1992.10,1000.0,观光、体育训练、度假旅游,102.689312,24.977182,102.687922,24.980199,云南省昆明市西山区昆明滇池国家旅游度假区,兴趣点,ok,597.125,,64.2935,458091.149,1.09,747.0,0.0,747.0,747.0,8350.0,41929.2718,4318715.0,22420.0,115387.699,11884933.0,104286.0,157435.9515,16215903.0,155098.0,180188.2621,18559391.0,176393.0,187701.165,19333220.0,1990,2000,4318715.0,11884933.0,7566218.0
551,G656035,喀什经济开发区（含新疆生产建设兵团片区）,新疆维吾尔自治区,喀什,国务院,其他类型开发区,2011.09,5000.0,文化、金融、新能源、纺织服装,76.102683,39.464852,76.099512,39.464409,新疆维吾尔自治区喀什地区经济开发区,未知,ok,3552.189,,38.0042,22156.4484,0.2479,29.0,19.0,10.0,-9.0,0.0,3079.6699,317206.0,0.0,8659.5243,891931.0,49299.0,16179.2718,1666465.0,76204.0,20829.1942,2145407.0,79443.0,22555.6214,2323229.0,2010,2015,1666465.0,2145407.0,478942.0
552,G656036,霍尔果斯经济开发区（含新疆生产建设兵团片区）,新疆维吾尔自治区,霍尔果斯,国务院,其他类型开发区,2011.09,7300.0,商贸仓储物流、优势资源精深加工、生物医药,80.427074,44.194802,80.424567,44.193666,新疆维吾尔自治区伊犁哈萨克自治州霍尔果斯市经济开发区,未知,ok,3527.602,18.3077,14.6272,52658.0307,0.015,20.0,20.0,0.0,-20.0,115639.0,24608.8738,2534714.0,131445.0,30202.4175,3110849.0,152703.0,40998.7767,4222874.0,161206.0,47957.9417,4939668.0,161559.0,54578.5534,5621591.0,2010,2015,4222874.0,4939668.0,716794.0
376,G113001,北京天竺综合保税区,北京市,天竺,国务院,海关特殊监管区域,2008.07,594.4,航空贸易、医药贸易、文化贸易,116.566586,40.081183,116.560759,40.080115,北京市顺义区北京天竺综合保税区,住宅区,ok,146.3,26.1657,31.2766,296158.1853,0.1379,646.0,188.0,458.0,270.0,14138.0,37350.4369,3847095.0,107565.0,87809.4854,9044377.0,239519.0,144697.0,14903791.0,308065.0,178176.8544,18352216.0,323010.0,197777.0485,20371036.0,2000,2010,9044377.0,14903791.0,5859414.0
377,G123002,天津港保税区,天津市,港,国务院,海关特殊监管区域,1991.05,500.0,临港加工、国际贸易、物流,117.70693,38.932361,117.700669,38.931512,天津市滨海新区天津港保税区,住宅区,ok,2.192,,32.1968,33130.471,0.0864,48.0,0.0,48.0,48.0,0.0,13262.9307,1339556.0,0.0,18659.5545,1884615.0,57937.0,54133.1485,5467448.0,89576.0,76386.0693,7714993.0,100834.0,85256.8119,8610938.0,1990,2000,1339556.0,1884615.0,545059.0
378,G123003,天津出口加工区,天津市,天津,国务院,海关特殊监管区域,2000.04,254.0,装备制造、家具、冶金,117.738836,39.070819,117.732527,39.069854,天津市滨海新区天津出口加工区(泰丰路),住宅区,ok,1.025,68.3099,65.7245,481892.0569,0.0629,90.0,0.0,90.0,90.0,4354.0,29732.375,3092167.0,35146.0,96258.3942,10010873.0,164319.0,136087.1827,14153067.0,256917.0,160046.7596,16644863.0,273279.0,169783.8558,17657521.0,2000,2010,10010873.0,14153067.0,4142194.0
379,G123004,天津保税物流园区,天津市,天津,国务院,海关特殊监管区域,2004.08,46.0,仓储物流,117.766853,39.005146,117.760565,39.004224,天津市滨海新区保税物流园区,住宅区,ok,0.982,68.9108,66.6815,399755.4567,0.1673,49.0,11.0,38.0,27.0,321415.0,90817.4762,9535835.0,473265.0,143161.0667,15031912.0,498655.0,181206.7048,19026704.0,510066.0,204223.3333,21443450.0,516331.0,217125.7333,22798202.0,2000,2010,15031912.0,19026704.0,3994792.0
380,G123005,天津东疆保税港区,天津市,东疆,国务院,海关特殊监管区域,2006.08,1000.0,交通运输、批发零售、租赁,117.780378,39.052522,117.774104,39.051582,天津市滨海新区天津东疆保税港区,住宅区,ok,1.566,,58.2506,197061.8079,0.0413,15.0,0.0,15.0,15.0,0.0,12069.0291,1243110.0,0.0,56651.9903,5835155.0,51329.0,88814.6505,9147909.0,85699.0,107189.9903,11040569.0,88663.0,114198.932,11762490.0,2000,2010,5835155.0,9147909.0,3312754.0
381,G123006,天津滨海新区综合保税区,天津市,滨海,国务院,海关特殊监管区域,2008.03,159.9,民用航空、物流,117.405925,39.105425,117.399361,39.104259,天津市东丽区天津滨海新区综合保税区,住宅区,ok,27.349,31.2168,22.6704,212512.7531,1.0802,444.0,312.0,132.0,-180.0,588.0,34928.23,3492823.0,5877.0,56095.2,5609520.0,144842.0,107745.68,10774568.0,252561.0,144055.22,14405522.0,282508.0,166978.58,16697858.0,2000,2010,5609520.0,10774568.0,5165048.0
382,G133007,石家庄综合保税区,河北省,石家庄,国务院,海关特殊监管区域,2014.09,286.0,高端制造、物流、国际贸易,114.731465,38.274416,114.72545,38.273792,河北省石家庄市藁城区石家庄综合保税区,住宅区,ok,249.005,,19.6616,72492.3663,0.0072,365.0,4.0,361.0,357.0,2123.0,40624.9216,4143742.0,2778.0,58759.2549,5993444.0,4244.0,69450.5,7083951.0,17670.0,76119.402,7764179.0,88883.0,82917.3333,8457568.0,2010,2015,7083951.0,7764179.0,680228.0
383,G133008,曹妃甸综合保税区,河北省,曹妃甸,国务院,海关特殊监管区域,2012.07,459.0,国际贸易、国际物流、出口加工,118.540446,39.127004,118.534602,39.126098,河北省唐山市曹妃甸区曹妃甸综合保税区,住宅区,ok,0.498,,9.6891,7760.9935,0.0035,3.0,1.0,2.0,1.0,2139.0,1309.1942,134847.0,2239.0,1351.0291,139156.0,9916.0,6776.9417,698025.0,22154.0,12034.932,1239598.0,67118.0,18006.068,1854625.0,2010,2015,698025.0,1239598.0,541573.0
384,G133009,河北秦皇岛出口加工区,河北省,秦皇岛,国务院,海关特殊监管区域,2002.06,250.0,服装加工、金属加工、保税物流,119.836388,40.001801,119.830698,40.00061,河北省秦皇岛市山海关区出口加工区(公交站),公交地铁站点,ok,2.151,45.5926,19.8391,130065.1283,0.0071,1151.0,0.0,1151.0,1151.0,11048.0,32089.8155,3305251.0,65277.0,45816.9515,4719146.0,127454.0,76867.9029,7917394.0,181392.0,98780.6796,10174410.0,220531.0,121334.5146,12497455.0,2000,2010,4719146.0,7917394.0,3198248.0
385,G133010,廊坊综合保税区,河北省,廊坊,国务院,海关特殊监管区域,2018.01,50.0,物流、光机电一体化、精密机械,116.795042,39.570246,116.789024,39.569098,河北省廊坊市广阳区廊坊综合保税区(公交站),公交地铁站点,ok,94.659,17.8054,17.3884,155504.4375,0.0071,999.0,186.0,813.0,627.0,19798.0,29801.798,2950378.0,119488.0,64972.9495,6432322.0,221434.0,119671.6566,11847494.0,285288.0,152730.3232,15120302.0,332868.0,170455.7778,16875122.0,2015,2020,15120302.0,16875122.0,1754820.0
386,G143011,太原武宿综合保税区,山西省,太原武宿,国务院,海关特殊监管区域,2012.08,294.0,加工贸易、保税物流、保税服务,112.610077,37.74305,112.603845,37.742557,山西省太原市小店区太原武宿综合保税区,住宅区,ok,443.586,27.5644,51.8601,389521.3994,0.1294,368.0,132.0,236.0,104.0,164030.0,72052.6346,7493474.0,197493.0,94728.7404,9851789.0,268758.0,131847.4808,13712138.0,307544.0,155459.2981,16167767.0,312608.0,174352.3269,18132642.0,2010,2015,13712138.0,16167767.0,2455629.0
387,G153012,内蒙古呼和浩特出口加工区,内蒙古自治区,呼和浩特,国务院,海关特殊监管区域,2002.06,221.0,光伏、光通讯,111.527645,40.775591,111.520892,40.774282,内蒙古自治区呼和浩特市土默特左旗呼和浩特出口加工区,村庄,ok,563.018,6.2963,11.1363,97854.5638,0.31,77.0,26.0,51.0,25.0,58875.0,19055.1068,1962676.0,108968.0,47123.0485,4853674.0,196373.0,104105.3495,10722851.0,243099.0,135504.068,13956919.0,248881.0,151400.8544,15594288.0,2000,2010,4853674.0,10722851.0,5869177.0
388,G153013,内蒙古鄂尔多斯综合保税区,内蒙古自治区,鄂尔多斯,国务院,海关特殊监管区域,2017.02,121.0,在建,109.886962,39.543508,109.881463,39.542666,内蒙古自治区鄂尔多斯市伊金霍洛旗鄂尔多斯综合保税区,住宅区,ok,670.601,3.3239,1.9998,23727.8203,0.0002,5.0,5.0,0.0,-5.0,926.0,500.3962,53042.0,926.0,516.217,54719.0,1152.0,2759.9717,292557.0,1726.0,4590.3019,486572.0,4593.0,5955.5849,631292.0,2015,2020,486572.0,631292.0,144720.0
389,G153014,满洲里综合保税区,内蒙古自治区,满洲里,国务院,海关特殊监管区域,2015.03,144.0,物流、保税仓储、保税加工,117.379015,49.620586,117.370712,49.618628,内蒙古自治区呼伦贝尔市满洲里市满洲里综合保税区,住宅区,ok,1011.208,7.4309,4.0326,28014.5632,0.0114,0.0,0.0,0.0,0.0,8684.0,7727.7885,803690.0,9211.0,10417.0769,1083376.0,20148.0,14936.8654,1553434.0,25767.0,17240.5769,1793020.0,28968.0,18487.4808,1922698.0,2015,2020,1793020.0,1922698.0,129678.0
390,G213015,沈阳综合保税区,辽宁省,沈阳,国务院,海关特殊监管区域,2011.09,619.82,物流、加工,123.477412,41.653881,123.471412,41.651567,辽宁省沈阳市浑南区沈阳综合保税区,住宅区,ok,152.975,,19.2525,143238.46,0.0201,395.0,66.0,329.0,263.0,474.0,18824.9029,1938965.0,474.0,28189.9709,2903567.0,11631.0,57401.2913,5912333.0,27486.0,81822.5825,8427726.0,100885.0,111443.1165,11478641.0,2010,2015,5912333.0,8427726.0,2515393.0
391,G213016,大连保税区,辽宁省,大连,国务院,海关特殊监管区域,1992.05,125.0,国际贸易、加工贸易、物流仓储,121.804208,39.053605,121.799143,39.05261,辽宁省大连市金州区大连保税区,住宅区,ok,3.011,48.421,34.2352,287507.1287,0.783,1416.0,0.0,1416.0,1416.0,122517.0,52473.9417,5404816.0,401340.0,139452.233,14363580.0,401340.0,179497.699,18488263.0,401894.0,202714.4951,20879593.0,404658.0,214040.7767,22046200.0,1990,2000,5404816.0,14363580.0,8958764.0
392,G213017,辽宁大连出口加工区,辽宁省,大连,国务院,海关特殊监管区域,2000.04,295.0,加工贸易、半导体,121.8121,39.051544,121.807056,39.050564,辽宁省大连市金州区大连出口加工区(鑫汇路),住宅区,ok,2.339,49.5324,33.55,277961.925,0.6465,1467.0,0.0,1467.0,1467.0,219022.0,50802.4242,5029440.0,400969.0,134773.3434,13342561.0,403904.0,177933.5556,17615422.0,405223.0,203257.5758,20122500.0,405948.0,215010.5051,21286040.0,2000,2010,13342561.0,17615422.0,4272861.0
393,G213018,大连大窑湾保税港区,辽宁省,大连大窑湾,国务院,海关特殊监管区域,2006.08,688.0,物流仓储,121.866027,39.003601,121.861131,39.002744,辽宁省大连市金州区大窑湾保税港区,住宅区,ok,0.239,,21.5358,90450.2809,1.5277,4696.0,2242.0,2454.0,212.0,7697.0,17995.1346,1871494.0,246406.0,53827.1058,5598019.0,308234.0,86790.9231,9026256.0,339375.0,106608.0288,11087235.0,348546.0,113200.7404,11772877.0,2000,2010,5598019.0,9026256.0,3428237.0
394,G213019,营口综合保税区,辽宁省,营口,国务院,海关特殊监管区域,2017.12,185.0,在建,122.164769,40.605114,122.159452,40.603486,辽宁省营口市西市区营口综合保税区,住宅区,ok,0.484,,15.3001,13571.1853,0.057,54.0,54.0,0.0,-54.0,481.0,2672.1942,275236.0,3696.0,6158.0291,634277.0,33881.0,24574.2136,2531144.0,51212.0,38177.2136,3932253.0,68946.0,51266.466,5280446.0,2015,2020,3932253.0,5280446.0,1348193.0
395,G223020,长春兴隆综合保税区,吉林省,长春兴隆,国务院,海关特殊监管区域,2011.12,489.0,高端制造、物流、保税展示,125.474811,43.963684,125.468296,43.961325,吉林省长春市宽城区综合保税区,住宅区,ok,474.87,30.1151,14.9885,157244.5578,0.1164,1444.0,289.0,1155.0,866.0,78458.0,20295.5686,2070148.0,82856.0,34090.8137,3477263.0,86462.0,69164.7745,7054807.0,89337.0,94293.3137,9617918.0,96499.0,119222.0,12160644.0,2010,2015,7054807.0,9617918.0,2563111.0
396,G223021,吉林珲春出口加工区,吉林省,珲春,国务院,海关特殊监管区域,2000.04,244.0,木制品加工、建材、水产品加工,130.365829,42.862551,130.358658,42.859894,吉林省延边朝鲜族自治州珲春市,区县,ok,630.234,54.9674,21.5494,172653.4471,0.6456,616.0,0.0,616.0,616.0,279217.0,50444.5922,5195793.0,300043.0,85046.7087,8759811.0,301581.0,104032.2136,10715318.0,303805.0,116398.5825,11989054.0,311825.0,134259.5922,13828738.0,2000,2010,8759811.0,10715318.0,1955507.0
397,G233022,哈尔滨综合保税区,黑龙江省,哈尔滨,国务院,海关特殊监管区域,2016.03,329.0,在建,126.780917,45.695506,126.774738,45.693407,黑龙江省哈尔滨市香坊区哈尔滨综合保税区,住宅区,ok,691.144,27.7625,29.2939,209451.1723,0.2653,878.0,259.0,619.0,360.0,38624.0,65767.4206,7037114.0,52332.0,92146.6636,9859693.0,91149.0,120274.4673,12869368.0,112912.0,136018.9813,14554031.0,141952.0,145984.1028,15620299.0,2015,2020,14554031.0,15620299.0,1066268.0
398,G233023,黑龙江绥芬河综合保税区,黑龙江省,绥芬河,国务院,海关特殊监管区域,2009.04,180.0,进出口贸易、进出口加工、物流仓储,131.115311,44.403064,131.107581,44.400682,黑龙江省牡丹江市绥芬河市绥芬河综合保税区,住宅区,ok,777.206,10.9351,8.8079,92659.0305,24.8514,2505.0,1541.0,964.0,-577.0,291.0,17613.13,1761313.0,4105.0,30518.3,3051830.0,97870.0,47885.38,4788538.0,162915.0,57762.37,5776237.0,184111.0,62137.65,6213765.0,2000,2010,3051830.0,4788538.0,1736708.0
399,G313024,上海漕河泾出口加工区,上海市,漕河泾,国务院,海关特殊监管区域,1992.08,300.0,电子信息、物流、维修检测,121.15114,31.18713,121.146579,31.189042,上海市青浦区青浦出口加工区(公交站),公交地铁站点,ok,38.123,45.642,49.7621,338332.2188,0.1428,145.0,0.0,145.0,145.0,5886.0,23895.5192,2485134.0,43534.0,59380.8942,6175613.0,103926.0,129376.5288,13455159.0,152022.0,170134.4615,17693984.0,188852.0,183703.1346,19105126.0,1990,2000,2485134.0,6175613.0,3690479.0
400,G313025,上海嘉定出口加工区,上海市,嘉定,国务院,海关特殊监管区域,2005.06,300.0,制造、物流、汽车及零部件,121.15114,31.18713,121.146579,31.189042,上海市青浦区青浦出口加工区(公交站),公交地铁站点,ok,38.123,45.642,49.7621,338332.2188,0.1428,145.0,2.0,143.0,141.0,5886.0,23895.5192,2485134.0,43534.0,59380.8942,6175613.0,103926.0,129376.5288,13455159.0,152022.0,170134.4615,17693984.0,188852.0,183703.1346,19105126.0,2000,2010,6175613.0,13455159.0,7279546.0
401,G313026,上海外高桥保税区,上海市,外高桥,国务院,海关特殊监管区域,1990.06,1103.0,出口加工、物流仓储、保税商品展示交易,121.604001,31.317858,121.599793,31.320023,上海市浦东新区外高桥保税区(公交站),公交地铁站点,ok,2.784,110.3585,97.5433,838872.4514,0.0518,73.0,0.0,73.0,73.0,29833.0,94647.0577,9843294.0,162811.0,182934.2115,19025158.0,188601.0,221813.5192,23068606.0,199350.0,242054.5192,25173670.0,201512.0,251064.0192,26110658.0,1990,2000,9843294.0,19025158.0,9181864.0
402,G313027,上海金桥出口加工区南区,上海市,金桥,国务院,海关特殊监管区域,2001.09,280.0,新能源汽车、工业互联网、机器人,121.678571,31.224962,121.674269,31.227062,上海市浦东新区上海金桥出口加工区南区,住宅区,ok,7.782,74.0754,66.1685,619138.4643,0.0658,0.0,0.0,0.0,0.0,8149.0,54989.0095,5773846.0,21898.0,130655.0667,13718782.0,72715.0,192683.9333,20231813.0,125863.0,224121.5714,23532765.0,194818.0,233217.8381,24487873.0,2000,2010,13718782.0,20231813.0,6513031.0
403,G313028,上海外高桥保税物流园区,上海市,外高桥,国务院,海关特殊监管区域,2003.12,103.0,物流、贸易,121.557037,31.369857,121.552774,31.371968,上海市浦东新区上海外高桥保税物流园区,兴趣点,ok,0.842,91.5372,86.1658,439273.4813,0.065,20.0,0.0,20.0,20.0,156979.0,77403.2233,7972532.0,247792.0,122001.1456,12566118.0,284006.0,137632.7476,14176173.0,303309.0,145429.6699,14979256.0,328108.0,149812.2233,15430659.0,2000,2010,12566118.0,14176173.0,1610055.0
404,G313029,洋山保税港区,上海市,洋山,国务院,海关特殊监管区域,2005.07,1416.0,物流、贸易、装备制造,121.883428,30.877298,121.879334,30.879686,上海市浦东新区洋山保税港区,住宅区,ok,2.627,64.4189,37.3912,145975.125,0.1256,178.0,3.0,175.0,172.0,0.0,4500.5577,468058.0,2926.0,10341.2404,1075489.0,92351.0,49378.6635,5135381.0,138166.0,75211.6827,7822015.0,170083.0,89630.7115,9321594.0,2000,2010,1075489.0,5135381.0,4059892.0
405,G313030,上海浦东机场综合保税区,上海市,浦东机场,国务院,海关特殊监管区域,2009.11,359.0,物流、贸易,121.7809,31.133416,121.776562,31.135497,上海市浦东新区上海浦东机场综合保税区,住宅区,ok,5.346,44.915,45.4418,341949.5704,0.0396,5.0,0.0,5.0,5.0,4506.0,25842.3301,2661760.0,22484.0,58042.4563,5978373.0,92195.0,97523.165,10044886.0,134621.0,118073.4175,12161562.0,168817.0,127497.3107,13132223.0,2000,2010,5978373.0,10044886.0,4066513.0
406,G313031,上海松江出口加工区及B区,上海市,松江,国务院,海关特殊监管区域,2000.04/2002.12,596.0,电子信息、仓储物流、贸易,121.445523,31.224246,121.440922,31.226125,上海市静安区B区(久光百货),兴趣点,ok,18.628,445.4663,347.4148,3711779.7513,0.0789,0.0,0.0,0.0,0.0,367733.0,329830.2762,34632179.0,368583.0,336236.6762,35304851.0,368867.0,337733.2286,35461989.0,369189.0,339290.4,35625492.0,370235.0,344105.0571,36131031.0,2000,2010,35304851.0,35461989.0,157138.0
407,G313032,上海青浦出口加工区,上海市,青浦,国务院,海关特殊监管区域,2003.03,300.0,电子信息、新材料、装备制造,121.152744,31.188104,121.148186,31.190019,上海市青浦区上海青浦出口加工区,住宅区,ok,37.941,,48.9245,327598.5425,0.1499,145.0,0.0,145.0,145.0,5886.0,24018.9423,2497970.0,43534.0,58603.375,6094751.0,103926.0,126000.2212,13104023.0,152022.0,165160.9519,17176739.0,188852.0,178057.3462,18517964.0,2000,2010,6094751.0,13104023.0,7009272.0
408,G313033,上海闵行出口加工区,上海市,闵行,国务院,海关特殊监管区域,2003.03,300.0,物流、电子信息、装备制造,121.15114,31.18713,121.146579,31.189042,上海市青浦区青浦出口加工区(公交站),公交地铁站点,ok,38.123,45.642,49.7621,338332.2188,0.1428,145.0,0.0,145.0,145.0,5886.0,23895.5192,2485134.0,43534.0,59380.8942,6175613.0,103926.0,129376.5288,13455159.0,152022.0,170134.4615,17693984.0,188852.0,183703.1346,19105126.0,2000,2010,6175613.0,13455159.0,7279546.0
409,G323034,南京综合保税区龙潭片及江宁片,江苏省,南京,国务院,海关特殊监管区域,2012.09,503.0,物流、保税展示交易、电子信息,118.83951,31.953195,118.834422,31.955322,江苏省南京市江宁区,区县,ok,77.623,49.0425,40.0551,413568.9664,0.0758,36.0,16.0,20.0,4.0,141887.0,53107.62,5310762.0,297998.0,123488.67,12348867.0,302035.0,189864.37,18986437.0,304884.0,228739.31,22873931.0,311063.0,245357.5,24535750.0,2010,2015,18986437.0,22873931.0,3887494.0
410,G323035,无锡高新区综合保税区,江苏省,无锡,国务院,海关特殊监管区域,2012.04,349.7,集成电路、电子、精密设备,120.4021,31.534469,120.397401,31.53623,江苏省无锡市新吴区无锡高新区综合保税区,住宅区,ok,44.341,53.7863,46.1203,460649.0998,0.0722,599.0,11.0,588.0,577.0,10168.0,30932.97,3093297.0,31459.0,77710.02,7771002.0,107838.0,177111.06,17711106.0,149538.0,236121.22,23612122.0,169233.0,255492.62,25549262.0,2010,2015,17711106.0,23612122.0,5901016.0
411,G323036,江阴综合保税区,江苏省,江阴,国务院,海关特殊监管区域,2016.01,360.0,在建,120.172106,31.90276,120.167321,31.904646,江苏省无锡市江阴市江阴综合保税区,住宅区,ok,0.156,17.8749,26.0557,151045.0491,0.0691,199.0,2.0,197.0,195.0,5776.0,26788.4757,2759213.0,17906.0,52863.3981,5444930.0,106534.0,103615.7184,10672419.0,161459.0,134687.4951,13872812.0,190616.0,144458.5049,14879226.0,2015,2020,13872812.0,14879226.0,1006414.0
412,G323037,徐州综合保税区,江苏省,徐州,国务院,海关特殊监管区域,2017.12,190.0,在建,117.323668,34.305293,117.317812,34.306478,江苏省徐州市贾汪区徐州综合保税区,住宅区,ok,178.18,10.9974,12.7153,136028.449,0.176,157.0,48.0,109.0,61.0,33449.0,60736.767,6255887.0,39719.0,77930.2039,8026811.0,106809.0,120309.1748,12391845.0,136998.0,146737.6602,15113979.0,153405.0,170680.5825,17580100.0,2015,2020,15113979.0,17580100.0,2466121.0
413,G323038,江苏常州综合保税区,江苏省,常州,国务院,海关特殊监管区域,2015.01,166.0,精密机械、新能源、新材料,119.99386,31.88812,119.989053,31.890118,江苏省常州市新北区常州综合保税区,住宅区,ok,6.872,20.778,25.6254,177788.8213,0.1134,890.0,0.0,890.0,890.0,30319.0,26883.61,2688361.0,43293.0,56988.2,5698820.0,76734.0,113096.65,11309665.0,103089.0,145343.29,14534329.0,117218.0,157812.52,15781252.0,2015,2020,14534329.0,15781252.0,1246923.0
414,G323039,江苏武进综合保税区,江苏省,武进,国务院,海关特殊监管区域,2015.01,115.0,电子信息、新光源、新材料,119.92415,31.645802,119.919485,31.647925,江苏省常州市武进区武进综合保税区,住宅区,ok,34.524,28.0491,23.1418,224613.8265,0.2886,534.0,16.0,518.0,502.0,9646.0,25384.5905,2665382.0,20961.0,47729.2095,5011567.0,144494.0,102964.7524,10811299.0,226593.0,136857.3048,14370017.0,298723.0,157716.819,16560266.0,2015,2020,14370017.0,16560266.0,2190249.0
415,G323040,苏州高新技术产业开发区综合保税区,江苏省,苏州,国务院,海关特殊监管区域,2010.08,351.0,电子信息、物流配送、电商,120.826932,31.593304,120.822647,31.595331,江苏省苏州市常熟市高新技术产业开发区常熟综合保税区(公交站),公交地铁站点,ok,19.819,32.1694,28.1614,202001.4037,0.4681,845.0,3.0,842.0,839.0,3834.0,17007.2788,1768757.0,11383.0,34942.1442,3633983.0,95131.0,105878.9615,11011412.0,164198.0,150023.5096,15602445.0,248943.0,169327.9519,17610107.0,2010,2015,11011412.0,15602445.0,4591033.0
416,G323041,苏州工业园综合保税区,江苏省,苏州,国务院,海关特殊监管区域,2006.12,528.0,电子、机械、新材料、贸易物流,120.73295,31.339447,120.728586,31.341438,江苏省苏州市吴中区苏州工业园综合保税区,住宅区,ok,49.364,78.6464,39.1665,378191.9478,0.1194,132.0,0.0,132.0,132.0,15141.0,13386.7426,1352061.0,61488.0,33153.7426,3348528.0,217455.0,107760.4851,10883809.0,284177.0,153128.1287,15465941.0,287910.0,171026.0,17273626.0,2000,2010,3348528.0,10883809.0,7535281.0
417,G323042,吴中综合保税区,江苏省,吴中,国务院,海关特殊监管区域,2015.01,300.0,加工贸易、保税物流,120.721998,31.224875,120.717654,31.226922,江苏省苏州市吴中区吴中综合保税区,住宅区,ok,61.955,52.3592,26.3877,147296.0923,0.2025,287.0,2.0,285.0,283.0,4996.0,10059.8365,1046223.0,13672.0,19180.4231,1994764.0,64639.0,57404.3846,5970056.0,111271.0,82497.2019,8579709.0,132312.0,94201.0385,9796908.0,2015,2020,8579709.0,9796908.0,1217199.0
418,G323043,江苏吴江综合保税区,江苏省,吴江,国务院,海关特殊监管区域,2015.01,100.0,电子信息、精密机械、保税物流,120.680077,31.100616,120.675814,31.102792,江苏省苏州市吴江区吴江综合保税区,住宅区,ok,67.8,,17.9035,130802.7001,0.5177,848.0,82.0,766.0,684.0,4054.0,5611.0303,555492.0,14062.0,12226.7475,1210448.0,121697.0,54790.5051,5424260.0,184476.0,84837.2525,8398888.0,211831.0,99921.7071,9892249.0,2015,2020,8398888.0,9892249.0,1493361.0
419,G323044,江苏常熟综合保税区A区、B区,江苏省,常熟,国务院,海关特殊监管区域,2015.01,94.0,保税加工、保税物流,120.97011,31.742096,120.96579,31.744122,江苏省苏州市常熟市常熟综合保税区A区,住宅区,ok,1.099,18.0557,21.4324,128529.8365,0.0951,297.0,5.0,292.0,287.0,8659.0,21801.8416,2201986.0,15690.0,48397.604,4888158.0,114730.0,94388.0297,9533191.0,170036.0,121265.9703,12247863.0,206341.0,134043.7327,13538417.0,2015,2020,12247863.0,13538417.0,1290554.0
420,G323045,张家港保税港区保税区,江苏省,张家港,国务院,海关特殊监管区域,2008.11,410.0,精细化工、新材料、商贸物流,120.451373,31.964961,120.446724,31.966819,江苏省苏州市张家港市张家港保税港区保税区,住宅区,ok,1.346,44.7125,27.0327,190174.6975,0.1318,221.0,0.0,221.0,221.0,30413.0,40203.2424,3980121.0,233840.0,87461.4747,8658686.0,337319.0,152303.4242,15078039.0,379576.0,187412.1616,18553804.0,383890.0,198901.0404,19691203.0,2000,2010,8658686.0,15078039.0,6419353.0
421,G323046,昆山综合保税区,江苏省,昆山,国务院,海关特殊监管区域,2009.12,586.0,电子信息、光电、精密机械,121.004269,31.325496,120.999862,31.32747,江苏省苏州市昆山市昆山综合保税区,住宅区,ok,36.658,31.5088,31.4331,308799.0759,0.1145,382.0,3.0,379.0,376.0,4497.0,12690.13,1269013.0,11819.0,53226.39,5322639.0,62661.0,132882.87,13288287.0,119184.0,182859.46,18285946.0,135021.0,198202.04,19820204.0,2000,2010,5322639.0,13288287.0,7965648.0
422,G323047,太仓港综合保税区,江苏省,太仓港,国务院,海关特殊监管区域,2013.05,207.0,物流贸易,121.216313,31.627115,121.211834,31.629023,江苏省苏州市太仓市太仓港综合保税区,住宅区,ok,0.121,38.4407,24.149,91283.2866,0.0685,86.0,0.0,86.0,86.0,6715.0,5459.5294,556872.0,12602.0,12977.8529,1323741.0,164425.0,48851.7941,4982883.0,253899.0,72912.0882,7437033.0,305366.0,82205.2549,8384936.0,2010,2015,4982883.0,7437033.0,2454150.0
423,G323048,南通综合保税区,江苏省,南通,国务院,海关特殊监管区域,2013.01,529.0,生物医药、电子信息、精密机械,121.029832,31.821888,121.025292,31.823752,江苏省南通市崇川区南通综合保税区,住宅区,ok,0.422,9.606,8.848,28428.711,0.2546,720.0,8.0,712.0,704.0,2505.0,4561.78,456178.0,5484.0,8035.88,803588.0,92529.0,25484.1,2548410.0,154648.0,37315.69,3731569.0,227544.0,47303.13,4730313.0,2010,2015,2548410.0,3731569.0,1183159.0
424,G323049,江苏连云港出口加工区,江苏省,连云港,国务院,海关特殊监管区域,2003.03,297.0,机电、食品、家具,119.335985,34.700774,119.330341,34.70162,江苏省连云港市连云区出口加工区(公交站),公交地铁站点,ok,6.169,18.0773,14.8098,147535.1365,3.4625,1178.0,599.0,579.0,-20.0,56943.0,53583.1068,5519060.0,70100.0,67926.4854,6996428.0,71870.0,88000.8738,9064090.0,74908.0,101293.3786,10433218.0,85975.0,113266.0971,11666408.0,2000,2010,6996428.0,9064090.0,2067662.0
425,G323050,淮安综合保税区,江苏省,淮安,国务院,海关特殊监管区域,2012.07,492.0,电子信息、高档色纺、商贸物流,119.167114,33.595518,119.161578,33.596858,江苏省淮安市清江浦区综合保税区,住宅区,ok,113.208,19.3367,20.732,200395.4174,0.1607,1119.0,13.0,1106.0,1093.0,9613.0,29078.951,2966053.0,30370.0,50255.0294,5126013.0,90221.0,88240.0196,9000482.0,130297.0,110261.7157,11246695.0,193604.0,125299.7549,12780575.0,2010,2015,9000482.0,11246695.0,2246213.0
426,G323051,盐城综合保税区,江苏省,盐城,国务院,海关特殊监管区域,2012.06,228.0,汽车零部件、光电、电子,120.22917,33.35239,120.224401,33.353926,江苏省盐城市亭湖区盐城综合保税区,住宅区,ok,38.155,13.0348,16.4472,142071.2042,0.0714,69.0,1.0,68.0,67.0,177.0,12029.4455,1214974.0,527.0,29326.6436,2961991.0,72366.0,108718.1584,10980534.0,140763.0,157059.0495,15862964.0,214152.0,176570.0,17833570.0,2010,2015,10980534.0,15862964.0,4882430.0
427,G323052,扬州综合保税区,江苏省,扬州,国务院,海关特殊监管区域,2016.01,220.0,新光源、新能源、保税物流,119.434641,32.434165,119.429189,32.436062,江苏省扬州市邗江区综合村,村庄,ok,19.504,17.4613,29.0134,305191.4383,0.1518,36.0,7.0,29.0,22.0,89557.0,123090.0891,12432099.0,128497.0,150975.7822,15248554.0,153767.0,193318.7327,19525192.0,164742.0,214907.9406,21705702.0,169397.0,223949.3663,22618886.0,2015,2020,21705702.0,22618886.0,913184.0
428,G323053,镇江综合保税区,江苏省,镇江,国务院,海关特殊监管区域,2015.01,253.0,电子信息、新材料、保税物流,119.424441,32.188141,119.418994,32.190018,江苏省镇江市,市,ok,17.655,73.4948,46.302,456491.5404,2.2555,342.0,144.0,198.0,54.0,173430.0,96864.2136,9977014.0,215660.0,115336.1845,11879627.0,258692.0,145474.6602,14983890.0,279142.0,161985.466,16684503.0,281558.0,167463.6699,17248758.0,2015,2020,16684503.0,17248758.0,564255.0
429,G323054,泰州综合保税区,江苏省,泰州,国务院,海关特殊监管区域,2015.05,176.0,装备制造、电子信息、汽车零配件,119.872486,32.435797,119.867698,32.438015,江苏省泰州市海陵区泰州综合保税区,住宅区,ok,14.546,21.5245,16.5527,173273.8568,0.186,47.0,5.0,42.0,37.0,3812.0,42305.5784,4315169.0,23343.0,77082.3137,7862396.0,62558.0,125495.9804,12800590.0,93855.0,154199.5098,15728350.0,124898.0,166584.7157,16991641.0,2015,2020,15728350.0,16991641.0,1263291.0
430,G333055,浙江杭州出口加工区,浙江省,杭州,国务院,海关特殊监管区域,2000.04,292.0,电子信息、汽车配件、跨境电商,120.209903,30.246566,120.205366,30.248993,浙江省杭州市,市,ok,0.246,158.3297,106.2903,906656.304,0.4521,35.0,0.0,35.0,35.0,72707.0,122401.9216,12484996.0,131115.0,155640.5784,15875339.0,171106.0,178248.7843,18181376.0,193473.0,190409.6471,19421784.0,205354.0,198605.6961,20257781.0,2000,2010,15875339.0,18181376.0,2306037.0
431,G333056,宁波保税区,浙江省,宁波,国务院,海关特殊监管区域,1992.11,230.0,贸易、电子信息、加工制造,121.834909,29.925219,121.830792,29.927768,浙江省宁波市北仑区保税区,住宅区,ok,1.968,61.7351,39.6722,281950.5155,0.4441,96.0,0.0,96.0,96.0,54112.0,37637.2115,3914270.0,336144.0,105919.8269,11015662.0,368424.0,158202.3942,16453049.0,381336.0,186145.7212,19359155.0,381336.0,192583.7788,20028713.0,1990,2000,3914270.0,11015662.0,7101392.0
432,G333057,浙江宁波出口加工区,浙江省,宁波,国务院,海关特殊监管区域,2002.06,300.0,信息家电、集成电路、精密机械,121.773308,29.896147,121.769061,29.898601,浙江省宁波市北仑区出口加工区(公交站),公交地铁站点,ok,7.47,26.3871,19.976,203674.8945,10.8145,1022.0,7.0,1015.0,1008.0,8663.0,20821.7019,2165457.0,36233.0,58066.3942,6038905.0,177355.0,110116.7404,11452141.0,271458.0,140595.6058,14621943.0,292431.0,151967.7788,15804649.0,2000,2010,6038905.0,11452141.0,5413236.0
433,G333058,宁波梅山保税港区,浙江省,宁波梅山,国务院,海关特殊监管区域,2008.02,770.0,国际贸易服务、出口加工、保税仓储,121.993822,29.766283,121.989675,29.768754,浙江省宁波市北仑区宁波梅山保税港区,兴趣点,ok,5.17,14.2883,13.2407,15120.9205,1.394,290.0,0.0,290.0,290.0,10683.0,8159.5248,824112.0,13056.0,10106.0099,1020707.0,85935.0,15740.5743,1589798.0,135898.0,19793.6832,1999162.0,156026.0,23714.9901,2395214.0,2000,2010,1020707.0,1589798.0,569091.0
434,G333059,浙江慈溪出口加工区,浙江省,慈溪,国务院,海关特殊监管区域,2005.06,70.0,跨境电商、保税仓储、智能家电,121.326084,30.302047,121.321624,30.304391,浙江省宁波市慈溪市出口加工区(公交站),公交地铁站点,ok,3.467,47.9302,31.9501,121698.0565,0.2507,48.0,0.0,48.0,48.0,778.0,11244.6019,1158194.0,1970.0,22763.6505,2344656.0,55801.0,59248.9417,6102641.0,107704.0,83160.5631,8565538.0,140408.0,95103.7379,9795685.0,2000,2010,2344656.0,6102641.0,3757985.0
435,G333060,嘉兴综合保税区,浙江省,嘉兴,国务院,海关特殊监管区域,2015.01,298.0,电子信息、制冷剂、轴承,121.061222,30.631189,121.056698,30.633384,浙江省嘉兴市平湖市嘉兴综合保税区,兴趣点,ok,5.45,17.06,31.1632,202498.7308,0.7127,105.0,27.0,78.0,51.0,477.0,11713.1667,1194743.0,3729.0,27369.7549,2791715.0,55801.0,78011.0196,7957124.0,127860.0,111878.2941,11411586.0,171140.0,130564.6569,13317595.0,2015,2020,11411586.0,13317595.0,1906009.0
436,G333061,金义综合保税区,浙江省,金义,国务院,海关特殊监管区域,2015.01,179.0,在建,119.850687,29.187098,119.846119,29.189983,浙江省金华市金东区金义综合保税区,住宅区,ok,115.566,,22.8962,76725.1035,1.952,7524.0,2766.0,4758.0,1992.0,6064.0,18380.5769,1911580.0,9013.0,31941.1154,3321876.0,22602.0,56814.6635,5908725.0,38265.0,71520.0096,7438081.0,94207.0,80023.3942,8322433.0,2015,2020,7438081.0,8322433.0,884352.0
437,G333062,舟山港综合保税区,浙江省,舟山港,国务院,海关特殊监管区域,2012.09,585.0,批发和零售、租赁和商务服务、交通运输,122.195847,30.080495,122.191658,30.082879,浙江省舟山市定海区港综合保税区,住宅区,ok,1.838,22.3224,21.3171,55275.2115,10.2311,1410.0,209.0,1201.0,992.0,9416.0,12509.0102,1225883.0,11236.0,17305.2755,1695917.0,52672.0,31075.4184,3045391.0,76502.0,40204.9592,3940086.0,95453.0,48569.8878,4759849.0,2010,2015,3045391.0,3940086.0,894695.0
438,G343063,合肥综合保税区,安徽省,合肥,国务院,海关特殊监管区域,2014.03,260.0,电子信息、装备制造、新材料,117.346036,31.955761,117.340358,31.957669,安徽省合肥市瑶海区合肥综合保税区,住宅区,ok,215.547,19.9138,21.4876,160942.1313,0.2117,1681.0,116.0,1565.0,1449.0,2427.0,12864.0485,1324997.0,3252.0,20792.1262,2141589.0,5659.0,57845.3107,5958067.0,28422.0,83534.9612,8604101.0,145246.0,118188.2524,12173390.0,2010,2015,5958067.0,8604101.0,2646034.0
439,G343064,安徽合肥出口加工区,安徽省,合肥,国务院,海关特殊监管区域,2010.07,142.0,电子信息,117.227267,31.820567,117.221785,31.822566,安徽省合肥市,市,ok,229.06,114.2271,104.2291,1081794.0659,0.3012,248.0,122.0,126.0,4.0,52209.0,130562.0583,13447892.0,135441.0,182184.4078,18764994.0,169138.0,237156.1165,24427080.0,184428.0,266195.7961,27418167.0,193474.0,281012.5049,28944288.0,2010,2015,24427080.0,27418167.0,2991087.0
440,G343065,芜湖综合保税区,安徽省,芜湖,国务院,海关特殊监管区域,2015.09,217.0,电子电器、汽车零部件,118.409371,31.436231,118.403952,31.43804,安徽省芜湖市鸠江区芜湖综合保税区,住宅区,ok,141.542,29.7974,22.6553,196285.7237,0.3013,153.0,24.0,129.0,105.0,12499.0,37088.51,3708851.0,17560.0,64351.35,6435135.0,79073.0,109080.2,10908020.0,110005.0,135104.83,13510483.0,120184.0,145121.37,14512137.0,2015,2020,13510483.0,14512137.0,1001654.0
441,G343066,马鞍山综合保税区,安徽省,马鞍山,国务院,海关特殊监管区域,2016.08,200.1,在建,118.348768,31.657329,118.34337,31.65917,安徽省马鞍山市和县马鞍山综合保税区,住宅区,ok,133.467,9.6283,8.3318,58655.7008,0.1736,29.0,21.0,8.0,-13.0,3369.0,19505.33,1950533.0,7517.0,27569.72,2756972.0,12133.0,36901.42,3690142.0,22986.0,43414.14,4341414.0,71259.0,53436.42,5343642.0,2015,2020,4341414.0,5343642.0,1002228.0
442,G353067,福建福州保税区,福建省,福州,国务院,海关特殊监管区域,1992.11,60.0,仓储物流、国际贸易、先进制造,119.476425,26.003871,119.47164,26.006892,福建省福州市马尾区福州保税区,住宅区,ok,0.636,99.5092,57.8681,181763.7576,14.6711,2707.0,0.0,2707.0,2707.0,298331.0,35183.5,3447983.0,318031.0,49788.3061,4879254.0,323561.0,57077.6633,5593611.0,326872.0,61076.1531,5985463.0,332365.0,64246.6429,6296171.0,1990,2000,3447983.0,4879254.0,1431271.0
443,G353068,福建福州出口加工区,福建省,福州,国务院,海关特殊监管区域,2005.06,114.0,保税物流、出口加工、跨境电商,119.265688,25.496874,119.260965,25.499684,福建省福州市福清市福清出口加工区(公交站),公交地铁站点,ok,0.8,22.0118,22.3725,62531.0085,6.1657,6365.0,292.0,6073.0,5781.0,652.0,16009.98,1600998.0,1007.0,27239.66,2723966.0,10932.0,32510.51,3251051.0,20620.0,35922.35,3592235.0,27141.0,40349.52,4034952.0,2000,2010,2723966.0,3251051.0,527085.0
444,G353069,福州保税港区,福建省,福州,国务院,海关特殊监管区域,2010.05,926.0,整车进口、保税仓储、先进制造,119.295139,25.433374,119.290389,25.436136,福建省福州市福清市保税港区,住宅区,ok,0.1,38.5401,26.9053,73908.7336,0.0805,107.0,30.0,77.0,47.0,51202.0,17158.1359,1767288.0,84308.0,31258.2039,3219595.0,88343.0,36815.5534,3792002.0,92833.0,40710.3689,4193168.0,107733.0,47210.6699,4862699.0,2010,2015,3792002.0,4193168.0,401166.0
445,G353070,厦门海沧保税港区,福建省,厦门海沧,国务院,海关特殊监管区域,2008.06,950.92,航运物流、保税物流、加工制造,118.037742,24.443691,118.032827,24.446409,福建省厦门市海沧区厦门海沧保税港区,村庄,ok,1.127,94.8241,105.1811,304394.0951,0.3444,279.0,58.0,221.0,163.0,100556.0,42067.2524,4332927.0,239727.0,69848.466,7194392.0,258551.0,81261.0291,8369886.0,277959.0,89710.1456,9240145.0,333866.0,103010.9515,10610128.0,2000,2010,7194392.0,8369886.0,1175494.0
446,G353071,厦门象屿保税区,福建省,厦门象屿,国务院,海关特殊监管区域,1992.10,60.0,物流贸易,118.095467,24.518212,118.090488,24.520863,福建省厦门市湖里区象屿保税区(公交站),公交地铁站点,ok,0.964,247.0412,182.8896,1013939.9759,1.0962,537.0,0.0,537.0,537.0,242357.0,100940.07,10094007.0,387331.0,143439.06,14343906.0,387331.0,155154.19,15515419.0,387647.0,162654.38,16265438.0,389228.0,170535.09,17053509.0,1990,2000,10094007.0,14343906.0,4249899.0
447,G353072,厦门象屿保税物流园区,福建省,厦门象屿,国务院,海关特殊监管区域,2004.08,26.0,仓储物流,118.092318,24.507274,118.087339,24.509924,福建省厦门市湖里区象屿厦门保税物流园区,住宅区,ok,1.215,241.0977,189.2378,1155296.7776,1.1335,563.0,3.0,560.0,557.0,170649.0,118731.57,11873157.0,285122.0,160790.87,16079087.0,288425.0,171531.23,17153123.0,292343.0,178511.57,17851157.0,305299.0,185965.7,18596570.0,2000,2010,16079087.0,17153123.0,1074036.0
448,G353073,福建泉州综合保税区,福建省,泉州,国务院,海关特殊监管区域,2016.01,204.72,金属加工、航空维修、新材料,118.505421,24.854343,118.500783,24.857185,福建省泉州市晋江市泉州综合保税区,住宅区,ok,7.84,17.3016,35.3046,213345.8714,3.2211,5547.0,1994.0,3553.0,1559.0,1252.0,74500.3564,7524536.0,5853.0,107384.5743,10845842.0,38781.0,123740.5248,12497793.0,67248.0,133501.4257,13483644.0,104051.0,144869.7624,14631846.0,2015,2020,13483644.0,14631846.0,1148202.0
449,G363074,南昌综合保税区,江西省,南昌,国务院,海关特殊监管区域,2016.02,200.0,电子通讯、商贸物流、生物医药,115.968371,28.703618,115.963452,28.706878,江西省南昌市青山湖区南昌综合保税区,住宅区,ok,419.87,,80.0931,642506.4628,0.0714,35.0,10.0,25.0,15.0,15670.0,71937.233,7409535.0,51641.0,110853.2233,11417882.0,121573.0,151321.932,15586159.0,156729.0,174757.165,17999988.0,169615.0,182369.0388,18784011.0,2015,2020,17999988.0,18784011.0,784023.0
450,G363075,江西九江出口加工区,江西省,九江,国务院,海关特殊监管区域,2005.06,281.0,电子电器,115.95356,29.66116,115.948599,29.663841,江西省九江市,市,ok,409.666,24.1966,42.4769,272914.0766,6.2458,7573.0,629.0,6944.0,6315.0,336.0,38851.3107,4001685.0,374.0,61568.7282,6341579.0,65326.0,92870.2233,9565633.0,126962.0,110998.7184,11432868.0,184763.0,119775.2427,12336850.0,2000,2010,6341579.0,9565633.0,3224054.0
451,G363076,江西赣州综合保税区,江西省,赣州,国务院,海关特殊监管区域,2014.01,400.0,在建,114.825731,25.852183,114.820937,25.855308,江西省赣州市章贡区赣州综合保税区,住宅区,ok,318.699,,25.1833,71092.3568,2.1369,1955.0,728.0,1227.0,499.0,6042.0,14791.9423,1538362.0,6291.0,23302.3365,2423443.0,8444.0,47589.5673,4949315.0,15075.0,59887.2981,6228279.0,43965.0,65907.7404,6854405.0,2010,2015,4949315.0,6228279.0,1278964.0
452,G363077,江西井冈山出口加工区,江西省,井冈山,国务院,海关特殊监管区域,2011.03,48.0,电子信息、精密机械、生物制药,114.947015,27.011746,114.942179,27.015246,江西省吉安市吉安县井冈山出口加工区,住宅区,ok,401.696,,31.9686,132094.0522,7.0095,10365.0,4239.0,6126.0,1887.0,11902.0,18827.1313,1863886.0,22173.0,31928.2626,3160898.0,99122.0,54484.9495,5394010.0,154811.0,67681.8586,6700504.0,183509.0,77666.1313,7688947.0,2010,2015,5394010.0,6700504.0,1306494.0
453,G373078,济南综合保税区,山东省,济南,国务院,海关特殊监管区域,2012.05,522.0,电子信息、国际物流贸易、跨境电商,117.213067,36.668816,117.207074,36.668524,山东省济南市历城区济南综合保税区,住宅区,ok,180.428,30.1346,18.6301,192318.4517,0.6607,902.0,35.0,867.0,832.0,13882.0,34670.93,3467093.0,35227.0,48719.96,4871996.0,122216.0,86583.0,8658300.0,190996.0,115956.71,11595671.0,231821.0,157508.79,15750879.0,2010,2015,8658300.0,11595671.0,2937371.0
454,G373079,山东青岛西海岸出口加工区,山东省,青岛西海岸,国务院,海关特殊监管区域,2006.05,200.0,电子信息、纺织、机械装备,120.008704,35.878499,120.003472,35.878428,山东省青岛市黄岛区西海岸,住宅区,ok,4.791,42.78,21.7245,228997.4426,0.0062,0.0,0.0,0.0,0.0,249008.0,57325.3107,5904507.0,342192.0,110262.8641,11357075.0,351519.0,161183.699,16601921.0,355970.0,194755.4369,20059810.0,359534.0,221130.4369,22776435.0,2000,2010,11357075.0,16601921.0,5244846.0
455,G373080,青岛前湾保税港区,山东省,青岛前湾,国务院,海关特殊监管区域,2008.09,912.0,物流、仓储、转口贸易,120.203793,35.989246,120.19871,35.989131,山东省青岛市黄岛区青岛前湾保税港区,住宅区,ok,0.334,39.0572,44.2954,309846.3155,0.0763,52.0,0.0,52.0,52.0,23406.0,40222.6535,4062488.0,59014.0,106349.0693,10741256.0,134376.0,166075.8614,16773662.0,183110.0,202868.7525,20489744.0,200387.0,221280.5347,22349334.0,2000,2010,10741256.0,16773662.0,6032406.0
456,G373081,山东青岛出口加工区,山东省,青岛,国务院,海关特殊监管区域,2003.03,280.0,电子信息、精密机械、新材料,120.382665,36.066938,120.377532,36.066662,山东省青岛市,市,ok,1.688,101.1893,84.3995,569611.8921,0.0408,21.0,4.0,17.0,13.0,359528.0,160318.0,16352436.0,377793.0,187204.3529,19094844.0,380856.0,194274.0882,19815957.0,383935.0,198655.6765,20262879.0,393185.0,205102.4706,20920452.0,2000,2010,19094844.0,19815957.0,721113.0
457,G373082,东营综合保税区,山东省,东营,国务院,海关特殊监管区域,2015.05,310.0,在建,118.924688,38.080452,118.919032,38.079877,山东省东营市河口区东营综合保税区,住宅区,ok,1.595,5.4887,3.494,9856.5999,0.0062,122.0,122.0,0.0,-122.0,4911.0,7528.6931,760398.0,8668.0,9851.9703,995049.0,31970.0,34579.2871,3492508.0,45589.0,49740.7921,5023820.0,60610.0,56811.9505,5738007.0,2015,2020,5023820.0,5738007.0,714187.0
458,G373083,烟台保税港区,山东省,烟台,国务院,海关特殊监管区域,2009.09,621.0,电子信息、物流,121.380637,37.575097,121.375371,37.574068,山东省烟台市芝罘区烟台保税港区,住宅区,ok,0.547,,52.7396,298189.6266,0.1535,133.0,102.0,31.0,-71.0,41309.0,115684.8558,12031225.0,167478.0,138478.3654,14401750.0,222830.0,148569.5577,15451234.0,259398.0,154356.4712,16053073.0,328415.0,159328.2115,16570134.0,2000,2010,14401750.0,15451234.0,1049484.0
459,G373084,潍坊综合保税区,山东省,潍坊,国务院,海关特殊监管区域,2011.01,517.0,电子信息、机械、新材料,119.242809,36.705541,119.237067,36.705209,山东省潍坊市奎文区潍坊综合保税区,住宅区,ok,48.156,11.9386,9.2647,107267.0031,0.0034,219.0,0.0,219.0,219.0,10384.0,25540.52,2554052.0,12015.0,40690.18,4069018.0,44352.0,87467.23,8746723.0,86041.0,118348.3,11834830.0,197249.0,141224.54,14122454.0,2010,2015,8746723.0,11834830.0,3088107.0
460,G373085,威海综合保税区,山东省,威海,国务院,海关特殊监管区域,2016.05,229.0,物流、先进制造、电子信息,122.260497,37.177236,122.255726,37.176516,山东省威海市文登区威海综合保税区,住宅区,ok,19.707,,7.0439,37057.8293,0.8358,315.0,128.0,187.0,59.0,138.0,9480.1176,966972.0,139.0,11758.9314,1199411.0,479.0,15813.8333,1613011.0,2765.0,18209.598,1857379.0,15368.0,19763.5294,2015880.0,2015,2020,1857379.0,2015880.0,158501.0
461,G373086,临沂综合保税区,山东省,临沂,国务院,海关特殊监管区域,2014.08,370.0,新材料、装备制造、国际物流贸易,118.505727,34.986407,118.500222,34.987091,山东省临沂市河东区综合保税区,住宅区,ok,63.241,4.8171,9.7623,63777.0533,0.1555,1073.0,79.0,994.0,915.0,12001.0,22934.3883,2362242.0,13500.0,40613.3981,4183180.0,14393.0,81507.1456,8395236.0,29989.0,108384.7282,11163627.0,102056.0,131246.4272,13518382.0,2010,2015,8395236.0,11163627.0,2768391.0
462,G413087,郑州经开综合保税区,河南省,郑州经开,国务院,海关特殊监管区域,2016.12,320.4,电子信息、跨境贸易、电商,113.767312,34.728194,113.761149,34.729228,河南省郑州市管城回族区郑州经开综合保税区,住宅区,ok,537.806,56.6846,60.2583,561727.4595,0.0313,63.0,11.0,52.0,41.0,80224.0,56676.53,5667653.0,172631.0,110436.86,11043686.0,287859.0,179138.13,17913813.0,338998.0,216253.33,21625333.0,341962.0,232758.46,23275846.0,2015,2020,21625333.0,23275846.0,1650513.0
463,G413088,郑州新郑综合保税区,河南省,郑州新郑,国务院,海关特殊监管区域,2010.10,507.3,电子信息,113.852184,34.557253,113.846259,34.558569,河南省郑州市中牟县郑州新郑综合保税区,住宅区,ok,490.121,28.0319,21.3222,113028.9264,0.1746,615.0,16.0,599.0,583.0,695.0,19016.7549,1939709.0,3417.0,32813.0882,3346935.0,137672.0,63009.6667,6426986.0,233282.0,84871.4216,8656885.0,244893.0,111594.0882,11382597.0,2010,2015,6426986.0,8656885.0,2229899.0
464,G413089,南阳卧龙综合保税区,河南省,南阳卧龙,国务院,海关特殊监管区域,2014.11,303.0,电子信息、装备制造、保税物流,112.528524,32.990313,112.522682,32.992313,河南省南阳市卧龙区,区县,ok,646.059,64.5591,50.701,509342.3718,0.1443,58.0,15.0,43.0,28.0,388999.0,150409.3039,15341749.0,389540.0,221645.451,22607836.0,389540.0,241260.6078,24608582.0,389620.0,252854.3137,25791140.0,390021.0,267718.5882,27307296.0,2010,2015,24608582.0,25791140.0,1182558.0
465,G423090,武汉东湖综合保税区,湖北省,武汉东湖,国务院,海关特殊监管区域,2011.08,541.0,加工贸易、跨境电商、保税物流,114.481837,30.440379,114.476487,30.442832,湖北省武汉市江夏区武汉东湖综合保税区,住宅区,ok,525.483,22.8161,22.5813,182027.7679,0.2995,1709.0,11.0,1698.0,1687.0,527.0,4956.38,495638.0,1075.0,10760.76,1076076.0,103064.0,51919.27,5191927.0,171329.0,79153.85,7915385.0,180072.0,95659.75,9565975.0,2010,2015,5191927.0,7915385.0,2723458.0
466,G423091,武汉新港空港综合保税区,湖北省,武汉新港空港,国务院,海关特殊监管区域,2016.03,405.0,仓储、物流,114.047508,30.625335,114.041792,30.627659,湖北省武汉市东西湖区武汉空港综合保税区,住宅区,ok,556.898,36.834,28.4,226916.3852,0.1179,170.0,95.0,75.0,-20.0,9076.0,18335.2059,1870191.0,12445.0,24515.2843,2500559.0,62031.0,43824.1667,4470065.0,96277.0,57619.1176,5877150.0,135714.0,74516.7843,7600712.0,2015,2020,5877150.0,7600712.0,1723562.0
467,G423092,湖北武汉出口加工区,湖北省,武汉,国务院,海关特殊监管区域,2000.04,130.0,电子电器、汽车零部件、生物医药,114.14723,30.473061,114.141591,30.475426,湖北省武汉市蔡甸区武汉出口加工区,住宅区,ok,553.872,,34.0016,166743.8679,0.0923,559.0,0.0,559.0,559.0,2538.0,9458.8571,926968.0,64421.0,56092.1633,5497032.0,115366.0,91350.2347,8952323.0,138150.0,110881.8878,10866425.0,148256.0,122726.4694,12027194.0,2000,2010,5497032.0,8952323.0,3455291.0
468,G433093,长沙黄花综合保税区,湖南省,长沙黄花,国务院,海关特殊监管区域,2016.05,199.0,保税加工、国际贸易、物流,113.199847,28.194394,113.194105,28.197699,湖南省长沙市长沙县黄花综合保税区,住宅区,ok,560.671,8.9075,11.4827,86832.4959,3.1635,13818.0,6596.0,7222.0,626.0,12095.0,14190.43,1419043.0,25092.0,23457.36,2345736.0,44524.0,51647.18,5164718.0,68738.0,68321.92,6832192.0,150521.0,83414.79,8341479.0,2015,2020,6832192.0,8341479.0,1509287.0
469,G433094,湘潭综合保税区,湖南省,湘潭,国务院,海关特殊监管区域,2013.09,312.0,保税加工、国际贸易、物流,112.908313,27.957397,112.902927,27.960906,湖南省湘潭市雨湖区湘潭综合保税区,住宅区,ok,538.134,,13.3218,117164.8345,3.9699,11735.0,4923.0,6812.0,1889.0,1453.0,9445.6569,963457.0,1589.0,14242.1765,1452702.0,2401.0,39218.8922,4000327.0,19433.0,54781.0882,5587671.0,108638.0,65900.3235,6721833.0,2010,2015,4000327.0,5587671.0,1587344.0
470,G433095,衡阳综合保税区,湖南省,衡阳,国务院,海关特殊监管区域,2012.10,257.0,电子信息,112.607697,26.823894,112.602476,26.827505,湖南省衡阳市雁峰区衡阳综合保税区,住宅区,ok,421.35,19.4363,25.477,173447.5019,2.2731,2480.0,475.0,2005.0,1530.0,739.0,33354.6364,3302109.0,1330.0,51262.8081,5075018.0,65189.0,84093.202,8325227.0,122944.0,102202.5253,10118050.0,140918.0,112679.4242,11155263.0,2010,2015,8325227.0,10118050.0,1792823.0
471,G433096,岳阳城陵矶综合保税区,湖南省,岳阳城陵矶,国务院,海关特殊监管区域,2014.07,298.0,进口产品加工、电子主板,113.22966,29.476202,113.223846,29.47885,湖南省岳阳市云溪区岳阳城陵矶综合保税区,住宅区,ok,701.964,,30.5235,120231.9479,3.5608,11346.0,1790.0,9556.0,7766.0,4517.0,9183.1731,955050.0,6205.0,14751.1923,1534124.0,11622.0,25455.6827,2647391.0,25432.0,32753.9615,3406412.0,84597.0,39552.8942,4113501.0,2010,2015,2647391.0,3406412.0,759021.0
472,G433097,郴州综合保税区,湖南省,郴州,国务院,海关特殊监管区域,2016.12,106.61,有色金属加工、电子信息、装备制造,113.137162,25.817635,113.131496,25.82051,湖南省郴州市苏仙区郴州综合保税区,住宅区,ok,300.575,50.4745,26.9887,94109.4456,14.9186,8188.0,5303.0,2885.0,-2418.0,12404.0,5419.066,574421.0,21986.0,13221.6981,1401500.0,142416.0,36045.566,3820830.0,228388.0,48919.5094,5185468.0,257680.0,55210.5094,5852314.0,2015,2020,5185468.0,5852314.0,666846.0
473,G443098,广州白云机场综合保税区,广东省,广州白云机场,国务院,海关特殊监管区域,2010.07,294.3,仓储物流,113.399524,23.353076,113.393984,23.355498,广东省广州市白云区白云机场综合保税区,住宅区,ok,28.73,36.4728,53.0791,286574.0935,11.3133,6340.0,1656.0,4684.0,3028.0,23316.0,28883.7353,2946141.0,42343.0,62952.7745,6421183.0,77610.0,93715.3922,9558970.0,101800.0,109850.3627,11204737.0,102560.0,114827.7549,11712431.0,2010,2015,9558970.0,11204737.0,1645767.0
474,G443099,广州保税区,广东省,广州,国务院,海关特殊监管区域,1992.05,140.0,国际贸易、保税物流、出口加工,113.535119,23.065057,113.529934,23.067862,广东省广州市黄埔区保税区,村庄,ok,0.211,221.1975,83.9533,591954.9334,0.9171,198.0,0.0,198.0,198.0,212569.0,61362.3229,5890783.0,274224.0,122513.3229,11761279.0,277048.0,157457.9479,15115963.0,278931.0,177139.3438,17005377.0,282688.0,186094.3125,17865054.0,1990,2000,5890783.0,11761279.0,5870496.0
475,G443100,广州出口加工区,广东省,广州,国务院,海关特殊监管区域,2000.04,94.74,汽车、物流,113.534818,23.1101,113.529629,23.112886,广东省广州市黄埔区出口加工区(公交站),公交地铁站点,ok,3.194,97.5045,89.9396,719336.623,3.6854,1817.0,0.0,1817.0,1817.0,84585.0,51421.9417,5296460.0,196387.0,135653.1748,13972277.0,209441.0,178387.4854,18373911.0,215434.0,201292.9223,20733171.0,217113.0,209447.1942,21573061.0,2000,2010,13972277.0,18373911.0,4401634.0
476,G443101,广州保税物流园区,广东省,广州,国务院,海关特殊监管区域,2007.12,50.7,保税物流,113.541528,23.073258,113.536361,23.076076,广东省广州市黄埔区广州保税物流园区(东江大道),住宅区,ok,0.094,134.3396,84.0252,635398.7857,1.1538,246.0,70.0,176.0,106.0,39.0,69495.3776,6810547.0,149354.0,138942.3571,13616351.0,160775.0,172077.5612,16863601.0,166138.0,190556.2449,18674512.0,170131.0,197044.051,19310317.0,2000,2010,13616351.0,16863601.0,3247250.0
477,G443102,广州南沙保税港区,广东省,广州南沙,国务院,海关特殊监管区域,2008.10,499.0,航运物流、保税展示,113.668002,22.643399,113.662899,22.646357,广东省广州市南沙区广州南沙保税港区,住宅区,ok,2.395,35.6562,42.9504,46386.4726,0.4981,53.0,16.0,37.0,21.0,0.0,204.402,20849.0,0.0,1005.8431,102596.0,126094.0,15079.6275,1538122.0,223862.0,25808.2255,2632439.0,261156.0,32155.8431,3279896.0,2000,2010,102596.0,1538122.0,1435526.0
478,G443103,广东福田保税区,广东省,福田,国务院,海关特殊监管区域,1991.05,135.0,电子信息、物流、国际贸易,114.054493,22.50995,114.049385,22.512675,广东省深圳市福田区保税区,住宅区,ok,0.643,276.6266,245.544,872417.7807,6.6564,1446.0,0.0,1446.0,1446.0,30131.0,79813.9118,8141019.0,193171.0,113519.3039,11578969.0,196039.0,120370.8725,12277829.0,201010.0,124403.5294,12689160.0,220563.0,129386.8627,13197460.0,1990,2000,8141019.0,11578969.0,3437950.0
479,G443104,深圳前海湾保税港区,广东省,深圳前海湾,国务院,海关特殊监管区域,2008.10,371.21,物流、金融、信息服务,113.874034,22.485167,113.869136,22.488206,广东省深圳市南山区深圳前海湾保税港区,住宅区,ok,0.128,,161.6627,345473.2206,2.0246,335.0,38.0,297.0,259.0,116714.0,38118.0099,3849919.0,195400.0,63909.9802,6454908.0,256748.0,76504.3366,7726938.0,288438.0,84000.2376,8484024.0,291789.0,89113.5941,9000473.0,2000,2010,6454908.0,7726938.0,1272030.0
480,G443105,深圳盐田综合保税区,广东省,深圳盐田,国务院,海关特殊监管区域,2014.01,217.0,物流、黄金珠宝、电子信息,114.26836,22.578169,114.263539,22.581025,广东省深圳市盐田区深圳盐田综合保税区(西北门),兴趣点,ok,0.172,200.1238,109.1232,247927.8181,22.5821,3851.0,2340.0,1511.0,-829.0,55946.0,15911.5825,1638893.0,242796.0,43780.6602,4509408.0,244981.0,51499.5728,5304456.0,246578.0,56363.9126,5805483.0,250184.0,59529.1068,6131498.0,2010,2015,5304456.0,5805483.0,501027.0
481,G443106,广东深圳出口加工区,广东省,深圳,国务院,海关特殊监管区域,2000.04,300.0,电子信息、家电,114.057939,22.543527,114.052825,22.546244,广东省深圳市,市,ok,3.078,319.8385,227.8141,1458465.7429,6.7385,1843.0,0.0,1843.0,1843.0,119172.0,99403.0385,10337916.0,186823.0,138555.0385,14409724.0,187770.0,142958.4423,14867678.0,190148.0,146172.7115,15201962.0,200185.0,152368.7885,15846354.0,2000,2010,14409724.0,14867678.0,457954.0
482,G443107,广东珠海保税区,广东省,珠海,国务院,海关特殊监管区域,1996.11,300.0,航天航空、电子信息,113.494198,22.168328,113.488934,22.171117,广东省珠海市香洲区珠海保税区,住宅区,ok,0.647,36.0188,33.436,174335.2436,17.0572,2915.0,0.0,2915.0,2915.0,6106.0,11439.4412,1166823.0,80840.0,29725.549,3032006.0,128448.0,38337.2549,3910400.0,157649.0,43483.3137,4435298.0,173872.0,47928.2843,4888685.0,1990,2000,1166823.0,3032006.0,1865183.0
483,G443108,珠澳跨境工业区,广东省,珠澳,国务院,海关特殊监管区域,2003.12,29.0,保税物流、仓储,113.539307,22.209116,113.53419,22.212048,澳门特别行政区花地玛堂区珠澳跨境工业区,住宅区,ok,0.151,,71.258,357786.278,11.4491,1787.0,17.0,1770.0,1753.0,100659.0,67946.402,6930533.0,129008.0,106588.8333,10872061.0,197775.0,116333.3431,11866001.0,237062.0,121557.1961,12398834.0,243696.0,126999.1667,12953915.0,2000,2010,10872061.0,11866001.0,993940.0
484,G443109,汕头经济特区保税区,广东省,汕头,国务院,海关特殊监管区域,1993.01,225.0,包装材料、柴油发电机、电子材料,116.669716,23.233142,116.665285,23.235856,广东省汕头市濠江区经济特区,住宅区,ok,2.156,60.6482,55.2437,158217.9445,1.7507,2022.0,0.0,2022.0,2022.0,12936.0,24717.27,2471727.0,33156.0,40037.35,4003735.0,59131.0,46758.11,4675811.0,76193.0,50759.64,5075964.0,87868.0,55371.59,5537159.0,1990,2000,2471727.0,4003735.0,1532008.0
485,G453110,南宁综合保税区,广西壮族自治区,南宁,国务院,海关特殊监管区域,2015.09,237.0,加工贸易、跨境电商、保税物流,108.35045,22.711327,108.346409,22.714071,广西壮族自治区南宁市良庆区南宁综合保税区,住宅区,ok,86.23,25.7351,14.7305,71443.1392,12.0457,33905.0,20395.0,13510.0,-6885.0,951.0,6283.07,628307.0,12694.0,25802.97,2580297.0,81375.0,38604.6,3860460.0,121343.0,47871.45,4787145.0,148058.0,63442.66,6344266.0,2015,2020,4787145.0,6344266.0,1557121.0
486,G453111,广西北海出口加工区,广西壮族自治区,北海,国务院,海关特殊监管区域,2003.03,329.6,电子信息、精密机械、生物制药,109.120248,21.481305,109.115955,21.483693,广西壮族自治区北海市,市,ok,0.803,90.8572,68.289,393686.0804,0.1279,208.0,11.0,197.0,186.0,358594.0,64114.84,6411484.0,374661.0,114268.15,11426815.0,375594.0,146668.6,14666860.0,376269.0,162048.94,16204894.0,378019.0,166175.37,16617537.0,2000,2010,11426815.0,14666860.0,3240045.0
487,G453112,广西钦州保税港区,广西壮族自治区,钦州,国务院,海关特殊监管区域,2008.05,881.0,仓储物流、转口贸易,108.656983,21.6776,108.653234,21.680345,广西壮族自治区钦州市钦南区广西钦州保税港区,村庄,ok,4.164,,23.9183,9567.3335,0.1063,43.0,9.0,34.0,25.0,0.0,1478.6634,149345.0,0.0,2475.505,250026.0,160933.0,12391.5743,1251549.0,255312.0,19830.8416,2002915.0,258826.0,23737.0297,2397440.0,2000,2010,250026.0,1251549.0,1001523.0
488,G453113,广西凭祥综合保税区,广西壮族自治区,凭祥,国务院,海关特殊监管区域,2008.12,101.0,国际中转、保税加工,106.717851,21.979104,106.714301,21.981894,广西壮族自治区崇左市凭祥市凭祥综合保税区,兴趣点,ok,105.427,29.0261,25.9712,13582.9287,36.6096,17449.0,1532.0,15917.0,14385.0,5630.0,1608.0297,162411.0,5729.0,6191.2277,625314.0,8663.0,9758.4752,985606.0,12927.0,12351.6139,1247513.0,27297.0,15808.703,1596679.0,2000,2010,625314.0,985606.0,360292.0
489,G463114,海南洋浦保税港区,海南省,洋浦,国务院,海关特殊监管区域,2007.09,225.84,冷链物流、粮食加工、游艇,109.207741,19.739363,109.203639,19.741253,海南省儋州市洋浦保税港区,住宅区,ok,0.682,56.3182,45.7889,203073.8493,1.5582,1853.0,916.0,937.0,21.0,111147.0,32998.9596,3266897.0,161029.0,42126.1414,4170488.0,175691.0,55616.9596,5506079.0,186569.0,63334.5354,6270119.0,210589.0,71678.1313,7096135.0,2000,2010,4170488.0,5506079.0,1335591.0
490,G463115,海口综合保税区,海南省,海口,国务院,海关特殊监管区域,2008.12,193.0,加工制造、融资租赁、国际商品展示展销,110.300319,19.987955,110.296016,19.990022,海南省海口市龙华区综合保税区,住宅区,ok,5.055,78.2866,105.5562,817427.4656,4.1789,3525.0,601.0,2924.0,2323.0,52716.0,84556.9,8455690.0,244632.0,143296.14,14329614.0,314999.0,186510.56,18651056.0,343694.0,208454.38,20845438.0,346422.0,218417.38,21841738.0,2000,2010,14329614.0,18651056.0,4321442.0
491,G503116,重庆西永综合保税区,重庆市,西永,国务院,海关特殊监管区域,2010.02,832.0,计算机、电子,106.310543,29.556894,106.306695,29.559549,重庆市沙坪坝区重庆西永综合保税区,住宅区,ok,871.177,47.5312,28.0794,114198.772,6.8472,1297.0,122.0,1175.0,1053.0,458.0,1942.5743,196200.0,10768.0,5268.2376,532092.0,141958.0,33154.2871,3348583.0,218392.0,51203.1881,5171522.0,223269.0,62010.5842,6263069.0,2010,2015,3348583.0,5171522.0,1822939.0
492,G503117,重庆两路寸滩保税港区,重庆市,两路寸滩,国务院,海关特殊监管区域,2008.11,837.0,加工制造、商贸、物流,106.666219,29.753913,106.662386,29.756682,重庆市两江新区两路街道寸滩镇保税港区,住宅区,ok,884.307,28.0937,20.7389,162841.9751,6.5445,11202.0,960.0,10242.0,9282.0,0.0,8604.7129,869076.0,116.0,12768.8416,1289653.0,47482.0,38696.5446,3908351.0,80545.0,57823.4356,5840167.0,94042.0,70138.8812,7084027.0,2000,2010,1289653.0,3908351.0,2618698.0
493,G503118,重庆江津综合保税区,重庆市,江津,国务院,海关特殊监管区域,2017.01,221.0,保税加工、保税物流、保税服务,106.455027,29.270088,106.451074,29.272831,重庆市江津区重庆江津综合保税区,住宅区,ok,836.877,19.4059,21.2476,148988.4103,10.8934,5114.0,793.0,4321.0,3528.0,14.0,1920.4158,193962.0,14.0,2722.1188,274934.0,54.0,10019.7624,1011996.0,1100.0,16403.8713,1656791.0,10207.0,29639.3366,2993573.0,2015,2020,1656791.0,2993573.0,1336782.0
494,G513119,成都高新综合保税区及双流园区,四川省,成都,国务院,海关特殊监管区域,2010.10/2012.01,868.0,信息技术、装备制造,103.90208,30.604369,103.900008,30.607162,四川省成都市双流区双流园区,住宅区,ok,1062.733,42.1341,44.6273,293156.733,2.8465,808.0,317.0,491.0,174.0,992.0,19590.6827,2037431.0,36930.0,62224.8173,6471381.0,162317.0,123724.1827,12867315.0,221399.0,155236.875,16144635.0,232301.0,163601.7692,17014584.0,2010,2015,12867315.0,16144635.0,3277320.0
495,G513120,四川绵阳出口加工区,四川省,绵阳,国务院,海关特殊监管区域,2005.06,13.73,电子元器件,104.679127,31.467673,104.67651,31.469949,四川省绵阳市,市,ok,1120.846,66.9088,26.2933,284677.5363,0.4025,2226.0,5.0,2221.0,2216.0,30420.0,37014.1414,3664400.0,360281.0,83138.899,8230751.0,364370.0,119214.1111,11802197.0,366583.0,140248.4545,13884597.0,369462.0,163054.8788,16142433.0,2000,2010,8230751.0,11802197.0,3571446.0
496,G523121,贵阳综合保税区,贵州省,贵阳,国务院,海关特殊监管区域,2013.09,301.0,国际贸易,106.725806,26.691834,106.722005,26.69535,贵州省贵阳市白云区贵阳综合保税区,住宅区,ok,555.497,53.3092,31.6114,102990.0428,16.7493,6116.0,1428.0,4688.0,3260.0,52958.0,7955.6122,779650.0,98056.0,14153.9592,1387088.0,135947.0,23717.8061,2324345.0,153008.0,29052.5204,2847147.0,163035.0,34088.3265,3340656.0,2010,2015,2324345.0,2847147.0,522802.0
497,G523122,贵州遵义综合保税区,贵州省,遵义,国务院,海关特殊监管区域,2017.07,111.0,在建,107.180136,27.701317,107.175858,27.704592,贵州省遵义市红花岗区遵义综合保税区,住宅区,ok,651.41,23.3463,23.4297,13401.7681,7.0868,3389.0,2794.0,595.0,-2199.0,763.0,2271.1748,233931.0,1396.0,3885.9903,400257.0,8706.0,7638.7573,786792.0,21782.0,12026.7379,1238754.0,73834.0,25208.6893,2596495.0,2015,2020,1238754.0,2596495.0,1357741.0
498,G523123,贵安综合保税区,贵州省,贵安,国务院,海关特殊监管区域,2015.01,220.0,保税加工、保税物流仓储、保税贸易,106.513038,26.334064,106.509408,26.337529,贵州省安顺市平坝区贵安综合保税区,住宅区,ok,526.018,14.5946,13.7766,13390.842,4.4654,4617.0,1837.0,2780.0,943.0,0.0,3358.0686,342523.0,0.0,4282.5686,436822.0,8.0,6311.9706,643821.0,6595.0,8833.0,900966.0,48527.0,18318.6765,1868505.0,2015,2020,900966.0,1868505.0,967539.0
499,G533124,昆明综合保税区,云南省,昆明,国务院,海关特殊监管区域,2016.02,200.0,保税加工、保税物流、保税服务,102.927464,25.075013,102.926056,25.078125,云南省昆明市官渡区昆明综合保税区,住宅区,ok,588.98,24.1045,20.8843,168097.8817,6.966,7417.0,4191.0,3226.0,-965.0,4001.0,11113.0619,1077967.0,7000.0,17793.3814,1725958.0,66224.0,35951.6495,3487310.0,96727.0,46922.9175,4551523.0,108196.0,57188.1753,5547253.0,2015,2020,4551523.0,5547253.0,995730.0
500,G533125,红河综合保税区,云南省,红河,国务院,海关特殊监管区域,2013.12,329.0,电子信息、装备制造、新能源、新材料,103.300373,23.463429,103.298525,23.466056,云南省红河哈尼族彝族自治州蒙自市红河综合保税区,住宅区,ok,438.319,24.9849,19.2362,50706.6396,0.0433,223.0,26.0,197.0,171.0,4923.0,21324.3725,2175086.0,8818.0,28731.7647,2930640.0,35407.0,38872.9902,3965045.0,50793.0,43950.2157,4482922.0,66418.0,47814.049,4877033.0,2010,2015,3965045.0,4482922.0,517877.0
501,G613126,西安综合保税区,陕西省,西安,国务院,海关特殊监管区域,2011.02,467.0,转口贸易、物流、展览展示,109.075514,34.398131,109.070368,34.399327,陕西省西安市灞桥区西安综合保税区,住宅区,ok,891.376,77.5366,20.2609,142636.6063,0.0964,26.0,0.0,26.0,26.0,13134.0,36820.84,3682084.0,26281.0,65536.73,6553673.0,102877.0,96890.71,9689071.0,162029.0,114795.29,11479529.0,191324.0,132068.61,13206861.0,2010,2015,9689071.0,11479529.0,1790458.0
502,G613127,陕西西安出口加工区,陕西省,西安,国务院,海关特殊监管区域,2002.06,280.0,航空、精密机械、电子信息、装备制造,108.929692,34.356788,108.925059,34.358351,陕西省西安市未央区西安出口加工区(公交站),公交地铁站点,ok,904.992,73.7376,57.1888,609174.9348,0.0481,169.0,0.0,169.0,169.0,41600.0,70256.9,7025690.0,64980.0,136077.49,13607749.0,223181.0,204108.52,20410852.0,305151.0,239408.61,23940861.0,343475.0,255872.63,25587263.0,2000,2010,13607749.0,20410852.0,6803103.0
503,G613128,西安高新综合保税区,陕西省,西安,国务院,海关特殊监管区域,2012.09,364.0,电子信息、国际物流、保税维修,108.800406,34.104412,108.795723,34.105948,陕西省西安市长安区西安高新综合保税区,住宅区,ok,930.685,17.598,17.5484,92251.8355,0.0745,466.0,3.0,463.0,460.0,24928.0,28900.9615,3005700.0,72357.0,59451.6538,6182972.0,205296.0,81691.1635,8495881.0,288290.0,95830.2115,9966342.0,299980.0,107944.6346,11226242.0,2010,2015,8495881.0,9966342.0,1470461.0
504,G613129,西安航空基地综合保税区,陕西省,西安航空基地,国务院,海关特殊监管区域,2018.01,150.0,在建,109.076591,34.400185,109.071443,34.401379,陕西省西安市灞桥区综合保税区(公交站),公交地铁站点,ok,891.166,52.0594,19.8043,140056.2018,0.0949,26.0,4.0,22.0,18.0,13134.0,36706.78,3670678.0,26281.0,65289.24,6528924.0,102877.0,95796.6,9579660.0,162029.0,113200.61,11320061.0,191324.0,130203.43,13020343.0,2015,2020,11320061.0,13020343.0,1700282.0
505,G623130,兰州新区综合保税区,甘肃省,兰州,国务院,海关特殊监管区域,2014.07,286.0,进出口贸易、生产加工、跨境电商,103.669655,36.510876,103.667264,36.511061,甘肃省兰州市皋兰县兰州新区综合保税区,住宅区,ok,1246.819,10.7941,11.5254,103521.0529,0.0001,4.0,4.0,0.0,-4.0,1719.0,15203.7426,1535578.0,2221.0,18583.297,1876913.0,2925.0,28241.3762,2852379.0,7442.0,39674.1584,4007090.0,34012.0,75416.495,7617066.0,2010,2015,2852379.0,4007090.0,1154711.0
506,G643131,银川综合保税区,宁夏回族自治区,银川,国务院,海关特殊监管区域,2012.09,400.0,物流服务、加工贸易,106.372711,38.305262,106.368077,38.304646,宁夏回族自治区银川市灵武市银川综合保税区,住宅区,ok,975.397,4.4732,5.4114,37328.1331,0.0041,3.0,3.0,0.0,-3.0,5788.0,3013.5354,298340.0,5941.0,4356.3939,431283.0,12375.0,7189.3131,711742.0,17183.0,9244.6667,915222.0,23361.0,12165.1919,1204354.0,2010,2015,711742.0,915222.0,203480.0
507,G653132,乌鲁木齐综合保税区,新疆维吾尔自治区,乌鲁木齐,国务院,海关特殊监管区域,2015.07,241.0,在建,87.328484,43.937987,87.325315,43.936585,新疆维吾尔自治区乌鲁木齐市头屯河区乌鲁木齐综合保税区,住宅区,ok,3106.214,17.5696,16.1219,81624.9573,0.006,3.0,3.0,0.0,-3.0,18799.0,10404.5577,1082074.0,19573.0,16844.9615,1751876.0,31306.0,22770.7692,2368160.0,69573.0,26957.9327,2803625.0,231294.0,34415.7788,3579241.0,2015,2020,2803625.0,3579241.0,775616.0
508,G653133,阿拉山口综合保税区,新疆维吾尔自治区,阿拉山口,国务院,海关特殊监管区域,2011.05,560.8,农副产品加工、油气加工、木材加工,82.596198,45.153555,82.59344,45.152824,新疆维吾尔自治区博尔塔拉蒙古自治州阿拉山口市阿拉山口综合保税区,住宅区,ok,3465.76,,11.3588,6281.3923,0.0,1.0,0.0,1.0,1.0,14673.0,8623.4257,870966.0,14880.0,9645.3465,974180.0,16041.0,11498.5644,1161355.0,16598.0,12564.3663,1269001.0,17054.0,14157.1386,1429871.0,2010,2015,1161355.0,1269001.0,107646.0
509,G653134,喀什综合保税区,新疆维吾尔自治区,喀什,国务院,海关特殊监管区域,2014.09,356.0,在建,76.031517,39.553111,76.028425,39.552738,新疆维吾尔自治区喀什地区喀什市喀什综合保税区,住宅区,ok,3561.999,,34.7509,65922.4339,0.0719,8.0,8.0,0.0,-8.0,791.0,12870.23,1287023.0,791.0,15751.32,1575132.0,821.0,19693.55,1969355.0,835.0,21960.76,2196076.0,849.0,23498.22,2349822.0,2010,2015,1969355.0,2196076.0,226721.0
510,G653135,中哈霍尔果斯国际边境合作中心中方配套区,新疆维吾尔自治区,中哈霍尔果斯国际,国务院,海关特殊监管区域,2006.03,973.0,仓储物流、进口资源加工制造、电子,80.412394,44.213229,80.409873,44.212092,新疆维吾尔自治区伊犁哈萨克自治州霍尔果斯市霍尔果斯国际边境合作中心,兴趣点,ok,3529.791,24.0904,14.5051,39439.4446,0.0159,20.0,8.0,12.0,4.0,129812.0,18920.5243,1948814.0,145566.0,22066.767,2272877.0,198764.0,29055.1165,2992677.0,220082.0,33579.3786,3458676.0,220560.0,37807.165,3894138.0,2000,2010,2272877.0,2992677.0,719800.0
1,G111001,北京经济技术开发区,北京市,北京,国务院,经济技术开发区,1994.08,3980.0,汽车、电子信息、装备制造,116.509389,39.794502,116.503432,39.793315,北京市经济技术开发区,未知,ok,128.894,73.8884,51.005,562840.1549,0.0187,348.0,0.0,348.0,348.0,57867.0,60812.5048,6385313.0,309842.0,127051.0381,13340359.0,358355.0,190767.0762,20030543.0,379226.0,229028.4095,24047983.0,386563.0,256697.781,26953267.0,1990,2000,6385313.0,13340359.0,6955046.0
2,G121050,东丽经济技术开发区,天津市,东丽,国务院,经济技术开发区,2014.02,721.7,汽车、新能源、新材料,117.356002,39.077997,117.349508,39.076889,天津市东丽区东丽经济技术开发区,住宅区,ok,33.203,61.4504,28.8419,262143.6163,1.0848,263.0,243.0,20.0,-223.0,104236.0,65806.0101,6514795.0,265263.0,103478.1818,10244340.0,325586.0,148352.1414,14686862.0,356087.0,177159.1313,17538754.0,364030.0,195018.5455,19306836.0,2010,2015,14686862.0,17538754.0,2851892.0
3,G121002,天津经济技术开发区,天津市,天津,国务院,经济技术开发区,1984.12,3797.04,汽车、医药、装备制造,117.699368,39.038575,117.693107,39.037673,天津市经济技术开发区,未知,ok,4.765,119.4288,88.4917,977833.756,0.0384,112.0,0.0,112.0,112.0,27090.0,129758.5049,13365126.0,321748.0,227810.3301,23464464.0,325081.0,264375.4951,27230676.0,327113.0,284775.9223,29331920.0,330609.0,294743.2039,30358550.0,1990,1990,13365126.0,13365126.0,
4,G121051,西青经济技术开发区,天津市,西青,国务院,经济技术开发区,2010.12,1688.0,电子信息、汽车配套、机械,117.235032,39.007021,117.228775,39.0061,天津市西青区经济技术开发区,未知,ok,37.624,35.1332,21.0012,222696.4364,0.4215,251.0,236.0,15.0,-221.0,63147.0,29983.7755,2938410.0,150703.0,66307.5612,6498141.0,289328.0,134097.5,13141555.0,374112.0,178628.6633,17505609.0,385369.0,197045.2857,19310438.0,2010,2015,13141555.0,17505609.0,4364054.0
5,G121052,北辰经济技术开发区,天津市,北辰,国务院,经济技术开发区,2013.03,248.4,装备制造,117.308731,39.255501,117.302341,39.254376,天津市北辰区经济技术开发区,未知,ok,39.062,,15.8848,101678.3176,0.4576,155.0,147.0,8.0,-139.0,0.0,22846.7327,2307520.0,0.0,36071.6535,3643237.0,7973.0,71960.6139,7268022.0,14649.0,95616.2574,9657242.0,16640.0,106528.8812,10759417.0,2010,2015,7268022.0,9657242.0,2389220.0
6,G121053,武清经济技术开发区,天津市,武清,国务院,经济技术开发区,2010.12,915.49,生物医药,117.030953,39.399617,117.024654,39.398397,天津市武清区经济技术开发区,未知,ok,67.603,22.4117,21.0552,225564.1104,0.3431,212.0,120.0,92.0,-28.0,7905.0,33283.5437,3428205.0,47325.0,60048.8641,6185033.0,157263.0,112253.6505,11562126.0,221135.0,147932.3786,15237035.0,225465.0,176169.165,18145424.0,2010,2015,11562126.0,15237035.0,3674909.0
7,G121054,天津子牙经济技术开发区,天津市,子牙,国务院,经济技术开发区,2012.12,117.3,再生资源综合利用、新能源,116.830325,38.876777,116.824452,38.876045,天津市静海区天津子牙经济技术开发区,住宅区,ok,67.032,10.4456,7.2533,44926.7348,0.0002,48.0,2.0,46.0,44.0,36170.0,10981.625,1142089.0,45115.0,19310.4423,2008286.0,52624.0,37126.0,3861104.0,62062.0,49777.5,5176860.0,64227.0,57409.3365,5970571.0,2010,2015,3861104.0,5176860.0,1315756.0
8,G131055,石家庄经济技术开发区,河北省,石家庄,国务院,经济技术开发区,2012.10,828.39,生物医药、装备制造、食品,114.689334,38.027757,114.683416,38.027148,河北省石家庄市经济技术开发区,未知,ok,258.64,77.8389,31.9013,259644.3459,0.0696,347.0,182.0,165.0,-17.0,27314.0,70546.5631,7266296.0,291900.0,110215.0388,11352149.0,346643.0,153616.9709,15822548.0,375142.0,181230.8738,18666780.0,387792.0,201375.8544,20741713.0,2010,2015,15822548.0,18666780.0,2844232.0
9,G131056,唐山曹妃甸经济技术开发区,河北省,唐山曹妃甸,国务院,经济技术开发区,2013.01,1448.0,港口物流、钢铁、石化,118.469759,39.053772,118.463653,39.052712,河北省唐山市曹妃甸区曹妃甸经济技术开发区,住宅区,ok,1.687,,15.52,8598.0585,0.0018,32.0,32.0,0.0,-32.0,0.0,328.1714,34458.0,0.0,352.7333,37037.0,54545.0,10700.0381,1123504.0,90957.0,20457.4095,2148028.0,123943.0,29907.1333,3140249.0,2010,2015,1123504.0,2148028.0,1024524.0
10,G131003,秦皇岛经济技术开发区,河北省,秦皇岛,国务院,经济技术开发区,1984.10,2298.0,装备制造、商贸物流,119.546444,39.936252,119.540566,39.935087,河北省秦皇岛市经济技术开发区,未知,ok,4.155,42.8461,37.5254,387149.2275,0.004,190.0,0.0,190.0,190.0,99252.0,125171.1078,12767453.0,221039.0,152266.549,15531188.0,273370.0,199218.6078,20320298.0,308859.0,228910.5882,23348880.0,314146.0,243576.5784,24844811.0,1990,1990,12767453.0,12767453.0,
11,G131057,邯郸经济技术开发区,河北省,邯郸,国务院,经济技术开发区,2013.11,350.0,电子信息、装备制造、新材料,114.591334,36.663428,114.585707,36.6634,河北省邯郸市经济技术开发区,未知,ok,339.628,18.4512,12.8902,86171.2008,0.0614,90.0,3.0,87.0,84.0,340383.0,57251.8252,5896938.0,399977.0,72909.3107,7509659.0,415804.0,94781.9029,9762536.0,424290.0,112166.5243,11553152.0,435068.0,141519.2913,14576487.0,2010,2015,9762536.0,11553152.0,1790616.0
12,G131058,沧州临港经济技术开发区,河北省,沧州临港,国务院,经济技术开发区,2010.11,380.58,石化、生物医药、电力,117.520676,38.356543,117.514504,38.355918,河北省沧州市黄骅市沧州临港经济技术开发区,住宅区,ok,16.857,5.8183,5.7114,11125.8826,0.0011,8.0,3.0,5.0,2.0,2308.0,9397.5962,977350.0,3192.0,13082.0481,1360533.0,21421.0,19213.2115,1998174.0,68502.0,25313.0865,2632561.0,274574.0,43518.1635,4525889.0,2010,2015,1998174.0,2632561.0,634387.0
13,G131059,廊坊经济技术开发区,河北省,廊坊,国务院,经济技术开发区,2009.07,1449.0,信息技术、装备制造,116.780593,39.539897,116.774562,39.538739,河北省廊坊市经济技术开发区,未知,ok,93.983,23.8162,15.8877,179674.5341,0.0048,1177.0,33.0,1144.0,1111.0,170727.0,55300.0777,5695908.0,223249.0,94609.767,9744806.0,301054.0,151544.1942,15609052.0,342858.0,185177.2718,19073259.0,352226.0,201518.4757,20756403.0,2000,2010,9744806.0,15609052.0,5864246.0
14,G141004,太原经济技术开发区,山西省,太原,国务院,经济技术开发区,2001.06,960.0,电子信息、装备制造、新能源,112.589087,37.739556,112.582861,37.739064,山西省太原市经济技术开发区,未知,ok,445.475,,53.6766,384216.776,0.1726,187.0,24.0,163.0,139.0,61406.0,65539.5294,6685032.0,83291.0,87204.2843,8894837.0,252159.0,127378.6863,12992626.0,339695.0,152990.3824,15605019.0,366959.0,172872.6863,17633014.0,2000,2010,8894837.0,12992626.0,4097789.0
15,G141060,大同经济技术开发区,山西省,大同,国务院,经济技术开发区,2010.12,820.0,医药、汽车、建筑,113.416201,40.104791,113.409006,40.10345,山西省大同市经济技术开发区,未知,ok,386.84,7.8413,10.576,104840.2734,0.0111,21.0,9.0,12.0,3.0,37910.0,31156.9794,3022227.0,55459.0,45082.1443,4372968.0,73007.0,63663.4639,6175356.0,83970.0,76532.8866,7423690.0,103787.0,94986.7113,9213711.0,2010,2015,6175356.0,7423690.0,1248334.0
16,G141061,晋城经济技术开发区,山西省,晋城,国务院,经济技术开发区,2013.03,400.0,精密光电、装备制造、新能源,112.877641,35.502225,112.871565,35.502666,山西省晋城市经济技术开发区,未知,ok,540.646,33.0418,29.4625,284047.8493,0.0398,296.0,159.0,137.0,-22.0,6216.0,115010.4904,11961091.0,52793.0,134271.9904,13964287.0,245638.0,149765.7404,15575637.0,332809.0,159041.9423,16540362.0,351478.0,169959.1635,17675753.0,2010,2015,15575637.0,16540362.0,964725.0
17,G141062,晋中经济技术开发区,山西省,晋中,国务院,经济技术开发区,2012.03,520.0,医药、食品、装备制造、电子信息,112.680792,37.732553,112.674413,37.731953,山西省晋中市经济技术开发区,未知,ok,437.853,28.1917,18.4411,182732.792,0.005,363.0,20.0,343.0,323.0,79786.0,56076.2596,5831931.0,122559.0,78410.0096,8154641.0,211267.0,106845.6731,11111950.0,256047.0,126452.8558,13151097.0,266428.0,148835.0096,15478841.0,2010,2015,11111950.0,13151097.0,2039147.0
18,G151005,呼和浩特经济技术开发区,内蒙古自治区,呼和浩特,国务院,经济技术开发区,2000.07,980.0,食品、电力、生物医药,111.545402,40.787673,111.538698,40.786399,内蒙古自治区呼和浩特市经济技术开发区,未知,ok,562.094,19.4402,14.8375,143241.3802,0.1466,171.0,0.0,171.0,171.0,18375.0,29701.75,2970175.0,174784.0,62259.68,6225968.0,344766.0,120767.39,12076739.0,432026.0,152965.44,15296544.0,437161.0,168116.64,16811664.0,2000,2010,6225968.0,12076739.0,5850771.0
19,G151063,呼伦贝尔经济技术开发区,内蒙古自治区,呼伦贝尔,国务院,经济技术开发区,2013.03,120.0,冶金加工、装备制造、食品,119.77845,49.166536,119.771145,49.164607,内蒙古自治区呼伦贝尔市,市,ok,921.906,3.7451,6.1795,76960.0777,0.0075,36.0,36.0,0.0,-36.0,21296.0,36225.5094,3839904.0,26080.0,42723.1604,4528655.0,37051.0,57892.217,6136575.0,42604.0,66326.1132,7030568.0,46959.0,73118.1321,7750522.0,2010,2015,6136575.0,7030568.0,893993.0
20,G151064,巴彦淖尔经济技术开发区,内蒙古自治区,巴彦淖尔,国务院,经济技术开发区,2012.12,433.0,农畜产品加工、生物、建材,107.5337,40.820806,107.528419,40.819573,内蒙古自治区巴彦淖尔市经济技术开发区,未知,ok,888.993,10.5413,7.0957,82771.1159,0.0007,0.0,0.0,0.0,0.0,11108.0,11853.2718,1220887.0,16276.0,23529.1262,2423500.0,55420.0,44472.4175,4580659.0,92908.0,56734.068,5843609.0,100478.0,61610.6699,6345899.0,2010,2015,4580659.0,5843609.0,1262950.0
21,G211006,沈阳经济技术开发区,辽宁省,沈阳,国务院,经济技术开发区,1993.04,1000.0,装备制造、医药化工,123.258748,41.758809,123.252933,41.756551,辽宁省沈阳市经济技术开发区,未知,ok,148.766,,24.5917,292886.8162,0.0415,806.0,0.0,806.0,806.0,18146.0,83067.47,8306747.0,103657.0,141388.18,14138818.0,231872.0,226332.18,22633218.0,293706.0,277444.16,27744416.0,313654.0,308248.87,30824887.0,1990,2000,8306747.0,14138818.0,5832071.0
22,G211065,沈阳辉山经济技术开发区,辽宁省,沈阳辉山,国务院,经济技术开发区,2013.01,1200.0,食品、医药、车辆,123.457244,41.930838,123.451143,41.92846,辽宁省沈阳市沈北新区沈阳辉山经济技术开发区,住宅区,ok,173.96,14.7455,15.3034,178482.9766,0.0474,1127.0,149.0,978.0,829.0,3723.0,46590.419,4891994.0,3990.0,72601.2571,7623132.0,41845.0,118051.7905,12395438.0,81306.0,152090.2286,15969474.0,152479.0,191097.5333,20065241.0,2010,2015,12395438.0,15969474.0,3574036.0
23,G211066,旅顺经济技术开发区,辽宁省,旅顺,国务院,经济技术开发区,2013.11,701.0,船舶、装备制造、轨道交通装备,121.147544,38.808015,121.142214,38.80699,辽宁省大连市旅顺口区旅顺经济技术开发区,住宅区,ok,0.582,30.0687,11.4585,92722.3709,1.8938,1419.0,1385.0,34.0,-1351.0,64330.0,17032.9806,1754397.0,130772.0,31690.4466,3264116.0,149422.0,58853.8835,6061950.0,167752.0,76416.7573,7870926.0,177705.0,87321.3981,8994104.0,2010,2015,6061950.0,7870926.0,1808976.0
24,G211007,大连经济技术开发区,辽宁省,大连,国务院,经济技术开发区,1984.09,2000.0,石化、电子信息、装备制造,121.775576,39.048184,121.770452,39.047154,辽宁省大连市经济技术开发区,未知,ok,2.419,52.8936,33.894,264305.5032,0.6656,789.0,0.0,789.0,789.0,265910.0,72154.5865,7504077.0,368845.0,155276.625,16148769.0,369760.0,184709.0385,19209740.0,371478.0,201929.375,21000655.0,378232.0,210773.5769,21920452.0,1990,1990,7504077.0,7504077.0,
25,G211067,大连长兴岛经济技术开发区,辽宁省,大连长兴岛,国务院,经济技术开发区,2010.04,719.98,石化、船舶海工、装备制造,121.339069,39.52259,121.333657,39.521203,辽宁省大连市瓦房店市长兴岛经济技术开发区,未知,ok,0.552,,10.614,48909.1963,0.1075,1380.0,767.0,613.0,-154.0,28292.0,4775.0196,487052.0,41449.0,6812.451,694870.0,98981.0,25883.0196,2640068.0,128419.0,38666.7549,3944009.0,150043.0,55498.9118,5660889.0,2010,2015,2640068.0,3944009.0,1303941.0
26,G211068,锦州经济技术开发区,辽宁省,锦州,国务院,经济技术开发区,2010.04,1200.0,石化、装备制造、农产品加工,121.065537,40.843744,121.059948,40.841915,辽宁省锦州市经济技术开发区,未知,ok,1.707,55.2263,18.1415,103297.5581,0.0045,68.0,31.0,37.0,6.0,157367.0,14798.3592,1524231.0,187645.0,31937.6699,3289580.0,217049.0,48262.0,4970986.0,239471.0,63574.5146,6548175.0,289273.0,93047.7864,9583922.0,2010,2015,4970986.0,6548175.0,1577189.0
27,G211008,营口经济技术开发区,辽宁省,营口,国务院,经济技术开发区,1992.10,560.0,港航物流、装备制造、钢铁,122.135649,40.187123,122.13031,40.185597,辽宁省营口市经济技术开发区,未知,ok,5.673,32.8457,13.4065,162621.212,0.0059,90.0,0.0,90.0,90.0,130073.0,44475.2136,4580947.0,190731.0,66677.068,6867738.0,262707.0,108575.7961,11183307.0,304236.0,137297.5825,14141651.0,337291.0,166605.7573,17160393.0,1990,2000,4580947.0,6867738.0,2286791.0
28,G211069,盘锦辽滨沿海经济技术开发区,辽宁省,盘锦辽滨沿海,国务院,经济技术开发区,2013.01,622.5,石化、精细化工、装备制造,122.123309,40.700879,122.117883,40.699125,辽宁省盘锦市大洼区辽滨乡,乡镇,ok,0.694,,16.6853,56096.0727,0.2852,283.0,281.0,2.0,-279.0,10038.0,2807.2788,291957.0,11885.0,4754.3269,494450.0,59610.0,17945.2885,1866310.0,89870.0,28475.9423,2961498.0,124524.0,44016.875,4577755.0,2010,2015,1866310.0,2961498.0,1095188.0
29,G211070,铁岭经济技术开发区,辽宁省,铁岭,国务院,经济技术开发区,2013.11,120.0,汽车、阀门、橡塑,123.696699,42.15187,123.690749,42.149675,辽宁省铁岭市铁岭县铁岭经济技术开发区,兴趣点,ok,205.54,18.1628,8.8922,48453.5256,1.4442,1388.0,589.0,799.0,210.0,5628.0,14490.9608,1478078.0,33027.0,18237.2745,1860202.0,125893.0,41123.6667,4194614.0,184103.0,58192.6176,5935647.0,239892.0,75004.0784,7650416.0,2010,2015,4194614.0,5935647.0,1741033.0
30,G221009,长春经济技术开发区,吉林省,长春,国务院,经济技术开发区,1993.04,1000.0,汽车、农产品加工,125.377655,43.853284,125.371018,43.850764,吉林省长春市经济技术开发区,未知,ok,460.93,67.7766,56.1999,659506.1419,0.0779,501.0,0.0,501.0,501.0,162305.0,162155.48,16215548.0,373413.0,237269.42,23726942.0,378832.0,273063.91,27306391.0,393756.0,293364.89,29336489.0,453189.0,307038.12,30703812.0,1990,2000,16215548.0,23726942.0,7511394.0
31,G221071,长春汽车经济技术开发区,吉林省,长春汽车,国务院,经济技术开发区,2010.12,599.0,汽车,125.191749,43.827594,125.18531,43.82518,吉林省长春市绿园区汽车经济技术开发区,住宅区,ok,454.443,21.6519,32.4937,404578.896,0.1101,493.0,128.0,365.0,237.0,6243.0,71727.6952,7531408.0,63811.0,123055.0381,12920779.0,189784.0,205619.4952,21590047.0,283033.0,254139.5905,26684657.0,318752.0,279413.4381,29338411.0,2010,2015,21590047.0,26684657.0,5094610.0
32,G221072,吉林经济技术开发区,吉林省,吉林,国务院,经济技术开发区,2010.04,2046.6,化工、新材料、医药,126.479694,43.953031,126.473712,43.950653,吉林省经济技术开发区,未知,ok,502.955,30.1846,19.9948,141503.0689,1.2399,2041.0,164.0,1877.0,1713.0,300738.0,44969.6569,4586905.0,310015.0,68152.3039,6951535.0,313202.0,92924.4804,9478297.0,322287.0,108666.9608,11084030.0,361315.0,130850.8922,13346791.0,2010,2015,9478297.0,11084030.0,1605733.0
33,G221073,四平红嘴经济技术开发区,吉林省,四平红嘴,国务院,经济技术开发区,2010.11,486.0,冶金建材、食品、装备制造,124.346397,43.19998,124.340196,43.197403,吉林省四平市铁西区红嘴经济技术开发区,未知,ok,318.937,18.6827,27.9467,271781.8646,0.0235,78.0,29.0,49.0,20.0,68012.0,80615.3592,8303382.0,96276.0,100546.6893,10356309.0,125180.0,122889.4854,12657617.0,152155.0,137098.8641,14121183.0,161061.0,151190.5437,15572626.0,2010,2015,12657617.0,14121183.0,1463566.0
34,G221074,松原经济技术开发区,吉林省,松原,国务院,经济技术开发区,2013.03,846.07,建材、农产品加工、装备制造,124.794487,45.14214,124.788137,45.140118,吉林省松原市经济技术开发区,未知,ok,518.128,42.0629,43.3936,375267.9376,0.0589,272.0,175.0,97.0,-78.0,10944.0,86693.6667,9102835.0,116975.0,111860.6476,11745368.0,266709.0,149765.0762,15725333.0,359863.0,172112.1524,18071776.0,378279.0,184143.8381,19335103.0,2010,2015,15725333.0,18071776.0,2346443.0
35,G231010,哈尔滨经济技术开发区,黑龙江省,哈尔滨,国务院,经济技术开发区,1993.04,1000.0,装备制造、绿色食品、电子信息,126.656913,45.62249,126.650927,45.620484,黑龙江省哈尔滨市香坊区哈尔滨经济技术开发区,住宅区,ok,680.246,,42.9171,393936.3604,0.1023,3017.0,0.0,3017.0,3017.0,1593.0,68940.9524,7238800.0,129863.0,95527.981,10030438.0,223399.0,139701.7429,14668683.0,265718.0,165969.581,17426806.0,267486.0,183230.1905,19239170.0,1990,2000,7238800.0,10030438.0,2791638.0
36,G231075,哈尔滨利民经济技术开发区,黑龙江省,哈尔滨利民,国务院,经济技术开发区,2011.04,700.0,生物医药、食品、商贸物流,127.180471,45.455112,127.173992,45.452876,黑龙江省哈尔滨市阿城区利民,村庄,ok,677.96,,13.0318,25372.8183,21.7725,2945.0,1217.0,1728.0,511.0,100.0,14311.6667,1502725.0,1101.0,16605.0571,1743531.0,3771.0,19249.8095,2021230.0,6686.0,20882.0381,2192614.0,17092.0,22878.6,2402253.0,2010,2015,2021230.0,2192614.0,171384.0
37,G231076,宾西经济技术开发区,黑龙江省,宾西,国务院,经济技术开发区,2010.06,1856.0,包装、食品、光电,127.157757,45.761089,127.151178,45.758858,黑龙江省哈尔滨市宾县宾西经济技术开发区,住宅区,ok,708.56,24.473,19.7468,173851.1835,0.3367,1361.0,270.0,1091.0,821.0,27700.0,18162.9151,1925269.0,37270.0,23765.3019,2519122.0,84393.0,42605.1792,4516149.0,106589.0,54138.1509,5738644.0,116765.0,61152.2264,6482136.0,2010,2015,4516149.0,5738644.0,1222495.0
38,G231077,双鸭山经济技术开发区,黑龙江省,双鸭山,国务院,经济技术开发区,2014.02,467.0,煤化工、新材料、商贸物流,131.141563,46.676157,131.133412,46.673891,黑龙江省双鸭山市,市,ok,956.247,57.7597,26.6549,196953.3347,2.7673,2577.0,244.0,2333.0,2089.0,53363.0,65795.835,6776971.0,114132.0,74645.7087,7688508.0,185273.0,84386.5631,8691816.0,220160.0,90484.5922,9319913.0,245573.0,97248.0485,10016549.0,2010,2015,8691816.0,9319913.0,628097.0
39,G231078,大庆经济技术开发区,黑龙江省,大庆,国务院,经济技术开发区,2012.10,360.23,装备制造、石化、建材,124.856541,46.678526,124.850065,46.676732,黑龙江省大庆市经济技术开发区,未知,ok,675.099,11.6885,10.9209,103202.9316,0.0148,18.0,18.0,0.0,-18.0,119952.0,60290.1538,6270176.0,142588.0,82245.4904,8553531.0,202662.0,100730.875,10476011.0,232525.0,111416.7404,11587341.0,242388.0,116173.2885,12082022.0,2010,2015,10476011.0,11587341.0,1111330.0
40,G231079,牡丹江经济技术开发区,黑龙江省,牡丹江,国务院,经济技术开发区,2013.03,691.0,林木加工、食品、装备制造,129.632928,44.551486,129.625851,44.54952,黑龙江省牡丹江市,市,ok,701.371,79.9313,37.7552,366225.0547,1.556,492.0,278.0,214.0,-64.0,136719.0,109413.7745,11160205.0,204777.0,123117.5098,12557986.0,260048.0,136111.1569,13883338.0,294851.0,146681.1275,14961475.0,351174.0,168663.0882,17203635.0,2010,2015,13883338.0,14961475.0,1078137.0
41,G231080,海林经济技术开发区,黑龙江省,海林,国务院,经济技术开发区,2010.06,258.0,林木加工、机械、食品,129.380756,44.594017,129.373324,44.591728,黑龙江省牡丹江市海林市,区县,ok,691.253,19.518,18.16,156048.577,1.5354,152.0,89.0,63.0,-26.0,123930.0,37223.068,3833976.0,153042.0,44692.5922,4603337.0,226451.0,58330.9126,6008084.0,273822.0,68059.1845,7010096.0,309951.0,82598.0583,8507600.0,2010,2015,6008084.0,7010096.0,1002012.0
42,G231081,绥化经济技术开发区,黑龙江省,绥化,国务院,经济技术开发区,2012.12,515.0,食品、商贸物流、机械电子,126.982543,46.601555,126.976166,46.59963,黑龙江省绥化市经济技术开发区,未知,ok,791.305,34.9952,36.0174,327289.9492,0.0853,1618.0,35.0,1583.0,1548.0,2403.0,65030.4848,6438018.0,37154.0,75969.5051,7520981.0,213838.0,101895.9899,10087703.0,299544.0,116658.1717,11549159.0,318751.0,127272.2525,12599953.0,2010,2015,10087703.0,11549159.0,1461456.0
43,G311013,漕河泾新兴技术开发区,上海市,漕河泾新兴技术开发区,国务院,经济技术开发区,1988.06,1330.0,电子信息、新材料、生物医药,121.40245,31.165493,121.397804,31.16736,上海市徐汇区上海漕河泾新兴技术开发区,住宅区,ok,26.388,202.2653,177.8596,1879442.2986,0.1118,0.0,0.0,0.0,0.0,212699.0,233588.8317,23592472.0,306505.0,313468.6634,31660335.0,317876.0,320247.1584,32344963.0,323190.0,324061.7327,32730235.0,327005.0,328536.7525,33182212.0,1990,1990,23592472.0,23592472.0,
44,G311012,虹桥经济技术开发区,上海市,虹桥,国务院,经济技术开发区,1986.08,65.2,贸易、展览展示、国际仲裁,116.37691,37.429811,116.37098,37.428921,山东省德州市德城区虹桥德州经济技术开发区,住宅区,ok,158.537,36.9308,18.1431,191863.2475,0.4741,2152.0,0.0,2152.0,2152.0,5069.0,43448.3107,4475176.0,130969.0,62569.9029,6444700.0,229276.0,117297.233,12081615.0,293810.0,153621.9709,15823063.0,312215.0,175112.7961,18036618.0,1990,1990,4475176.0,4475176.0,
45,G311011,闵行经济技术开发区,上海市,闵行,国务院,经济技术开发区,1986.08,1638.0,装备制造、机电、医药,121.367025,31.004583,121.362422,31.006565,上海市闵行区经济技术开发区,未知,ok,26.432,55.8768,57.2182,382561.1121,0.3017,450.0,0.0,450.0,450.0,117624.0,61160.3232,6054872.0,257872.0,102661.0707,10163446.0,312193.0,143392.2222,14195830.0,333922.0,166418.0404,16475386.0,333942.0,175359.8889,17360629.0,1990,1990,6054872.0,6054872.0,
46,G311082,上海金桥经济技术开发区,上海市,金桥,国务院,经济技术开发区,2001.09,2738.0,新能源汽车、机器人,121.60856,31.24907,121.604357,31.251261,上海市浦东新区金桥经济技术开发区,未知,ok,9.267,87.6937,103.0199,953654.8016,0.0475,8.0,0.0,8.0,8.0,37500.0,80993.0577,8423278.0,251604.0,183473.2885,19081222.0,306110.0,230674.9712,23990197.0,328712.0,254654.7692,26484096.0,332744.0,265093.125,27569685.0,2000,2010,19081222.0,23990197.0,4908975.0
47,G311083,上海化学工业经济技术开发区,上海市,上海,国务院,经济技术开发区,2012.03,2940.0,石化、新材料,121.377375,31.0066,121.372758,31.008569,上海市闵行区闵行经济技术开发区,住宅区,ok,26.145,61.3915,62.9795,459309.4456,0.239,203.0,2.0,201.0,199.0,215667.0,68190.303,6750840.0,322645.0,114099.9091,11295891.0,340867.0,154901.5051,15335249.0,348688.0,177406.3434,17563228.0,351372.0,185519.8081,18366461.0,2010,2015,15335249.0,17563228.0,2227979.0
48,G311084,松江经济技术开发区,上海市,松江,国务院,经济技术开发区,2013.03,5777.0,装备制造、集成电路、新材料,111.930965,27.767844,111.9256,27.771316,湖南省娄底市娄星区松江,村庄,ok,539.109,15.6995,20.2447,159994.1328,3.6805,2069.0,490.0,1579.0,1089.0,29425.0,32289.9231,3358152.0,34752.0,47812.8558,4972537.0,39043.0,60897.5673,6333347.0,43704.0,68475.75,7121478.0,62530.0,76703.8558,7977201.0,2010,2015,6333347.0,7121478.0,788131.0
49,G321014,南京经济技术开发区,江苏省,南京,国务院,经济技术开发区,2002.03,1137.0,光电显示、智能装备、生物医药,118.875419,32.145268,118.870374,32.147491,江苏省南京市经济技术开发区,未知,ok,69.602,107.4061,67.8514,538604.7584,0.825,1588.0,137.0,1451.0,1314.0,10888.0,74702.1735,7320813.0,151626.0,115915.7857,11359747.0,238829.0,157147.6429,15400469.0,276713.0,177953.5204,17439445.0,292211.0,184063.6429,18038237.0,2000,2010,11359747.0,15400469.0,4040722.0
50,G321085,江宁经济技术开发区,江苏省,江宁,国务院,经济技术开发区,2010.11,3847.0,汽车、电气机械器材、电子,118.832693,31.893774,118.827597,31.895876,江苏省南京市江宁区经济技术开发区,未知,ok,80.745,43.5016,28.7685,223761.029,1.1374,272.0,26.0,246.0,220.0,15208.0,15884.5577,1651994.0,28020.0,43659.9712,4540637.0,107326.0,99910.5385,10390696.0,148340.0,135568.2308,14099096.0,171156.0,150536.3846,15655784.0,2010,2015,10390696.0,14099096.0,3708400.0
51,G321086,锡山经济技术开发区,江苏省,锡山,国务院,经济技术开发区,2011.06,920.0,电子信息、精密机械、纺织,114.847569,30.139249,114.842493,30.141915,湖北省黄石市大冶市锡山,村庄,ok,508.008,7.002,7.7038,37139.8153,0.6962,520.0,15.0,505.0,490.0,46634.0,20222.3495,2082902.0,52451.0,25551.3107,2631785.0,65682.0,33103.3204,3409642.0,71232.0,37343.2136,3846351.0,72141.0,40055.5146,4125718.0,2010,2015,3409642.0,3846351.0,436709.0
52,G321087,宜兴经济技术开发区,江苏省,宜兴,国务院,经济技术开发区,2013.03,210.0,节能环保、新能源、新材料,119.870297,31.375654,119.865597,31.377806,江苏省无锡市宜兴市经济技术开发区,未知,ok,64.868,33.5626,33.1936,198398.0699,0.3339,821.0,11.0,810.0,799.0,2137.0,29272.549,2985800.0,13958.0,59412.9608,6060122.0,105215.0,100912.7647,10293102.0,185291.0,129765.4706,13236078.0,230560.0,151704.9804,15473908.0,2010,2015,10293102.0,13236078.0,2942976.0
53,G321088,徐州经济技术开发区,江苏省,徐州,国务院,经济技术开发区,2010.03,2412.0,装备制造、新能源、新材料,117.353688,34.289918,117.347758,34.291054,江苏省徐州市经济技术开发区,未知,ok,175.945,18.3475,9.8065,105615.5565,0.1967,315.0,4.0,311.0,307.0,197353.0,57483.55,5748355.0,221094.0,73053.73,7305373.0,260922.0,98137.11,9813711.0,283738.0,115093.41,11509341.0,308727.0,136392.18,13639218.0,2010,2015,9813711.0,11509341.0,1695630.0
54,G321089,苏州浒墅关经济技术开发区,江苏省,苏州浒墅关,国务院,经济技术开发区,2013.03,813.0,电子信息、装备制造、精密机械,120.532915,31.342025,120.528617,31.344108,江苏省苏州市虎丘区浒墅关经济技术开发区,未知,ok,54.914,63.3407,47.0336,453074.7249,0.2083,778.0,25.0,753.0,728.0,34761.0,52133.0808,5161175.0,91523.0,103606.6869,10257062.0,275031.0,168183.8182,16650198.0,362251.0,203074.3939,20104365.0,385101.0,217513.5657,21533843.0,2010,2015,16650198.0,20104365.0,3454167.0
55,G321090,苏州工业园区,江苏省,苏州,国务院,经济技术开发区,1994.02,8000.0,电子信息、生物医药、纳米技术,120.632094,31.263604,120.627907,31.265783,江苏省苏州市吴中区,区县,ok,60.193,87.9429,65.4185,641297.142,0.1112,94.0,0.0,94.0,94.0,124441.0,100767.5644,10177524.0,235129.0,171088.2574,17279914.0,244039.0,228221.1485,23050336.0,248302.0,263200.2574,26583226.0,251793.0,274738.1089,27748549.0,1990,2000,10177524.0,17279914.0,7102390.0
56,G321091,吴中经济技术开发区,江苏省,吴中,国务院,经济技术开发区,2012.12,381.0,电子信息、精密机械、纺织,120.63505,31.25753,120.630859,31.259707,江苏省苏州市吴中区经济技术开发区,未知,ok,60.742,82.9207,61.37,599769.4931,0.1093,90.0,3.0,87.0,84.0,54528.0,85118.7379,8767230.0,348516.0,149340.5243,15382074.0,372845.0,209561.233,21584807.0,385547.0,247472.5146,25489669.0,387434.0,259835.767,26763084.0,2010,2015,21584807.0,25489669.0,3904862.0
57,G321092,相城经济技术开发区,江苏省,相城,国务院,经济技术开发区,2014.10,213.0,电子信息、装备制造、汽车,120.616776,31.46705,120.612588,31.469181,江苏省苏州市相城区经济技术开发区,未知,ok,39.111,33.3342,24.2982,180584.5783,0.4878,613.0,0.0,613.0,613.0,28058.0,18487.0291,1904164.0,61261.0,37088.8544,3820152.0,151388.0,85594.0583,8816188.0,193862.0,116152.165,11963673.0,202770.0,128696.9417,13255785.0,2010,2015,8816188.0,11963673.0,3147485.0
58,G321093,吴江经济技术开发区,江苏省,吴江,国务院,经济技术开发区,2010.11,392.02,电子设备、机械、通用设备,120.656651,31.181315,120.652429,31.183493,江苏省苏州市吴江区经济技术开发区,未知,ok,68.102,40.8143,33.8753,294071.6963,0.1844,172.0,7.0,165.0,158.0,27466.0,16980.2647,1731987.0,251007.0,49547.4902,5053844.0,276202.0,107566.7255,10971806.0,286467.0,146147.7255,14907068.0,287378.0,160319.8039,16352620.0,2010,2015,10971806.0,14907068.0,3935262.0
59,G321094,常熟经济技术开发区,江苏省,常熟,国务院,经济技术开发区,2010.11,780.0,电子设备、装备制造、汽车,120.938339,31.747953,120.934104,31.750049,江苏省苏州市常熟市经济技术开发区,未知,ok,1.025,17.7741,20.3037,103629.9744,0.1227,337.0,9.0,328.0,319.0,4810.0,21769.0686,2220445.0,170944.0,46644.2451,4757713.0,264152.0,81084.6078,8270630.0,303067.0,100169.0784,10217246.0,312551.0,110244.0196,11244890.0,2010,2015,8270630.0,10217246.0,1946616.0
60,G321095,张家港经济技术开发区,江苏省,张家港,国务院,经济技术开发区,2011.09,1190.0,机械电子、纺织服装、新能源,120.541905,31.822555,120.537596,31.82463,江苏省苏州市张家港市经济技术开发区,未知,ok,19.142,16.173,24.306,226653.3126,0.1732,215.0,0.0,215.0,215.0,40250.0,58436.5941,5902096.0,77702.0,100147.9604,10114944.0,222603.0,165539.2574,16719465.0,303646.0,202001.4356,20402145.0,328325.0,214632.099,21677842.0,2010,2015,16719465.0,20402145.0,3682680.0
61,G321015,昆山经济技术开发区,江苏省,昆山,国务院,经济技术开发区,1992.08,1000.0,电子信息、光电、装备机械,121.000761,31.339449,120.996366,31.341429,江苏省苏州市昆山市经济技术开发区,未知,ok,36.055,47.7964,37.5823,373756.0047,0.0927,324.0,0.0,324.0,324.0,15536.0,20154.4608,2055755.0,114402.0,68046.6863,6940762.0,223062.0,147343.8235,15029070.0,287498.0,197066.7843,20100812.0,301461.0,212784.9118,21704061.0,1990,2000,2055755.0,6940762.0,4885007.0
62,G321096,太仓港经济技术开发区,江苏省,太仓港,国务院,经济技术开发区,2011.06,1543.0,石油化工、装备制造、电力,121.194917,31.620654,121.190405,31.622531,江苏省苏州市太仓市太仓港经济技术开发区,未知,ok,1.844,20.2447,23.1943,107528.9347,0.1496,86.0,0.0,86.0,86.0,4388.0,9523.5243,980923.0,5515.0,19445.2039,2002856.0,69040.0,60903.4175,6273052.0,117473.0,88219.5631,9086615.0,144106.0,98390.2621,10134197.0,2010,2015,6273052.0,9086615.0,2813563.0
63,G321016,南通经济技术开发区,江苏省,南通,国务院,经济技术开发区,1984.12,2429.0,医药健康、电子信息、精密机械,120.943337,31.921703,120.939077,31.923822,江苏省南通市经济技术开发区,未知,ok,2.75,58.8731,20.426,193168.4789,0.1641,12.0,0.0,12.0,12.0,26501.0,22514.0,2318942.0,85052.0,55380.4078,5704182.0,226617.0,117871.233,12140737.0,315352.0,155814.5243,16048896.0,325816.0,174857.5146,18010324.0,1990,1990,2318942.0,2318942.0,
64,G321097,海安经济技术开发区,江苏省,海安,国务院,经济技术开发区,2012.07,1000.0,装备制造、新材料、新能源,120.593501,32.525005,120.589227,32.527213,江苏省南通市海安市经济技术开发区,未知,ok,29.486,13.2478,6.7196,54078.9612,0.1938,41.0,4.0,37.0,33.0,21232.0,14573.102,1428164.0,65811.0,31569.1531,3093777.0,143081.0,69508.2245,6811806.0,186933.0,90218.8571,8841448.0,206601.0,97897.9286,9593997.0,2010,2015,6811806.0,8841448.0,2029642.0
65,G321098,如皋经济技术开发区,江苏省,如皋,国务院,经济技术开发区,2013.01,467.0,船舶海工、新能源汽车、装备制造,120.53717,32.397673,120.532797,32.399822,江苏省南通市如皋市经济技术开发区,未知,ok,35.191,21.5663,19.3338,209829.3539,0.158,335.0,3.0,332.0,329.0,26209.0,55165.0971,5682005.0,114638.0,92893.3301,9568013.0,253412.0,159726.9903,16451880.0,310702.0,194542.3786,20037865.0,321484.0,204421.5146,21055416.0,2010,2015,16451880.0,20037865.0,3585985.0
66,G321099,海门经济技术开发区,江苏省,海门,国务院,经济技术开发区,2013.01,488.0,装备制造、生物医药、机电,121.191166,31.893477,121.186623,31.895381,江苏省南通市海门区经济技术开发区,未知,ok,5.045,86.8397,19.2671,201880.768,0.2988,162.0,0.0,162.0,162.0,38739.0,42647.3495,4392677.0,288859.0,81015.4078,8344587.0,339077.0,129747.4175,13363984.0,359436.0,158223.466,16297017.0,360802.0,172042.8447,17720413.0,2010,2015,13363984.0,16297017.0,2933033.0
67,G321017,连云港经济技术开发区,江苏省,连云港,国务院,经济技术开发区,1984.12,1500.0,医药、装备制造、新材料,119.339642,34.691056,119.333991,34.691904,江苏省连云港市经济技术开发区,未知,ok,7.297,19.7174,13.2375,131103.8737,3.4353,1029.0,0.0,1029.0,1029.0,105475.0,46101.79,4610179.0,144568.0,59706.48,5970648.0,155988.0,78738.49,7873849.0,162513.0,91277.85,9127785.0,172394.0,102610.85,10261085.0,1990,1990,4610179.0,4610179.0,
68,G321100,淮安经济技术开发区,江苏省,淮安,国务院,经济技术开发区,2010.11,680.0,电子信息、盐化工、装备制造,119.071107,33.585116,119.065499,33.586396,江苏省淮安市经济技术开发区,未知,ok,118.041,66.2754,38.963,414410.2819,0.0529,96.0,5.0,91.0,86.0,138798.0,113536.3786,11694247.0,334822.0,157789.2233,16252290.0,336042.0,203541.6505,20964790.0,336755.0,227556.6408,23438334.0,337883.0,239181.0485,24635648.0,2010,2015,20964790.0,23438334.0,2473544.0
69,G321101,盐城经济技术开发区,江苏省,盐城,国务院,经济技术开发区,2010.12,871.57,汽车、光伏、纺织,120.306456,33.333903,120.301691,33.335403,江苏省盐城市经济技术开发区,未知,ok,33.457,19.3254,7.037,19781.1279,0.0997,103.0,0.0,103.0,103.0,191192.0,9509.598,969979.0,234942.0,17862.2549,1821950.0,295131.0,46211.6569,4713589.0,321288.0,63362.2157,6462946.0,321313.0,75097.8922,7659985.0,2010,2015,4713589.0,6462946.0,1749357.0
70,G321102,扬州经济技术开发区,江苏省,扬州,国务院,经济技术开发区,2009.08,1110.0,电子器件、光伏、汽车,119.412917,32.36785,119.407439,32.369731,江苏省扬州市经济技术开发区,未知,ok,19.41,78.9552,42.0065,463961.8638,0.1182,27.0,1.0,26.0,25.0,73801.0,138469.5437,14262363.0,269204.0,185853.2524,19142885.0,312644.0,239320.2427,24649985.0,331406.0,268480.8155,27653524.0,338344.0,280289.0874,28869776.0,2000,2010,19142885.0,24649985.0,5507100.0
71,G321103,镇江经济技术开发区,江苏省,镇江,国务院,经济技术开发区,2010.04,873.0,化工、造纸、装备制造,119.499929,32.180993,119.494715,32.183042,江苏省镇江市经济技术开发区,未知,ok,10.611,81.7065,41.9878,377722.0324,1.2427,446.0,56.0,390.0,334.0,38547.0,73226.86,7322686.0,158555.0,104915.6,10491560.0,243838.0,138646.03,13864603.0,280426.0,156796.81,15679681.0,294014.0,162711.05,16271105.0,2010,2015,13864603.0,15679681.0,1815078.0
72,G321104,靖江经济技术开发区,江苏省,靖江,国务院,经济技术开发区,2012.12,403.59,船舶、金属冶炼加工、设备制造,120.332868,31.999468,120.328183,32.001364,江苏省泰州市靖江市经济技术开发区,未知,ok,0.404,9.1118,10.6466,72886.7132,0.09,285.0,0.0,285.0,285.0,6226.0,20693.0385,2152076.0,15384.0,37451.9904,3895007.0,71502.0,70827.3365,7366043.0,101628.0,89048.0673,9260999.0,123977.0,95980.1154,9981932.0,2010,2015,7366043.0,9260999.0,1894956.0
73,G321105,宿迁经济技术开发区,江苏省,宿迁,国务院,经济技术开发区,2013.01,395.0,食品饮料、装备制造,118.314201,33.840747,118.308655,33.842065,江苏省宿迁市经济技术开发区,未知,ok,126.746,11.9057,9.5113,64467.713,0.9926,1270.0,236.0,1034.0,798.0,81697.0,16373.19,1637319.0,124500.0,30076.28,3007628.0,175042.0,53375.43,5337543.0,198081.0,69415.69,6941569.0,207317.0,89606.48,8960648.0,2010,2015,5337543.0,6941569.0,1604026.0
74,G321106,沭阳经济技术开发区,江苏省,沭阳,国务院,经济技术开发区,2013.11,600.0,服装纺织、装备制造、电子信息,118.836301,34.120492,118.831001,34.121913,江苏省宿迁市沭阳县经济技术开发区,未知,ok,74.014,17.9439,26.6522,224704.6012,0.1333,148.0,4.0,144.0,140.0,8656.0,22484.46,2248446.0,20987.0,49944.49,4994449.0,126363.0,110823.35,11082335.0,190336.0,148565.61,14856561.0,214228.0,171338.5,17133850.0,2010,2015,11082335.0,14856561.0,3774226.0
75,G331018,杭州经济技术开发区,浙江省,杭州,国务院,经济技术开发区,1993.04,1000.0,装备制造、生物医药、信息技术,120.350625,30.306333,120.346059,30.308646,浙江省杭州市经济技术开发区,未知,ok,3.311,85.0104,46.3788,347284.1978,0.1315,82.0,0.0,82.0,82.0,15455.0,14047.8558,1460977.0,258393.0,61372.7788,6382769.0,276206.0,111536.6635,11599813.0,284988.0,137423.2212,14292015.0,293263.0,145227.75,15103686.0,1990,2000,1460977.0,6382769.0,4921792.0
76,G331019,萧山经济技术开发区,浙江省,萧山,国务院,经济技术开发区,1993.05,920.0,通用设备、服装纺织,120.266938,30.202287,120.262474,30.20474,浙江省杭州市萧山区经济技术开发区,未知,ok,4.654,75.7778,45.5106,451829.2636,0.6322,84.0,0.0,84.0,84.0,42276.0,61681.9314,6291557.0,285466.0,143460.6765,14632989.0,335179.0,199964.7157,20396401.0,357292.0,230359.9804,23496718.0,368425.0,240638.0882,24545085.0,1990,2000,6291557.0,14632989.0,8341432.0
77,G331107,杭州余杭经济技术开发区,浙江省,杭州余杭,国务院,经济技术开发区,2012.07,2746.72,装备制造、医药健康、节能环保,120.277881,30.430937,120.273396,30.43335,浙江省杭州市余杭区经济技术开发区,未知,ok,14.943,42.2822,33.9136,266831.8569,1.216,374.0,4.0,370.0,366.0,4472.0,30968.4327,3220717.0,8542.0,69548.8173,7233077.0,150023.0,133564.2788,13890685.0,264200.0,173204.2981,18013247.0,284516.0,187891.5769,19540724.0,2010,2015,13890685.0,18013247.0,4122562.0
78,G331108,富阳经济技术开发区,浙江省,富阳,国务院,经济技术开发区,2012.10,741.0,有色金属采冶加工、电气机械器材、纸制品,113.922761,22.931284,113.917875,22.934219,广东省东莞市富阳,住宅区,ok,22.202,115.2384,53.1294,428435.5416,0.7596,2859.0,1516.0,1343.0,-173.0,1080.0,25522.7755,2501232.0,98945.0,102434.0102,10038533.0,203794.0,160769.7449,15755435.0,264426.0,197228.2959,19328373.0,271517.0,209387.9694,20520021.0,2010,2015,15755435.0,19328373.0,3572938.0
79,G331020,宁波经济技术开发区,浙江省,宁波,国务院,经济技术开发区,1984.10,2960.0,化工、汽车、金属冶炼加工,121.745647,29.957649,121.741375,29.960092,浙江省宁波市经济技术开发区,未知,ok,0.677,34.4571,26.4861,157539.0879,3.464,672.0,0.0,672.0,672.0,89949.0,47053.6765,4799475.0,138759.0,82883.7549,8454143.0,179528.0,107505.7549,10965587.0,201007.0,121748.0392,12418300.0,208780.0,128027.4314,13058798.0,1990,1990,4799475.0,4799475.0,
80,G331109,宁波大榭开发区,浙江省,宁波大榭开发区,国务院,经济技术开发区,1993.03,1613.0,临港化工、大宗商品国际贸易、港口物流,121.948647,29.893995,121.944609,29.896574,浙江省宁波市北仑区宁波大榭开发区,住宅区,ok,0.832,18.6993,14.7805,104483.5616,7.6443,1467.0,0.0,1467.0,1467.0,49393.0,26947.4455,2721692.0,130075.0,51568.198,5208388.0,138869.0,83595.8515,8443181.0,144342.0,100507.3663,10151244.0,154245.0,106317.2772,10738045.0,1990,2000,2721692.0,5208388.0,2486696.0
81,G331110,宁波石化经济技术开发区,浙江省,宁波石化,国务院,经济技术开发区,2010.12,770.0,石油加工、核燃料加工、化工,121.612776,30.040754,121.608669,30.043378,浙江省宁波市镇海区宁波石化经济技术开发区,住宅区,ok,2.244,23.3588,18.149,50345.4044,1.7593,1415.0,81.0,1334.0,1253.0,43692.0,13760.5534,1417337.0,80573.0,25817.0291,2659154.0,144602.0,55770.6311,5744375.0,176683.0,74122.1262,7634579.0,190710.0,82297.9515,8476689.0,2010,2015,5744375.0,7634579.0,1890204.0
82,G331111,宁波杭州湾经济技术开发区,浙江省,宁波杭州湾,国务院,经济技术开发区,2014.02,1000.0,汽车及零部件、新材料、电气,121.28779,30.315765,121.283406,30.318173,浙江省宁波市慈溪市杭州湾经济技术开发区,未知,ok,2.739,,32.4806,150904.8494,0.3529,106.0,23.0,83.0,60.0,56.0,9668.9604,976565.0,499.0,21107.2277,2131830.0,44375.0,64462.5941,6510722.0,80611.0,93723.6832,9466092.0,90470.0,110038.396,11113878.0,2010,2015,6510722.0,9466092.0,2955370.0
83,G331021,温州经济技术开发区,浙江省,温州,国务院,经济技术开发区,1992.03,511.0,装备制造、鞋服,120.80925,27.864646,120.80522,27.867921,浙江省温州市经济技术开发区,未知,ok,2.996,137.6198,68.6903,421552.3627,0.6504,283.0,0.0,283.0,283.0,2834.0,36900.1414,3653114.0,80886.0,70130.5253,6942922.0,214982.0,94728.8081,9378152.0,275030.0,107454.404,10637986.0,280801.0,113537.7273,11240235.0,1990,2000,3653114.0,6942922.0,3289808.0
84,G331112,嘉兴经济技术开发区,浙江省,嘉兴,国务院,经济技术开发区,2010.03,1100.0,装备制造、汽车零配件、食品,120.800904,30.734977,120.796637,30.737327,浙江省嘉兴市经济技术开发区,未知,ok,27.642,27.9655,28.5138,248925.8319,0.3379,118.0,0.0,118.0,118.0,749.0,13287.625,1381913.0,18176.0,23876.3173,2483137.0,162971.0,71422.3846,7427928.0,266946.0,107935.4231,11225284.0,303779.0,126308.4327,13136077.0,2010,2015,7427928.0,11225284.0,3797356.0
85,G331113,嘉善经济技术开发区,浙江省,嘉善,国务院,经济技术开发区,2011.06,1820.0,通用设备、电子信息、家具,120.967299,30.849857,120.963062,30.852191,浙江省嘉兴市嘉善县经济技术开发区,未知,ok,30.944,47.9895,27.2024,270473.313,0.2774,170.0,10.0,160.0,150.0,1835.0,16885.0404,1671619.0,3016.0,43036.8283,4260646.0,109714.0,103830.7778,10279247.0,212862.0,146576.2424,14511048.0,272895.0,165026.2121,16337595.0,2010,2015,10279247.0,14511048.0,4231801.0
86,G331114,平湖经济技术开发区,浙江省,平湖,国务院,经济技术开发区,2013.01,1619.0,光机电、生物技术、特种纺织,120.994631,30.751195,120.990307,30.753505,浙江省嘉兴市平湖市经济技术开发区,未知,ok,19.705,,22.3026,142402.1272,0.6173,178.0,5.0,173.0,168.0,68.0,4348.0385,452196.0,1945.0,16869.9327,1754473.0,54354.0,52541.5769,5464324.0,116724.0,78973.6346,8213258.0,154880.0,98023.9808,10194494.0,2010,2015,5464324.0,8213258.0,2748934.0
87,G331115,湖州经济技术开发区,浙江省,湖州,国务院,经济技术开发区,2010.03,800.0,物流装备、节能环保、生物医药,120.100796,30.887995,120.095935,30.89004,浙江省湖州市经济技术开发区,未知,ok,64.051,31.0734,31.2404,285412.3169,1.7347,578.0,142.0,436.0,294.0,41129.0,40980.5196,4180013.0,194188.0,74837.9902,7633475.0,253187.0,124940.0686,12743887.0,279697.0,156583.6078,15971528.0,288502.0,169728.4216,17312299.0,2010,2015,12743887.0,15971528.0,3227641.0
88,G331116,长兴经济技术开发区,浙江省,长兴,国务院,经济技术开发区,2010.11,1900.0,新能源汽车及零部件、家用电器、装备制造,119.919856,31.015718,119.915246,31.018053,浙江省湖州市长兴县经济技术开发区,未知,ok,86.311,50.3418,23.2689,233456.6022,2.0833,952.0,371.0,581.0,210.0,88279.0,23364.703,2359835.0,246739.0,46714.2574,4718140.0,309829.0,108647.4257,10973390.0,336441.0,147335.5446,14880890.0,343290.0,161062.7426,16267337.0,2010,2015,10973390.0,14880890.0,3907500.0
89,G331117,绍兴袍江经济技术开发区,浙江省,绍兴袍江,国务院,经济技术开发区,2010.04,3369.3,纺织、新材料、生物医药,120.60644,30.076349,120.602367,30.078989,浙江省绍兴市越城区袍江经济技术开发区,未知,ok,5.417,57.9634,31.6099,254618.1228,0.6036,663.0,21.0,642.0,621.0,55233.0,30530.1333,3205664.0,100552.0,63875.7429,6706953.0,201935.0,130038.2381,13654015.0,284652.0,170593.3048,17912297.0,297013.0,184933.5333,19418021.0,2010,2015,13654015.0,17912297.0,4258282.0
90,G331118,绍兴柯桥经济技术开发区,浙江省,绍兴柯桥,国务院,经济技术开发区,2012.10,990.0,石油、印染、化纤,120.517851,30.114851,120.513599,30.117362,浙江省绍兴市柯桥区经济技术开发区,未知,ok,11.385,27.7215,31.202,284094.3629,0.4893,609.0,13.0,596.0,583.0,4690.0,41158.703,4157029.0,16668.0,91060.2178,9197082.0,60658.0,153086.8614,15461773.0,94337.0,192301.7129,19422473.0,107184.0,204881.3465,20693016.0,2010,2015,15461773.0,19422473.0,3960700.0
91,G331119,杭州湾上虞经济技术开发区,浙江省,杭州湾上虞,国务院,经济技术开发区,2013.11,1000.0,化工、新材料、汽车及零部件,120.900484,29.971213,120.896431,29.973852,浙江省绍兴市杭州湾上虞区,住宅区,ok,14.335,,19.5544,89168.0263,22.99,2305.0,309.0,1996.0,1687.0,0.0,20953.7921,2116333.0,0.0,32478.2376,3280302.0,0.0,45563.0396,4601867.0,0.0,53704.2178,5424126.0,26.0,58138.0297,5871941.0,2010,2015,4601867.0,5424126.0,822259.0
92,G331120,金华经济技术开发区,浙江省,金华,国务院,经济技术开发区,2010.11,885.99,汽车、热力、运输设备,119.632345,29.077514,119.627657,29.080514,浙江省金华市婺城区金华经济技术开发区,住宅区,ok,133.783,66.7027,54.2172,443658.9744,0.198,801.0,45.0,756.0,711.0,77230.0,58341.9712,6067565.0,307000.0,123167.2212,12809391.0,338919.0,172455.5,17935372.0,352154.0,196960.8077,20483924.0,354493.0,203933.4904,21209083.0,2010,2015,17935372.0,20483924.0,2548552.0
93,G331121,义乌经济技术开发区,浙江省,义乌,国务院,经济技术开发区,2012.03,917.3,纺织服装、文教体娱用品,120.030257,29.289798,120.025581,29.292384,浙江省金华市义乌市义乌经济技术开发区,住宅区,ok,101.17,46.1615,57.6218,405196.3958,0.3791,647.0,118.0,529.0,411.0,16506.0,46170.7353,4709415.0,162904.0,111378.6765,11360625.0,288713.0,151100.2549,15412226.0,343564.0,171192.7059,17461656.0,345226.0,177915.6275,18147394.0,2010,2015,15412226.0,17461656.0,2049430.0
94,G331122,衢州经济技术开发区,浙江省,衢州,国务院,经济技术开发区,2011.06,400.0,新材料、装备制造、金属制品,118.859307,28.970229,118.854512,28.973314,浙江省衢州市,市,ok,184.761,30.4807,22.3267,168968.7763,3.3522,3267.0,374.0,2893.0,2519.0,48662.0,35890.5588,3660837.0,85098.0,62142.7843,6338564.0,141459.0,85738.6667,8745344.0,164610.0,98373.7059,10034118.0,172236.0,104456.2059,10654533.0,2010,2015,8745344.0,10034118.0,1288774.0
95,G331123,丽水经济技术开发区,浙江省,丽水,国务院,经济技术开发区,2014.10,565.0,生态合成革、日用化工、装备制造,119.854815,28.411054,119.85032,28.414443,浙江省丽水市莲都区丽水经济技术开发区,住宅区,ok,77.207,34.4798,19.137,99531.7752,10.9256,5572.0,2509.0,3063.0,554.0,8093.0,8318.4059,840159.0,54139.0,15930.2475,1608955.0,244360.0,51865.1881,5238384.0,338985.0,73906.9604,7464603.0,369532.0,84023.1386,8486337.0,2010,2015,5238384.0,7464603.0,2226219.0
96,G341022,合肥经济技术开发区,安徽省,合肥,国务院,经济技术开发区,2000.02,985.0,家电、装备制造、电子信息,117.21238,31.781675,117.206889,31.783652,安徽省合肥市经济技术开发区,未知,ok,231.307,81.335,61.2043,644236.4079,0.0288,206.0,0.0,206.0,206.0,79939.0,44052.3069,4449283.0,174169.0,98713.901,9970104.0,263075.0,178397.2178,18018119.0,301337.0,222737.099,22496447.0,313502.0,251647.6535,25416413.0,2000,2010,9970104.0,18018119.0,8048015.0
97,G341023,芜湖经济技术开发区,安徽省,芜湖,国务院,经济技术开发区,1993.04,1000.0,汽车及零部件、电子电器、建材,118.3703,31.409145,118.364894,31.41098,安徽省芜湖市经济技术开发区,未知,ok,146.313,33.3379,32.5491,228462.2462,0.2089,159.0,0.0,159.0,159.0,197043.0,51989.375,5406895.0,343385.0,84374.3462,8774932.0,363864.0,116387.6058,12104311.0,372798.0,133888.0577,13924358.0,376520.0,140408.9904,14602535.0,1990,2000,5406895.0,8774932.0,3368037.0
98,G341124,淮南经济技术开发区,安徽省,淮南,国务院,经济技术开发区,2013.03,429.0,专用设备、医药,117.06036,32.657084,117.054714,32.658967,安徽省淮南市经济技术开发区,未知,ok,242.743,75.5062,51.2536,365335.9174,0.7286,756.0,158.0,598.0,440.0,140947.0,99677.4804,10167103.0,245389.0,117071.3333,11941276.0,312274.0,137340.5294,14008734.0,339811.0,148451.1863,15142021.0,343719.0,154937.6765,15803643.0,2010,2015,14008734.0,15142021.0,1133287.0
99,G341125,马鞍山经济技术开发区,安徽省,马鞍山,国务院,经济技术开发区,2010.03,1144.02,汽车及零部件、食品、机械装备,118.494076,31.637362,118.488853,31.639314,安徽省马鞍山市经济技术开发区,未知,ok,122.422,58.9955,29.7798,272008.4198,0.693,442.0,10.0,432.0,422.0,8066.0,51979.5631,5353895.0,22941.0,75038.4854,7728964.0,201093.0,120943.5922,12457190.0,299676.0,147122.1359,15153580.0,324928.0,157948.3786,16268683.0,2010,2015,12457190.0,15153580.0,2696390.0
100,G341126,铜陵经济技术开发区,安徽省,铜陵,国务院,经济技术开发区,2011.04,800.0,铜材加工、电子信息材料、精细化工,117.828802,30.972908,117.823502,30.975217,安徽省铜陵市经济技术开发区,未知,ok,216.732,23.4279,21.3223,209278.859,1.1972,3470.0,2140.0,1330.0,-810.0,6528.0,48282.2222,4779940.0,9584.0,61874.6566,6125591.0,113467.0,103926.2424,10288698.0,180257.0,130423.8788,12911964.0,237336.0,141618.8384,14020265.0,2010,2015,10288698.0,12911964.0,2623266.0
101,G341127,安庆经济技术开发区,安徽省,安庆,国务院,经济技术开发区,2010.03,1240.0,化工医药、汽车零部件、装备制造,117.04387,30.55964,117.038466,30.561954,安徽省安庆市经济技术开发区,未知,ok,304.144,42.6375,39.2018,375474.5255,1.0232,3087.0,994.0,2093.0,1099.0,8647.0,56300.11,5630011.0,60348.0,88908.0,8890800.0,195036.0,129958.05,12995805.0,278724.0,152855.83,15285583.0,309526.0,165691.79,16569179.0,2010,2015,12995805.0,15285583.0,2289778.0
102,G341128,桐城经济技术开发区,安徽省,桐城,国务院,经济技术开发区,2013.11,1000.0,轻工电子、机械、新能源、新材料,111.21226,35.328574,111.20622,35.328989,山西省运城市闻喜县桐城镇闻喜经济技术开发区,住宅区,ok,671.979,9.635,13.5454,104218.3392,0.0034,35.0,17.0,18.0,1.0,23573.0,49835.3366,5033369.0,35131.0,62932.7921,6356212.0,49530.0,75180.8614,7593267.0,62981.0,82136.3168,8295768.0,80595.0,88603.6436,8948968.0,2010,2015,7593267.0,8295768.0,702501.0
103,G341129,滁州经济技术开发区,安徽省,滁州,国务院,经济技术开发区,2011.04,1089.0,智能家电、汽车、食品,118.323597,32.281243,118.318186,32.283236,安徽省滁州市经济技术开发区,未知,ok,121.752,54.0307,26.2087,259832.7803,4.6098,219.0,105.0,114.0,9.0,87061.0,52509.9612,5408526.0,303167.0,73039.8447,7523104.0,347684.0,118377.1165,12192843.0,370329.0,146997.3689,15140729.0,374222.0,160576.3495,16539364.0,2010,2015,12192843.0,15140729.0,2947886.0
104,G341130,六安经济技术开发区,安徽省,六安,国务院,经济技术开发区,2013.03,794.0,装备制造、轻工纺织、建材,116.599815,31.76451,116.594864,31.766705,安徽省六安市经济技术开发区,未知,ok,288.553,21.3446,18.2491,129605.2876,0.1227,437.0,141.0,296.0,155.0,32690.0,15869.4951,1634558.0,83378.0,29573.7961,3046101.0,217170.0,69969.0097,7206808.0,290384.0,94223.0,9704969.0,322018.0,106330.3592,10952027.0,2010,2015,7206808.0,9704969.0,2498161.0
105,G341131,池州经济技术开发区,安徽省,池州,国务院,经济技术开发区,2011.06,480.0,电子信息、装备制造,117.488626,30.673167,117.483148,30.675515,安徽省池州市经济技术开发区,未知,ok,263.021,51.3875,29.6936,141163.2786,1.2258,954.0,399.0,555.0,156.0,140450.0,24127.0196,2460956.0,221506.0,36193.0588,3691692.0,297910.0,56516.3235,5764665.0,328746.0,67948.2059,6930717.0,330114.0,71596.0784,7302800.0,2010,2015,5764665.0,6930717.0,1166052.0
106,G341132,宣城经济技术开发区,安徽省,宣城,国务院,经济技术开发区,2014.10,725.0,汽车零部件、装备制造、医药,118.735281,30.931318,118.730163,30.933547,安徽省宣城市经济技术开发区,未知,ok,162.902,30.0697,19.5341,174966.9246,6.347,12122.0,6184.0,5938.0,-246.0,0.0,21636.0385,2250148.0,0.0,34229.4327,3559861.0,154803.0,68526.0385,7126708.0,267975.0,90533.9615,9415532.0,284534.0,101293.9038,10534566.0,2010,2015,7126708.0,9415532.0,2288824.0
107,G341133,宁国经济技术开发区,安徽省,宁国,国务院,经济技术开发区,2013.03,137.0,密封元器件、电子元器件、机械基础件,119.033596,30.64957,119.028357,30.651844,安徽省宣城市宁国市经济技术开发区,未知,ok,118.63,10.1661,8.5638,77844.577,32.4179,15696.0,8672.0,7024.0,-1648.0,49.0,11698.6117,1204957.0,1543.0,17185.3981,1770096.0,38708.0,33282.068,3428053.0,75970.0,44948.2524,4629670.0,95136.0,51908.9515,5346622.0,2010,2015,3428053.0,4629670.0,1201617.0
108,G351024,福州经济技术开发区,福建省,福州,国务院,经济技术开发区,1985.01,2300.0,电子信息、农副食品、电气机械器材,119.425672,26.008994,119.420756,26.011916,福建省福州市经济技术开发区,未知,ok,0.629,89.9497,67.7503,302437.3244,11.3965,1956.0,0.0,1956.0,1956.0,4790.0,40689.6768,4028278.0,107090.0,66222.8889,6556066.0,108615.0,77155.3737,7638382.0,110383.0,83022.0303,8219181.0,116163.0,86473.5657,8560883.0,1990,1990,4028278.0,4028278.0,
109,G351025,福清融侨经济技术开发区,福建省,福清融侨,国务院,经济技术开发区,1992.10,1000.0,电子信息、汽车及零部件、光学,119.321589,25.723437,119.316771,25.726267,福建省福州市福清市福清融侨经济技术开发区,住宅区,ok,12.78,80.5032,51.2319,234437.0022,10.8704,10723.0,0.0,10723.0,10723.0,15349.0,21724.404,2150716.0,128384.0,63571.5354,6293582.0,191994.0,81833.9798,8101564.0,221825.0,91582.4949,9066667.0,230263.0,97652.3333,9667581.0,1990,2000,2150716.0,6293582.0,4142866.0
110,G351134,厦门海沧台商投资区,福建省,厦门海沧,国务院,经济技术开发区,1989.05,6316.0,港口物流、生物医药、集成电路,118.032819,24.484495,118.027913,24.487232,福建省厦门市海沧区台商投资区,住宅区,ok,0.1,137.9661,110.6451,475552.4955,2.5578,2545.0,0.0,2545.0,2545.0,60906.0,50645.1078,5165801.0,170477.0,88106.3725,8986850.0,185338.0,104207.2059,10629135.0,194157.0,115755.7941,11807091.0,208506.0,132289.7157,13493551.0,1990,1990,5165801.0,5165801.0,
111,G351135,泉州经济技术开发区,福建省,泉州,国务院,经济技术开发区,2010.06,1250.0,纺织鞋服、金属加工、机械,118.559913,24.871103,118.555431,24.874079,福建省泉州市经济技术开发区,未知,ok,2.081,99.8751,74.6108,562565.0885,1.1872,2196.0,117.0,2079.0,1962.0,116994.0,98927.6667,9793839.0,327251.0,168349.0505,16666556.0,333021.0,186322.7778,18445955.0,336518.0,196150.0808,19418858.0,342456.0,205147.4545,20309598.0,2010,2015,18445955.0,19418858.0,972903.0
112,G351136,泉州台商投资区,福建省,泉州,国务院,经济技术开发区,2012.01,1500.0,纺织鞋服、装备制造、纸品印刷,118.755049,24.885252,118.750405,24.888072,福建省泉州市惠安县泉州台商投资区,住宅区,ok,2.092,67.8957,29.6173,145687.3272,0.1889,513.0,25.0,488.0,463.0,51930.0,50580.3365,5260355.0,120965.0,68155.5,7088172.0,171466.0,80341.0865,8355473.0,201271.0,88025.1346,9154614.0,227698.0,99556.5,10353876.0,2010,2015,8355473.0,9154614.0,799141.0
113,G351026,东山经济技术开发区,福建省,东山,国务院,经济技术开发区,1993.04,1000.0,农副食品、食品、非金属矿物,112.973337,35.757881,112.967083,35.758088,山西省晋城市高平市东山村高平经济技术开发区,住宅区,ok,515.718,14.5939,20.1235,86088.4036,0.7272,278.0,0.0,278.0,278.0,0.0,27890.0099,2816891.0,0.0,36591.396,3695731.0,0.0,47125.1683,4759642.0,3791.0,53336.4554,5386982.0,23040.0,57334.3069,5790765.0,1990,2000,2816891.0,3695731.0,878840.0
114,G351137,漳州招商局经济技术开发区,福建省,漳州招商局,国务院,经济技术开发区,2010.04,3140.0,交通设备、粮油食品、金属制品,118.049735,24.403733,118.044799,24.406415,福建省漳州市龙海区漳州招商局经济技术开发区,住宅区,ok,0.149,37.9835,32.0592,54917.4044,0.2402,1635.0,318.0,1317.0,999.0,75510.0,15868.8265,1555145.0,196465.0,30011.9184,2941168.0,198380.0,35713.4286,3499916.0,202930.0,40099.8571,3929786.0,221832.0,47869.0714,4691169.0,2010,2015,3499916.0,3929786.0,429870.0
115,G351138,漳州台商投资区,福建省,漳州,国务院,经济技术开发区,2012.02,1244.0,特殊钢铁、造纸及纸制品、食品,117.810267,24.487562,117.805438,24.490457,福建省漳州市龙海区漳州台商投资区,住宅区,ok,2.242,13.5955,18.0092,123723.2089,0.8464,1919.0,637.0,1282.0,645.0,175933.0,59033.78,5903378.0,267314.0,97362.46,9736246.0,279939.0,111248.24,11124824.0,285892.0,118320.82,11832082.0,290379.0,122344.96,12234496.0,2010,2015,11124824.0,11832082.0,707258.0
116,G351139,龙岩经济技术开发区,福建省,龙岩,国务院,经济技术开发区,2012.03,300.0,机械、专用车、环境科技,117.0009,25.033832,116.99609,25.036644,福建省龙岩市经济技术开发区,未知,ok,102.198,22.6917,19.2321,148318.2143,26.5748,13975.0,6040.0,7935.0,1895.0,41810.0,30499.5758,3019458.0,170958.0,48889.7172,4840082.0,202918.0,62022.0707,6140185.0,217173.0,68449.7172,6776522.0,225404.0,71892.0404,7117312.0,2010,2015,6140185.0,6776522.0,636337.0
117,G351140,东侨经济技术开发区,福建省,东侨,国务院,经济技术开发区,2012.12,393.33,电机电器、食品、生物医药,119.557115,26.665504,119.552558,26.669017,福建省宁德市蕉城区东侨经济技术开发区,住宅区,ok,0.449,89.231,39.1886,274751.5534,6.8315,3523.0,932.0,2591.0,1659.0,543.0,23061.1683,2329178.0,13903.0,49340.4455,4983385.0,88383.0,69069.0396,6975973.0,137272.0,80147.099,8094857.0,167588.0,85787.6832,8664556.0,2010,2015,6975973.0,8094857.0,1118884.0
118,G361027,南昌经济技术开发区,江西省,南昌,国务院,经济技术开发区,2000.04,980.0,电子信息、汽车及零部件、医药,115.842789,28.732856,115.837848,28.736129,江西省南昌市经济技术开发区,未知,ok,431.221,112.8906,60.5295,607898.072,0.3432,1249.0,0.0,1249.0,1249.0,32273.0,38247.6337,3863011.0,102816.0,67940.4455,6861985.0,163687.0,115171.4455,11632316.0,198746.0,143438.3663,14487275.0,203141.0,158135.703,15971706.0,2000,2010,6861985.0,11632316.0,4770331.0
119,G361141,南昌小蓝经济技术开发区,江西省,南昌小蓝,国务院,经济技术开发区,2012.07,1800.0,汽车及零部件、食品饮料、生物医药,115.893216,28.54615,115.888381,28.549585,江西省南昌市南昌县小蓝经济技术开发区,住宅区,ok,414.118,26.0431,29.3902,256782.2174,0.2821,473.0,273.0,200.0,-73.0,4837.0,46928.8788,4645959.0,18401.0,74083.6465,7334281.0,231920.0,146076.2929,14461553.0,347389.0,188078.9697,18619818.0,369453.0,205244.4242,20319198.0,2010,2015,14461553.0,18619818.0,4158265.0
120,G361142,萍乡经济技术开发区,江西省,萍乡,国务院,经济技术开发区,2010.12,1655.0,新材料、装备制造、医药、食品,113.87239,27.643747,113.867128,27.647184,江西省萍乡市经济技术开发区,未知,ok,497.606,120.0287,53.195,441997.046,4.3858,4999.0,1711.0,3288.0,1577.0,21600.0,57886.1275,5904385.0,172926.0,97209.6961,9915389.0,294933.0,154098.3529,15718032.0,344146.0,184734.9314,18842963.0,346214.0,195937.2353,19985598.0,2010,2015,15718032.0,18842963.0,3124931.0
121,G361143,九江经济技术开发区,江西省,九江,国务院,经济技术开发区,2010.03,2267.0,新能源、电子电器、汽车及零部件,115.970646,29.705725,115.965641,29.708355,江西省九江市经济技术开发区,未知,ok,407.262,95.3298,55.3531,408948.5419,0.711,2106.0,1116.0,990.0,-126.0,271072.0,74807.6337,7555571.0,361914.0,111096.4158,11220738.0,365350.0,139051.901,14044242.0,368252.0,155175.8119,15672757.0,375894.0,164459.1188,16610371.0,2010,2015,14044242.0,15672757.0,1628515.0
122,G361144,赣州经济技术开发区,江西省,赣州,国务院,经济技术开发区,2010.03,748.0,新材料、新能源汽车、电子信息,114.892118,25.840515,114.887421,25.843725,江西省赣州市经济技术开发区,未知,ok,319.717,,44.2577,304935.294,0.2407,939.0,123.0,816.0,693.0,91008.0,59213.495,5980563.0,194791.0,89511.5644,9040668.0,279344.0,131785.0198,13310287.0,314695.0,152432.8317,15395716.0,314695.0,159430.4356,16102474.0,2010,2015,13310287.0,15395716.0,2085429.0
123,G361145,龙南经济技术开发区,江西省,龙南,国务院,经济技术开发区,2013.03,413.3,新材料、电子信息、轻工,114.81965,24.897866,114.81491,24.900798,江西省赣州市龙南市经济技术开发区,未知,ok,221.045,64.8692,44.9094,182871.0736,11.4067,13774.0,7889.0,5885.0,-2004.0,59425.0,28515.21,2851521.0,88861.0,44373.22,4437322.0,166063.0,61724.57,6172457.0,199188.0,71150.56,7115056.0,202660.0,74155.4,7415540.0,2010,2015,6172457.0,7115056.0,942599.0
124,G361146,瑞金经济技术开发区,江西省,瑞金,国务院,经济技术开发区,2013.11,200.0,电气机械器材、食品、服装纺织,116.009516,26.422993,116.004653,26.426325,江西省赣州市宁都县瑞金经济技术开发区(宁都园区),住宅区,ok,281.738,111.26,70.0687,168725.3217,10.9767,7978.0,2218.0,5760.0,3542.0,19208.0,18375.8544,1892713.0,38495.0,26853.4078,2765901.0,74036.0,36729.068,3783094.0,88450.0,41884.9223,4314147.0,89265.0,45979.7864,4735918.0,2010,2015,3783094.0,4314147.0,531053.0
125,G361147,井冈山经济技术开发区,江西省,井冈山,国务院,经济技术开发区,2010.03,1067.0,电子信息、机械、生物医药,114.985753,27.007863,114.980801,27.011266,江西省吉安市吉安县井冈山经济技术开发区,住宅区,ok,398.641,14.8898,23.7138,66541.0109,5.9984,13525.0,4226.0,9299.0,5073.0,11780.0,10148.0874,1045253.0,17233.0,15507.1165,1597233.0,26558.0,27759.0291,2859180.0,33854.0,35613.9126,3668233.0,56751.0,42648.6699,4392813.0,2010,2015,2859180.0,3668233.0,809053.0
126,G361148,宜春经济技术开发区,江西省,宜春,国务院,经济技术开发区,2013.01,1100.0,机电、医药、新材料,114.392093,27.856921,114.386771,27.860028,江西省宜春市经济技术开发区,未知,ok,525.429,53.0573,35.2716,210359.8887,12.6019,24152.0,16278.0,7874.0,-8404.0,14446.0,7625.3367,747283.0,26034.0,16210.949,1588673.0,162586.0,49540.5,4854969.0,247591.0,76596.0204,7506410.0,307885.0,115290.4898,11298468.0,2010,2015,4854969.0,7506410.0,2651441.0
127,G361149,上饶经济技术开发区,江西省,上饶,国务院,经济技术开发区,2010.11,1481.47,光伏、光学、汽车,117.875079,28.455521,117.870096,28.458951,江西省上饶市经济技术开发区,未知,ok,250.23,37.6748,51.2467,203449.3078,8.3034,6050.0,1139.0,4911.0,3772.0,20137.0,22271.3143,2338488.0,35617.0,37517.7429,3939363.0,63547.0,69010.219,7246073.0,76181.0,85379.2667,8964823.0,89882.0,92466.0952,9708940.0,2010,2015,7246073.0,8964823.0,1718750.0
128,G371150,明水经济技术开发区,山东省,明水,国务院,经济技术开发区,2012.10,517.13,机械、交通装备、精细化工,117.426798,36.690015,117.420545,36.689559,山东省济南市章丘区明水经济技术开发区,住宅区,ok,171.115,9.7849,12.0979,83644.981,0.1723,538.0,33.0,505.0,472.0,5951.0,23623.3366,2385957.0,10782.0,37617.9109,3799409.0,62074.0,79771.3861,8056910.0,97809.0,108286.8911,10936976.0,111244.0,127262.7624,12853539.0,2010,2015,8056910.0,10936976.0,2880066.0
129,G371028,青岛经济技术开发区,山东省,青岛,国务院,经济技术开发区,1984.10,1752.0,家电、石化、汽车,120.182128,35.965077,120.176984,35.964931,山东省青岛市经济技术开发区,未知,ok,2.323,88.0346,36.5045,306273.046,0.0558,926.0,0.0,926.0,926.0,226536.0,34343.4706,3503034.0,379217.0,87372.8627,8912032.0,383162.0,140043.3333,14284420.0,385428.0,173143.0784,17660594.0,388860.0,192173.2059,19601667.0,1990,1990,3503034.0,3503034.0,
130,G371151,胶州经济技术开发区,山东省,胶州,国务院,经济技术开发区,2012.12,1700.0,机械电子、电商、物流,120.101044,36.16844,120.095672,36.168138,山东省青岛市胶州市经济技术开发区,未知,ok,0.488,,10.0343,21232.6491,0.0131,0.0,0.0,0.0,0.0,130.0,7073.5941,714433.0,159.0,8863.2079,895184.0,9822.0,17920.9703,1810018.0,17525.0,24651.6931,2489821.0,30148.0,33132.6931,3346402.0,2010,2015,1810018.0,2489821.0,679803.0
131,G371152,东营经济技术开发区,山东省,东营,国务院,经济技术开发区,2010.03,1735.0,有色金属、新材料、装备制造,118.695546,37.433736,118.689831,37.43302,山东省东营市东营区东营经济技术开发区,住宅区,ok,22.934,31.1183,15.6272,166914.3172,0.2027,132.0,118.0,14.0,-104.0,16633.0,45088.402,4599017.0,126258.0,84589.8235,8628162.0,229411.0,144742.7745,14763763.0,271981.0,180257.2941,18386244.0,274570.0,192880.4412,19673805.0,2010,2015,14763763.0,18386244.0,3622481.0
132,G371029,烟台经济技术开发区,山东省,烟台,国务院,经济技术开发区,1984.10,1000.0,电子信息、机械、汽车、食品,121.268823,37.563771,121.26378,37.562915,山东省烟台市经济技术开发区,未知,ok,1.775,42.1806,31.5642,222906.7202,0.0341,112.0,0.0,112.0,112.0,321422.0,54408.1058,5658443.0,335990.0,106884.1923,11115956.0,341603.0,144559.2308,15034160.0,344088.0,165475.0769,17209408.0,345293.0,171925.9904,17880303.0,1990,1990,5658443.0,5658443.0,
133,G371153,招远经济技术开发区,山东省,招远,国务院,经济技术开发区,2011.09,363.0,黄金加工、橡胶轮胎、电子材料,120.42754,37.38924,120.422299,37.388282,山东省烟台市招远市经济技术开发区,未知,ok,24.918,22.1961,19.7776,184386.6371,0.0394,110.0,54.0,56.0,2.0,4427.0,44624.2451,4551673.0,26487.0,72974.8725,7443437.0,214611.0,106446.2745,10857520.0,322104.0,126721.3333,12925576.0,387790.0,140206.1765,14301030.0,2010,2015,10857520.0,12925576.0,2068056.0
134,G371154,潍坊滨海经济技术开发区,山东省,潍坊滨海,国务院,经济技术开发区,2010.04,500.0,石化、盐化、装备制造、物流,119.21435,37.091808,119.208536,37.091184,山东省潍坊市寒亭区滨海新区经济技术开发区,未知,ok,7.26,11.8419,8.9229,9012.1364,0.01,35.0,32.0,3.0,-29.0,102.0,1788.49,178849.0,102.0,2108.1,210810.0,730.0,3109.95,310995.0,4026.0,4717.2,471720.0,26765.0,10329.68,1032968.0,2010,2015,310995.0,471720.0,160725.0
135,G371030,威海经济技术开发区,山东省,威海,国务院,经济技术开发区,1992.10,572.0,装备制造、电子信息、食品,122.153254,37.42892,122.148273,37.427955,山东省威海市经济技术开发区,未知,ok,1.364,60.0203,31.2298,222356.3435,0.8621,2753.0,0.0,2753.0,2753.0,97056.0,39892.1188,4029104.0,217611.0,80471.3168,8127603.0,310028.0,112787.9604,11391584.0,349279.0,130756.3762,13206394.0,360670.0,138834.4356,14022278.0,1990,2000,4029104.0,8127603.0,4098499.0
136,G371155,威海临港经济技术开发区,山东省,威海临港,国务院,经济技术开发区,2013.11,500.0,新材料、汽车零部件、装备制造,122.14386,37.342257,122.138866,37.34131,山东省威海市环翠区威海临港经济技术开发区,住宅区,ok,9.389,13.7221,11.5915,133893.3255,5.4071,4833.0,520.0,4313.0,3793.0,1046.0,10647.5306,1043458.0,1046.0,17243.0204,1689816.0,41950.0,40076.898,3927536.0,75241.0,55976.9694,5485743.0,87691.0,65111.8878,6380965.0,2010,2015,3927536.0,5485743.0,1558207.0
137,G371156,日照经济技术开发区,山东省,日照,国务院,经济技术开发区,2010.04,850.0,汽车及零部件、粮油食品、包装,119.518786,35.390885,119.513329,35.391172,山东省日照市经济技术开发区,未知,ok,3.493,48.1197,32.7051,303143.6842,0.0131,26.0,0.0,26.0,26.0,148159.0,60631.402,6184403.0,372741.0,118046.1569,12040708.0,374459.0,168938.1373,17231690.0,379109.0,203733.7353,20780841.0,398904.0,243428.2843,24829685.0,2010,2015,17231690.0,20780841.0,3549151.0
138,G371157,临沂经济技术开发区,山东省,临沂,国务院,经济技术开发区,2010.12,488.42,装备制造、生物医药、新材料,118.511703,35.021253,118.506217,35.021915,山东省临沂市经济技术开发区,未知,ok,62.721,9.2241,8.662,54527.5644,0.3454,576.0,76.0,500.0,424.0,5083.0,23378.0196,2384558.0,5889.0,44180.6471,4506426.0,141206.0,87988.3431,8974811.0,250851.0,117187.1078,11953085.0,319299.0,143541.5098,14641234.0,2010,2015,8974811.0,11953085.0,2978274.0
139,G371158,德州经济技术开发区,山东省,德州,国务院,经济技术开发区,2012.03,1097.0,新能源、装备制造、农副产品加工,116.406874,37.369534,116.400938,37.368652,山东省德州市经济技术开发区,未知,ok,161.095,7.365,10.4119,59212.2944,0.5051,2531.0,24.0,2507.0,2483.0,21717.0,22131.03,2213103.0,37987.0,33106.24,3310624.0,82030.0,48963.72,4896372.0,107418.0,58491.09,5849109.0,131279.0,67813.95,6781395.0,2010,2015,4896372.0,5849109.0,952737.0
140,G371159,聊城经济技术开发区,山东省,聊城,国务院,经济技术开发区,2013.03,1200.0,新能源、新能源汽车、金属加工、生物制药,116.044105,36.521592,116.03824,36.521308,山东省聊城市经济技术开发区,未知,ok,252.179,9.5115,11.5953,108404.5907,0.8003,1255.0,6.0,1249.0,1243.0,32964.0,32326.0099,3264927.0,44000.0,42394.8416,4281879.0,61644.0,61894.0594,6251300.0,70817.0,75086.5149,7583738.0,80915.0,92833.0594,9376139.0,2010,2015,6251300.0,7583738.0,1332438.0
141,G371160,滨州经济技术开发区,山东省,滨州,国务院,经济技术开发区,2013.11,900.0,汽车零部件、新材料、纺织家纺,117.938083,37.35267,117.932256,37.352104,山东省滨州市经济技术开发区,未知,ok,88.339,13.0483,11.1354,110162.6117,0.1343,494.0,21.0,473.0,452.0,26702.0,33636.9615,3498244.0,30860.0,47641.1923,4954684.0,127946.0,100029.5673,10403075.0,199146.0,136077.25,14152034.0,234004.0,157794.9135,16410671.0,2010,2015,10403075.0,14152034.0,3748959.0
142,G371161,邹平经济技术开发区,山东省,邹平,国务院,经济技术开发区,2010.11,820.0,服装纺织、铝制品、食品,117.818489,36.891876,117.812563,36.891521,山东省滨州市邹平市经济技术开发区,未知,ok,111.53,14.7899,11.2085,130668.1807,0.3633,717.0,409.0,308.0,-101.0,7999.0,17268.8586,1709617.0,31425.0,51396.2525,5088229.0,94489.0,117170.8182,11599911.0,179884.0,163746.9192,16210945.0,424221.0,210792.3131,20868439.0,2010,2015,11599911.0,16210945.0,4611034.0
143,G411031,郑州经济技术开发区,河南省,郑州,国务院,经济技术开发区,2000.02,1249.0,汽车、装备制造、物流,113.747218,34.721388,113.741036,34.722424,河南省郑州市经济技术开发区,未知,ok,539.569,102.0215,63.1462,660130.4067,0.0616,52.0,0.0,52.0,52.0,109902.0,82553.0606,8172753.0,347768.0,145805.4646,14434741.0,376404.0,213451.6061,21131709.0,390262.0,248323.303,24584007.0,402247.0,261423.4444,25880921.0,2000,2010,14434741.0,21131709.0,6696968.0
144,G411162,开封经济技术开发区,河南省,开封,国务院,经济技术开发区,2010.11,681.64,装备制造、汽车及零部件,114.448023,34.741342,114.442157,34.742207,河南省开封市经济技术开发区,未知,ok,434.645,22.8778,12.3202,116918.5737,0.2822,1217.0,0.0,1217.0,1217.0,19606.0,54773.0098,5586847.0,67233.0,71922.4412,7336089.0,181474.0,90826.4902,9264302.0,249879.0,102501.1275,10455115.0,322566.0,112028.1667,11426873.0,2010,2015,9264302.0,10455115.0,1190813.0
145,G411163,洛阳经济技术开发区,河南省,洛阳,国务院,经济技术开发区,2012.07,420.0,光伏、装备制造、新材料,112.654642,34.584801,112.648673,34.586105,河南省洛阳市经济技术开发区,未知,ok,618.92,20.4159,11.6213,65613.6455,0.0798,1140.0,1.0,1139.0,1138.0,135689.0,26325.419,2764169.0,173050.0,45935.4762,4823225.0,193675.0,63140.2667,6629728.0,202119.0,72884.0667,7652827.0,203099.0,78741.9905,8267909.0,2010,2015,6629728.0,7652827.0,1023099.0
146,G411164,红旗渠经济技术开发区,河南省,红旗渠,国务院,经济技术开发区,2012.10,241.0,装备制造、钢铁、电子电器,113.261693,36.234244,113.255211,36.23424,山西省长治市平顺县平顺经济技术开发区,住宅区,ok,462.79,,11.9606,45402.2782,0.905,443.0,96.0,347.0,251.0,55304.0,8422.5243,867520.0,59382.0,9519.1553,980473.0,68533.0,12707.6505,1308888.0,73496.0,14419.9903,1485259.0,80343.0,15146.4563,1560085.0,2010,2015,1308888.0,1485259.0,176371.0
147,G411165,鹤壁经济技术开发区,河南省,鹤壁,国务院,经济技术开发区,2010.11,1770.0,电子信息、镁精加工,114.333023,35.771159,114.327034,35.771154,河南省鹤壁市淇滨区鹤壁经济技术开发区,住宅区,ok,417.734,25.7244,44.0646,202697.0905,0.2582,233.0,20.0,213.0,193.0,65616.0,24862.7476,2560863.0,85134.0,47057.2718,4846899.0,129521.0,72850.6408,7503616.0,164684.0,90667.5728,9338760.0,214741.0,102980.7087,10607013.0,2010,2015,7503616.0,9338760.0,1835144.0
148,G411166,新乡经济技术开发区,河南省,新乡,国务院,经济技术开发区,2012.07,1460.3,装备制造、服装纺织,114.046841,35.285271,114.040669,35.285572,河南省新乡市经济技术开发区,未知,ok,474.583,12.2485,13.1017,75269.5295,0.0563,468.0,46.0,422.0,376.0,13297.0,34865.6961,3556301.0,30929.0,45428.9118,4633749.0,74430.0,70232.0882,7163673.0,112094.0,87688.8824,8944266.0,128078.0,103601.451,10567348.0,2010,2015,7163673.0,8944266.0,1780593.0
149,G411167,濮阳经济技术开发区,河南省,濮阳,国务院,经济技术开发区,2013.01,500.0,石化、林纸林板、装备制造,115.022407,35.775439,115.01654,35.775457,河南省濮阳市经济技术开发区,未知,ok,375.562,55.0276,37.7474,334215.6682,0.1549,670.0,556.0,114.0,-442.0,83490.0,98193.4,9819340.0,331114.0,142479.92,14247992.0,350475.0,180753.13,18075313.0,359358.0,206366.23,20636623.0,361634.0,234872.64,23487264.0,2010,2015,18075313.0,20636623.0,2561310.0
150,G411168,许昌经济技术开发区,河南省,许昌,国务院,经济技术开发区,2010.12,255.0,装备制造、发制品、生物科技,113.794361,33.986629,113.788329,33.988096,河南省许昌市经济技术开发区,未知,ok,503.557,10.9303,23.1661,255568.6501,0.0969,1009.0,0.0,1009.0,1009.0,99359.0,94702.3824,9659643.0,117092.0,115294.1275,11760001.0,127925.0,134923.8922,13762237.0,135891.0,146665.0,14959830.0,149266.0,153106.9412,15616908.0,2010,2015,13762237.0,14959830.0,1197593.0
151,G411169,漯河经济技术开发区,河南省,漯河,国务院,经济技术开发区,2010.11,390.5,食品、装备制造、物流,114.05289,33.556446,114.046888,33.557852,河南省漯河市经济技术开发区,未知,ok,491.741,55.7995,52.979,505313.5878,0.1467,320.0,3.0,317.0,314.0,382516.0,99457.2718,10244099.0,383518.0,147757.7864,15219052.0,383690.0,183787.9806,18930162.0,383759.0,204505.8447,21064102.0,383759.0,215765.2816,22223824.0,2010,2015,18930162.0,21064102.0,2133940.0
152,G421170,武汉临空港经济技术开发区,湖北省,武汉临空港,国务院,经济技术开发区,2010.11,1900.0,汽车、农副食品,114.131368,30.608947,114.125678,30.611243,湖北省武汉市东西湖区武汉临空港经济技术开发区,住宅区,ok,549.95,99.6185,61.9108,517574.2887,0.0928,182.0,1.0,181.0,180.0,94659.0,47766.1553,4919914.0,256932.0,76841.0583,7914629.0,322708.0,116251.0777,11973861.0,349190.0,139765.0485,14395800.0,350662.0,154238.2524,15886540.0,2010,2015,11973861.0,14395800.0,2421939.0
153,G421032,武汉经济技术开发区,湖北省,武汉,国务院,经济技术开发区,1993.04,1000.0,汽车、电子电器、食品,114.161374,30.492858,114.155772,30.495242,湖北省武汉市经济技术开发区,未知,ok,551.801,54.6819,36.8133,214364.0833,0.0685,341.0,0.0,341.0,341.0,29348.0,10709.1275,1092331.0,276296.0,58769.4706,5994486.0,280211.0,99058.6667,10103984.0,289997.0,121760.8039,12419602.0,329834.0,132167.1373,13481048.0,1990,2000,1092331.0,5994486.0,4902155.0
154,G421171,黄石经济技术开发区,湖北省,黄石,国务院,经济技术开发区,2010.03,1872.57,电子信息、装备制造、生物医药,115.128863,30.151467,115.123397,30.153833,湖北省黄石市经济技术开发区,未知,ok,483.586,15.635,9.912,39707.5725,6.5401,2292.0,72.0,2220.0,2148.0,73838.0,23848.7549,2432573.0,102910.0,29089.0098,2967079.0,130595.0,37571.5882,3832302.0,143451.0,42439.0392,4328782.0,144376.0,46070.6961,4699211.0,2010,2015,3832302.0,4328782.0,496480.0
155,G421172,十堰经济技术开发区,湖北省,十堰,国务院,经济技术开发区,2012.12,2002.97,汽车,110.867116,32.576673,110.861881,32.578999,湖北省十堰市经济技术开发区,未知,ok,808.059,27.4203,21.4717,185085.9473,20.6905,12791.0,5911.0,6880.0,969.0,51038.0,23607.901,2384398.0,135951.0,35010.3762,3536048.0,191916.0,70131.3465,7083266.0,225240.0,90334.7822,9123813.0,226346.0,97953.8713,9893341.0,2010,2015,7083266.0,9123813.0,2040547.0
156,G421173,襄阳经济技术开发区,湖北省,襄阳,国务院,经济技术开发区,2010.04,1470.0,汽车、装备制造、电子信息,112.256564,32.08034,112.250701,32.082483,湖北省襄阳市经济技术开发区,未知,ok,693.955,10.5826,9.0376,87863.2445,0.0831,74.0,1.0,73.0,72.0,2879.0,28583.7525,2886959.0,3327.0,42442.4455,4286687.0,69111.0,61802.2673,6242029.0,131000.0,74909.9604,7565906.0,202053.0,90539.4158,9144481.0,2010,2015,6242029.0,7565906.0,1323877.0
157,G421174,鄂州葛店经济技术开发区,湖北省,鄂州葛店,国务院,经济技术开发区,2012.07,731.34,生物医药、电商、仓储物流,114.652452,30.492493,114.647349,30.495114,湖北省鄂州市华容区葛店经济技术开发区,住宅区,ok,508.116,10.5388,13.9611,128037.2019,0.136,1142.0,9.0,1133.0,1124.0,10288.0,10894.8515,1100380.0,13384.0,17189.4455,1736134.0,21599.0,36167.3267,3652900.0,31584.0,50464.5347,5096918.0,52072.0,66414.4653,6707861.0,2010,2015,3652900.0,5096918.0,1444018.0
158,G421175,荆州经济技术开发区,湖北省,荆州,国务院,经济技术开发区,2011.06,970.87,装备制造、医药化工、轻纺,112.332487,30.252973,112.326679,30.255436,湖北省荆州市经济技术开发区,未知,ok,798.231,26.8347,19.1352,158477.9041,0.1691,300.0,27.0,273.0,246.0,14737.0,30367.697,3006402.0,26254.0,42577.5455,4215177.0,137062.0,68806.9192,6811885.0,198726.0,84151.101,8330959.0,268971.0,99465.2222,9847057.0,2010,2015,6811885.0,8330959.0,1519074.0
159,G431176,望城经济技术开发区,湖南省,望城,国务院,经济技术开发区,2014.02,633.3,有色金属加工、食品、电子信息,115.840951,28.734373,115.836006,28.737642,江西省南昌市新建区望城镇南昌经济技术开发区,住宅区,ok,431.467,125.3254,58.9968,597933.0668,0.6004,1419.0,504.0,915.0,411.0,32273.0,36961.6634,3733128.0,102816.0,66313.8812,6697702.0,163687.0,113437.3465,11457172.0,198746.0,141654.8911,14307144.0,203141.0,156320.6337,15788384.0,2010,2015,11457172.0,14307144.0,2849972.0
160,G431033,长沙经济技术开发区,湖南省,长沙,国务院,经济技术开发区,2000.02,1200.0,工程机械、汽车及零部件、电子信息,113.084455,28.240252,113.07858,28.243421,湖南省长沙市经济技术开发区,未知,ok,566.88,52.9415,46.9807,466189.4655,0.8097,4472.0,0.0,4472.0,4472.0,1758.0,33174.4059,3350615.0,345683.0,107234.9406,10830729.0,367046.0,183885.198,18572405.0,376296.0,223854.1485,22609269.0,379738.0,234957.3564,23730693.0,2000,2010,10830729.0,18572405.0,7741676.0
161,G431177,宁乡经济技术开发区,湖南省,宁乡,国务院,经济技术开发区,2010.11,580.32,食品饮料、装备制造、新材料,112.571277,28.275503,112.565936,28.279028,湖南省长沙市宁乡市经济技术开发区,未知,ok,578.704,91.8932,38.9323,342059.3918,0.9603,12335.0,1417.0,10918.0,9501.0,3978.0,26154.0194,2693864.0,39360.0,51686.4563,5323705.0,208716.0,94683.5437,9752405.0,303889.0,119778.5728,12337193.0,337892.0,131565.5437,13551251.0,2010,2015,9752405.0,12337193.0,2584788.0
162,G431178,浏阳经济技术开发区,湖南省,浏阳,国务院,经济技术开发区,2012.03,710.0,电子信息、生物医药、食品,113.402043,28.216423,113.396131,28.219585,湖南省长沙市浏阳市经济技术开发区,未知,ok,561.61,101.7212,25.1624,124629.472,11.1866,15813.0,5652.0,10161.0,4509.0,5041.0,15297.02,1529702.0,121022.0,29701.21,2970121.0,167598.0,52220.76,5222076.0,187417.0,65326.03,6532603.0,193771.0,70856.01,7085601.0,2010,2015,5222076.0,6532603.0,1310527.0
163,G431179,湘潭经济技术开发区,湖南省,湘潭,国务院,经济技术开发区,2011.09,1246.0,汽车及零部件、装备制造、电子信息,112.943027,27.904705,112.937593,27.908168,湖南省湘潭市经济技术开发区,未知,ok,531.844,34.6392,26.1,220075.5708,0.7068,5521.0,514.0,5007.0,4493.0,3525.0,40786.8679,4323408.0,12069.0,58357.3019,6185874.0,116571.0,100569.5283,10660370.0,199815.0,124197.7547,13164962.0,216079.0,134550.6132,14262365.0,2010,2015,10660370.0,13164962.0,2504592.0
164,G431180,岳阳经济技术开发区,湖南省,岳阳,国务院,经济技术开发区,2010.03,800.0,装备制造、食品、生物医药,113.168682,29.358386,113.162783,29.361005,湖南省岳阳市经济技术开发区,未知,ok,689.384,125.7933,57.6855,441755.8583,0.9523,3142.0,355.0,2787.0,2432.0,3310.0,56019.5619,5882054.0,44033.0,108479.0,11390295.0,139000.0,149108.5238,15656395.0,184813.0,169927.1905,17842355.0,197491.0,178360.5048,18727853.0,2010,2015,15656395.0,17842355.0,2185960.0
165,G431181,常德经济技术开发区,湖南省,常德,国务院,经济技术开发区,2010.06,1121.0,机械、新材料,111.702213,28.957504,111.696602,28.960582,湖南省常德市经济技术开发区,未知,ok,672.037,48.0813,23.141,184966.2757,1.179,2316.0,133.0,2183.0,2050.0,81543.0,24454.0,2567670.0,123313.0,46538.4476,4886537.0,131613.0,76544.6857,8037192.0,135442.0,93691.4857,9837606.0,138670.0,107823.381,11321455.0,2010,2015,8037192.0,9837606.0,1800414.0
166,G431182,娄底经济技术开发区,湖南省,娄底,国务院,经济技术开发区,2012.10,1050.0,黑色金属冶炼压延加工、通用设备,112.038328,27.771993,112.032672,27.77519,湖南省娄底市经济技术开发区,未知,ok,536.628,21.9333,24.7672,232291.3736,3.5357,8746.0,905.0,7841.0,6936.0,2819.0,34037.83,3403783.0,7413.0,60021.08,6002108.0,57629.0,87089.9,8708990.0,110829.0,103178.27,10317827.0,236305.0,117085.54,11708554.0,2010,2015,8708990.0,10317827.0,1608837.0
167,G441034,广州经济技术开发区,广东省,广州,国务院,经济技术开发区,1984.12,3857.72,电子及通信设备、化工、汽车,113.527196,23.057461,113.521987,23.060249,广东省广州市经济技术开发区,未知,ok,0.591,219.423,83.5922,546609.3312,0.5943,107.0,0.0,107.0,107.0,285871.0,57316.93,5731693.0,294703.0,112086.17,11208617.0,295789.0,144726.34,14472634.0,297207.0,164531.85,16453185.0,302121.0,177485.01,17748501.0,1990,1990,5731693.0,5731693.0,
168,G441035,广州南沙经济技术开发区,广东省,广州南沙,国务院,经济技术开发区,1993.05,2760.0,航运物流、高端制造、金融商务,113.54048,22.805271,113.535328,22.808196,广东省广州市南沙区经济技术开发区,未知,ok,0.964,58.4478,40.6505,195975.8366,3.5108,590.0,0.0,590.0,590.0,44351.0,19013.6701,1844326.0,177645.0,53147.3918,5155297.0,207571.0,74765.6495,7252268.0,230667.0,87627.3608,8499854.0,258686.0,97560.5052,9463369.0,1990,2000,1844326.0,5155297.0,3310971.0
169,G441183,增城经济技术开发区,广东省,增城,国务院,经济技术开发区,2010.03,500.0,汽车及零部件、电子信息、装备制造,113.635827,23.18007,113.630733,23.182885,广东省广州市增城区经济技术开发区,未知,ok,5.532,21.188,30.1188,198302.1359,8.7907,7222.0,1815.0,5407.0,3592.0,11130.0,17042.2178,1721264.0,46349.0,52130.4455,5265175.0,81245.0,93641.396,9457781.0,102928.0,118241.6139,11942403.0,115338.0,129633.7426,13093008.0,2010,2015,9457781.0,11942403.0,2484622.0
170,G441184,珠海经济技术开发区,广东省,珠海,国务院,经济技术开发区,2012.03,1588.0,石化、清洁能源,113.190727,21.994593,113.185422,21.997268,广东省珠海市经济技术开发区,未知,ok,4.191,22.2668,16.4599,54498.7686,5.9628,2868.0,2612.0,256.0,-2356.0,4027.0,1902.068,195913.0,55974.0,14867.5049,1531353.0,84557.0,23103.8155,2379693.0,97445.0,29160.1262,3003493.0,100238.0,37778.2816,3891163.0,2010,2015,2379693.0,3003493.0,623800.0
171,G441036,湛江经济技术开发区,广东省,湛江,国务院,经济技术开发区,1984.11,1920.0,钢铁、石油化工、特种纸,110.493122,21.014577,110.488731,21.017093,广东省湛江市经济技术开发区,未知,ok,3.17,57.5843,34.1632,110381.2605,2.1115,6319.0,0.0,6319.0,6319.0,36480.0,8166.902,833024.0,101143.0,14401.1667,1468919.0,157341.0,30876.6961,3149423.0,204476.0,42776.3333,4363186.0,214695.0,58809.8431,5998604.0,1990,1990,833024.0,833024.0,
172,G441037,惠州大亚湾经济技术开发区,广东省,惠州大亚湾,国务院,经济技术开发区,1993.05,2360.0,石化、电子、汽车,114.454574,22.702205,114.449709,22.704917,广东省惠州市惠阳区大亚湾经济技术开发区,未知,ok,7.363,38.6119,36.3061,95013.1561,27.9791,8637.0,0.0,8637.0,8637.0,2535.0,3645.5825,375495.0,13093.0,17412.0194,1793438.0,34718.0,33882.4466,3489892.0,45088.0,44079.6699,4540206.0,46280.0,49108.534,5058179.0,1990,2000,375495.0,1793438.0,1417943.0
173,G451038,南宁经济技术开发区,广西壮族自治区,南宁,国务院,经济技术开发区,2001.05,1079.6,生物制药、轻工、食品、机电,108.286509,22.754656,108.282579,22.757499,广西壮族自治区南宁市经济技术开发区,未知,ok,92.19,33.859,57.692,403440.0,5.4566,12522.0,549.0,11973.0,11424.0,13228.0,65754.0693,6641161.0,31904.0,111527.0495,11264232.0,115663.0,140683.7129,14209055.0,161677.0,156347.604,15791108.0,183896.0,165417.5347,16707171.0,2000,2010,11264232.0,14209055.0,2944823.0
174,G451185,广西—东盟经济技术开发区,广西壮族自治区,—东盟,国务院,经济技术开发区,2013.03,312.9,食品、生物医药、机械装备,108.167532,23.200812,108.163469,23.203402,广西壮族自治区南宁市武鸣区东盟经济技术开发区,住宅区,ok,143.052,32.3176,18.9907,55528.7169,6.3515,12728.0,4530.0,8198.0,3668.0,129216.0,6952.4412,709149.0,208340.0,10827.4706,1104402.0,242314.0,28053.5,2861457.0,256766.0,39492.8922,4028275.0,263271.0,46848.2255,4778519.0,2010,2015,2861457.0,4028275.0,1166818.0
175,G451186,钦州港经济技术开发区,广西壮族自治区,钦州港,国务院,经济技术开发区,2010.11,1000.0,石化、粮油、林浆纸,108.186172,22.600893,108.182183,22.603729,广西壮族自治区南宁市江南区钦州港,住宅区,ok,79.049,16.3537,8.888,68180.2069,1.5652,9928.0,2248.0,7680.0,5432.0,262.0,8777.381,921625.0,1210.0,13645.5429,1432782.0,5325.0,21938.3333,2303525.0,14272.0,27124.4095,2848063.0,55096.0,33352.7524,3502039.0,2010,2015,2303525.0,2848063.0,544538.0
176,G451187,中国—马来西亚钦州产业园区,广西壮族自治区,中国—马来西亚钦州,国务院,经济技术开发区,2012.03,1500.0,装备制造、生物医药、新能源,108.675189,21.769596,108.671393,21.772344,广西壮族自治区钦州市钦南区产业园区,住宅区,ok,1.632,20.1323,17.0492,24567.9233,6.4957,18511.0,4962.0,13549.0,8587.0,739.0,2289.7745,233557.0,779.0,3166.0686,322939.0,924.0,6191.6471,631548.0,12336.0,8843.3137,902018.0,72061.0,13488.0196,1375778.0,2010,2015,631548.0,902018.0,270470.0
177,G461188,海南洋浦经济开发区,海南省,洋浦,国务院,经济技术开发区,1992.03,3000.0,油气化工、林浆纸,110.351227,20.038785,110.346812,20.040801,海南省海口市美兰区洋浦经济开发区,住宅区,ok,1.513,125.2884,120.5372,818326.8999,0.7041,457.0,0.0,457.0,457.0,431624.0,113696.8039,11597074.0,435435.0,165163.402,16846667.0,438541.0,187645.7451,19139866.0,439948.0,198895.9216,20287384.0,440770.0,204003.3824,20808345.0,1990,2000,11597074.0,16846667.0,5249593.0
178,G501189,万州经济技术开发区,重庆市,万州,国务院,经济技术开发区,2010.06,582.0,化工、能源建材、照明电气,113.474881,22.806492,113.46951,22.80923,广东省广州市南沙区万州村,村庄,ok,1.828,33.5175,30.9112,113351.2061,1.4429,140.0,77.0,63.0,-14.0,4835.0,13415.0792,1354923.0,38401.0,33621.0099,3395722.0,64439.0,53846.9802,5438545.0,76517.0,65368.9307,6602262.0,81939.0,74401.0693,7514508.0,2010,2015,5438545.0,6602262.0,1163717.0
179,G501039,重庆经济技术开发区,重庆市,重庆,国务院,经济技术开发区,1993.04,960.0,电子信息、装备制造,106.550702,29.515543,106.546986,29.518408,重庆市经济技术开发区,未知,ok,861.043,110.6988,84.8913,769370.1849,2.8255,401.0,0.0,401.0,401.0,327150.0,143117.495,14454867.0,340762.0,165391.0297,16704494.0,340762.0,177444.3564,17921880.0,341139.0,185164.505,18701615.0,343015.0,196567.505,19853318.0,1990,2000,14454867.0,16704494.0,2249627.0
180,G501190,长寿经济技术开发区,重庆市,长寿,国务院,经济技术开发区,2010.11,1000.0,综合化工、钢铁冶金、装备制造,106.980163,29.841235,106.976046,29.843944,重庆市长寿区经济技术开发区,未知,ok,887.913,16.0514,20.5249,171198.3264,15.6465,2282.0,534.0,1748.0,1214.0,0.0,2151.6733,217319.0,0.0,4757.4752,480505.0,265.0,25774.0,2603174.0,17410.0,38779.198,3916699.0,104411.0,48011.2178,4849133.0,2010,2015,2603174.0,3916699.0,1313525.0
181,G511040,成都经济技术开发区,四川省,成都,国务院,经济技术开发区,2000.02,994.0,汽车、工程机械、食品饮料,104.259512,30.577521,104.257136,30.580132,四川省成都市经济技术开发区,未知,ok,1045.21,68.5354,53.8762,469638.4637,4.1155,1123.0,0.0,1123.0,1123.0,2988.0,10661.5347,1076815.0,21506.0,44470.5743,4491528.0,152405.0,106995.7327,10806569.0,227437.0,139318.4455,14071163.0,268771.0,148094.4257,14957537.0,2000,2010,4491528.0,10806569.0,6315041.0
182,G511191,德阳经济技术开发区,四川省,德阳,国务院,经济技术开发区,2010.06,856.53,装备制造、新能源、新材料,104.411467,31.102428,104.40878,31.104583,四川省德阳市经济技术开发区,未知,ok,1092.604,35.2176,27.2888,287733.43,2.2766,1614.0,205.0,1409.0,1204.0,35522.0,73342.932,7554322.0,105816.0,100178.6602,10318402.0,235432.0,127811.8058,13164616.0,289381.0,143678.4369,14798879.0,299953.0,158158.2816,16290303.0,2010,2015,13164616.0,14798879.0,1634263.0
183,G511192,绵阳经济技术开发区,四川省,绵阳,国务院,经济技术开发区,2012.10,1047.0,电子信息、化工环保、生物医药,104.771215,31.39622,104.768419,31.398439,四川省绵阳市经济技术开发区,未知,ok,1110.365,17.2301,17.5092,132474.6392,0.776,1750.0,53.0,1697.0,1644.0,7996.0,11053.4272,1138503.0,15968.0,24512.1553,2524752.0,73147.0,49011.6796,5048203.0,109076.0,64289.0388,6621771.0,124706.0,82598.7961,8507676.0,2010,2015,5048203.0,6621771.0,1573568.0
184,G511193,广元经济技术开发区,四川省,广元,国务院,经济技术开发区,2012.12,858.67,电子机械、食品饮料、有色金属,105.74471,32.417306,105.740896,32.419587,四川省广元市经济技术开发区,未知,ok,1191.779,8.2287,7.5008,74625.9326,5.6807,3861.0,564.0,3297.0,2733.0,4016.0,13787.27,1378727.0,8746.0,22546.8,2254680.0,35204.0,38206.91,3820691.0,52704.0,46689.54,4668954.0,60213.0,52269.26,5226926.0,2010,2015,3820691.0,4668954.0,848263.0
185,G511194,遂宁经济技术开发区,四川省,遂宁,国务院,经济技术开发区,2012.07,1096.0,电子信息、食品、纺织、机械,105.55897,30.531393,105.555544,30.534155,四川省遂宁市经济技术开发区,未知,ok,995.26,56.4686,34.9183,289996.355,2.0629,652.0,49.0,603.0,554.0,6316.0,24902.4554,2515148.0,146561.0,44945.703,4539516.0,190230.0,63162.0594,6379368.0,208551.0,74364.9208,7510857.0,214667.0,83897.703,8473668.0,2010,2015,6379368.0,7510857.0,1131489.0
186,G511195,内江经济技术开发区,四川省,内江,国务院,经济技术开发区,2013.11,935.09,机械汽配、电子信息、生物医药,105.003245,29.575018,105.000246,29.577738,四川省内江市经济技术开发区,未知,ok,914.562,29.3644,36.9139,165706.2732,2.0757,587.0,72.0,515.0,443.0,2769.0,23097.1584,2332813.0,4928.0,33086.0792,3341694.0,52535.0,47774.2871,4825203.0,83119.0,56595.6931,5716165.0,113140.0,64409.7624,6505386.0,2010,2015,4825203.0,5716165.0,890962.0
187,G511196,宜宾临港经济技术开发区,四川省,宜宾临港,国务院,经济技术开发区,2013.01,1200.0,食品饮料、装备制造、新材料,104.668083,28.790886,104.665624,28.794243,四川省宜宾市翠屏区临港经济技术开发区,未知,ok,850.066,22.0214,24.3429,158959.3777,5.8992,3323.0,208.0,3115.0,2907.0,4751.0,28418.7426,2870293.0,4999.0,39364.2178,3975786.0,6673.0,49953.6535,5045319.0,34872.0,58181.6931,5876351.0,172837.0,73391.3366,7412525.0,2010,2015,5045319.0,5876351.0,831032.0
188,G511197,广安经济技术开发区,四川省,广安,国务院,经济技术开发区,2010.06,419.97,电子机械、建材、医药,106.671239,30.480118,106.667347,30.482823,四川省广安市经济技术开发区,未知,ok,963.019,33.9291,26.4469,162357.3629,6.8714,937.0,16.0,921.0,905.0,54.0,6838.8137,697559.0,2532.0,23818.8627,2429524.0,75248.0,44170.4608,4505387.0,123890.0,57467.8431,5861720.0,139003.0,67664.9608,6901826.0,2010,2015,4505387.0,5861720.0,1356333.0
189,G521041,贵阳经济技术开发区,贵州省,贵阳,国务院,经济技术开发区,2000.02,955.0,装备制造、大数据、医药,106.711928,26.519614,106.708162,26.523128,贵州省贵阳市经济技术开发区,未知,ok,537.967,132.8988,71.9172,497882.5282,8.9377,3819.0,0.0,3819.0,3819.0,227261.0,99000.93,9900093.0,271459.0,117212.79,11721279.0,289645.0,135116.85,13511685.0,297940.0,144600.76,14460076.0,298274.0,150215.75,15021575.0,2000,2010,11721279.0,13511685.0,1790406.0
190,G521198,遵义经济技术开发区,贵州省,遵义,国务院,经济技术开发区,2010.06,1253.0,茶叶加工、粮油、农副产品,106.92545,27.796635,106.921627,27.800178,贵州省遵义市经济技术开发区,未知,ok,667.351,56.8778,23.2507,112673.0766,9.1469,2950.0,43.0,2907.0,2864.0,16752.0,4897.0,489700.0,27424.0,9054.45,905445.0,62579.0,19549.53,1954953.0,82475.0,26756.49,2675649.0,92506.0,34273.14,3427314.0,2010,2015,1954953.0,2675649.0,720696.0
191,G531042,昆明经济技术开发区,云南省,昆明,国务院,经济技术开发区,2000.02,980.0,装备制造、生物医药、食品饮料,102.785882,24.992355,102.784402,24.995331,云南省昆明市官渡区经济技术开发区,住宅区,ok,591.69,43.3434,58.4327,544241.7483,2.4795,1675.0,0.0,1675.0,1675.0,61382.0,84591.24,8459124.0,188064.0,167903.54,16790354.0,207198.0,215167.57,21516757.0,217124.0,238416.44,23841644.0,228479.0,246579.72,24657972.0,2000,2010,16790354.0,21516757.0,4726403.0
192,G531199,嵩明杨林经济技术开发区,云南省,嵩明杨林,国务院,经济技术开发区,2013.01,511.04,食品饮料、装备制造、精细化工,103.048218,25.241861,103.046389,25.244662,云南省昆明市嵩明县杨林,兴趣点,ok,595.323,14.2394,9.4407,49204.7574,0.3975,1492.0,397.0,1095.0,698.0,13569.0,18622.53,1862253.0,54772.0,28792.91,2879291.0,133067.0,48054.04,4805404.0,177126.0,59438.06,5943806.0,203274.0,71001.28,7100128.0,2010,2015,4805404.0,5943806.0,1138402.0
193,G531200,曲靖经济技术开发区,云南省,曲靖,国务院,经济技术开发区,2010.06,1000.0,煤化工,103.728654,25.521788,103.726612,25.524771,云南省曲靖市经济技术开发区,未知,ok,581.194,8.1788,8.1037,79019.0976,5.3403,2037.0,10.0,2027.0,2017.0,22374.0,12242.3137,1248716.0,40101.0,19478.2549,1986782.0,51523.0,40532.1569,4134280.0,65537.0,52142.3627,5318521.0,113006.0,58215.451,5937976.0,2010,2015,4134280.0,5318521.0,1184241.0
194,G531201,蒙自经济技术开发区,云南省,蒙自,国务院,经济技术开发区,2013.01,422.8,冶金、钢铁、化工,103.235936,23.441525,103.234174,23.444195,云南省红河哈尼族彝族自治州蒙自市经济技术开发区,未知,ok,442.1,,19.3546,70915.2136,1.0165,1904.0,91.0,1813.0,1722.0,3086.0,22584.48,2258448.0,4002.0,29915.66,2991566.0,42843.0,39884.05,3988405.0,64404.0,44768.51,4476851.0,79364.0,47182.31,4718231.0,2010,2015,3988405.0,4476851.0,488446.0
195,G531202,大理经济技术开发区,云南省,大理,国务院,经济技术开发区,2014.02,593.0,机械装备、食品饮料,100.280938,25.61379,100.279826,25.616815,云南省大理白族自治州大理市经济技术开发区,未知,ok,825.949,22.5455,28.3581,135835.2222,4.1875,3388.0,2002.0,1386.0,-616.0,26194.0,27179.5743,2745137.0,41789.0,49635.7723,5013213.0,142189.0,69681.7921,7037861.0,196175.0,80749.4059,8155690.0,204979.0,84946.1089,8579557.0,2010,2015,7037861.0,8155690.0,1117829.0
196,G541043,拉萨经济技术开发区,西藏自治区,拉萨,国务院,经济技术开发区,2001.09,546.0,食品饮料、医药,91.017983,29.639765,91.01657,29.6426,西藏自治区拉萨市经济技术开发区,未知,ok,1851.918,24.7809,11.5146,57469.1815,0.0783,1.0,0.0,1.0,1.0,64425.0,54289.75,5646134.0,111955.0,66716.2596,6938491.0,215264.0,89218.6442,9278739.0,264522.0,99317.0962,10328978.0,264522.0,100447.3654,10446526.0,2000,2010,6938491.0,9278739.0,2340248.0
197,G611044,西安经济技术开发区,陕西省,西安,国务院,经济技术开发区,2000.02,988.0,汽车、专用通用设备、新材料,108.944674,34.327737,108.940006,34.329291,陕西省西安市经济技术开发区,未知,ok,905.661,127.48,73.8888,773541.7621,0.0231,132.0,0.0,132.0,132.0,263482.0,143099.2772,14453027.0,360451.0,219333.6337,22152697.0,371202.0,273269.1287,27600182.0,375503.0,299899.0,30289799.0,375503.0,310416.2277,31352039.0,2000,2010,22152697.0,27600182.0,5447485.0
198,G611203,陕西航空经济技术开发区,陕西省,航空,国务院,经济技术开发区,2010.06,460.0,航空,107.200825,33.148468,107.196203,33.150322,陕西省汉中市城固县汉中航空经济技术开发区,住宅区,ok,1248.106,,10.8439,61701.5897,0.0766,353.0,3.0,350.0,347.0,68270.0,26833.6566,2656532.0,79604.0,31608.8485,3129276.0,137856.0,39336.6061,3894324.0,171263.0,43173.0101,4274128.0,209184.0,45436.3333,4498197.0,2010,2015,3894324.0,4274128.0,379804.0
199,G611204,陕西航天经济技术开发区,陕西省,航天,国务院,经济技术开发区,2010.06,374.0,民用航天、太阳能光伏、卫星及卫星应用,108.972919,34.167468,108.968166,34.169017,陕西省西安市长安区航天经济技术开发区,住宅区,ok,913.652,,42.5214,435589.549,0.0326,264.0,34.0,230.0,196.0,3332.0,76143.5631,7842787.0,71014.0,151333.6408,15587365.0,252242.0,198338.8641,20428903.0,347714.0,222119.5049,22878309.0,351889.0,237628.4563,24475731.0,2010,2015,20428903.0,22878309.0,2449406.0
200,G611205,汉中经济技术开发区,陕西省,汉中,国务院,经济技术开发区,2012.10,812.05,航空设备、装备制造、食品、中药,107.02319,33.066373,107.018669,33.068261,陕西省汉中市,市,ok,1240.962,72.2012,31.4654,320475.264,0.074,282.0,11.0,271.0,260.0,110740.0,60335.64,6033564.0,152063.0,81990.88,8199088.0,213231.0,128380.96,12838096.0,239047.0,154973.42,15497342.0,244713.0,167261.66,16726166.0,2010,2015,12838096.0,15497342.0,2659246.0
201,G611206,榆林经济技术开发区,陕西省,榆林,国务院,经济技术开发区,2013.01,1200.0,煤电、化工,109.751124,38.196685,109.745542,38.196152,陕西省榆林市经济技术开发区,未知,ok,682.525,34.7585,15.4249,114113.2095,0.9697,464.0,457.0,7.0,-450.0,4814.0,5099.66,509966.0,8970.0,9624.08,962408.0,48954.0,26924.2,2692420.0,74602.0,38559.38,3855938.0,87544.0,49193.39,4919339.0,2010,2015,2692420.0,3855938.0,1163518.0
202,G621045,兰州经济技术开发区,甘肃省,兰州,国务院,经济技术开发区,2002.03,953.0,装备制造、有色冶金、生物医药,103.834228,36.060798,103.831825,36.061125,甘肃省兰州市,市,ok,1246.497,152.1507,109.5828,837979.4539,0.0177,27.0,0.0,27.0,27.0,265998.0,151420.0098,15444841.0,266456.0,179297.3922,18288334.0,267112.0,189458.6667,19324784.0,269789.0,195081.8725,19898351.0,281863.0,202073.7059,20611518.0,2000,2010,18288334.0,19324784.0,1036450.0
203,G621207,金昌经济技术开发区,甘肃省,金昌,国务院,经济技术开发区,2010.03,700.0,有色金属加工、化工循环、新能源,102.308327,38.509005,102.306369,38.508573,甘肃省金昌市经济技术开发区,未知,ok,1326.518,,4.1637,21426.5266,0.0,0.0,0.0,0.0,0.0,55809.0,14754.3267,1490187.0,55809.0,14901.8515,1505087.0,57249.0,15207.9901,1536007.0,83701.0,16973.5347,1714327.0,215774.0,25270.0396,2552274.0,2010,2015,1536007.0,1714327.0,178320.0
204,G621208,天水经济技术开发区,甘肃省,天水,国务院,经济技术开发区,2010.04,319.7,装备制造、医药、食品,105.965703,34.544917,105.961797,34.546345,甘肃省天水市经济技术开发区,未知,ok,1129.742,41.0997,35.6781,142212.8276,0.0784,241.0,25.0,216.0,191.0,73693.0,23785.8788,2354802.0,103456.0,33108.7273,3277764.0,197628.0,47162.8586,4669123.0,245254.0,54941.0707,5439166.0,257418.0,59795.697,5919774.0,2010,2015,4669123.0,5439166.0,770043.0
205,G621209,张掖经济技术开发区,甘肃省,张掖,国务院,经济技术开发区,2013.03,760.0,农副产品加工、生物制药、有色冶金,100.508416,39.074949,100.506895,39.074381,甘肃省张掖市经济技术开发区,未知,ok,1477.67,,23.2553,13069.4701,0.0028,0.0,0.0,0.0,0.0,6218.0,1523.7981,158475.0,6247.0,1680.7308,174796.0,6511.0,2300.3077,239232.0,7479.0,2648.7596,275471.0,11768.0,2995.5096,311533.0,2010,2015,239232.0,275471.0,36239.0
206,G621210,酒泉经济技术开发区,甘肃省,酒泉,国务院,经济技术开发区,2013.01,561.45,新能源装备、农副产品加工、生物制药,98.426035,39.759777,98.425224,39.758798,甘肃省酒泉市经济技术开发区,未知,ok,1653.381,27.4743,18.4696,69371.9075,0.0187,0.0,0.0,0.0,0.0,204137.0,28437.2353,2900598.0,209371.0,32602.5784,3325463.0,209618.0,35107.7647,3580992.0,209818.0,36227.9412,3695250.0,210331.0,36669.5686,3740296.0,2010,2015,3580992.0,3695250.0,114258.0
207,G631046,西宁经济技术开发区,青海省,西宁,国务院,经济技术开发区,2000.07,440.0,机械加工、特色资源开发、中藏药,101.835138,36.581142,101.833337,36.581335,青海省西宁市经济技术开发区,未知,ok,1403.852,116.0858,83.5943,365474.265,0.0209,70.0,0.0,70.0,70.0,18973.0,53002.74,5300274.0,108485.0,71254.65,7125465.0,230541.0,87056.21,8705621.0,292746.0,95498.87,9549887.0,310960.0,103820.88,10382088.0,2000,2010,7125465.0,8705621.0,1580156.0
208,G631211,格尔木昆仑经济技术开发区,青海省,格尔木昆仑,国务院,经济技术开发区,2012.10,1555.0,盐湖化工、新能源、冶金,94.967211,36.384045,94.966201,36.384442,青海省海西蒙古族藏族自治州格尔木市昆仑经济技术开发区,住宅区,ok,2045.885,9.5447,16.7077,69721.3299,0.0001,0.0,0.0,0.0,0.0,37451.0,25368.1048,2663651.0,40855.0,37925.6762,3982196.0,56448.0,45283.5048,4754768.0,64390.0,48545.619,5097290.0,64863.0,48940.7524,5138779.0,2010,2015,4754768.0,5097290.0,342522.0
209,G641047,银川经济技术开发区,宁夏回族自治区,银川,国务院,经济技术开发区,2001.07,750.0,装备制造、新材料,106.142138,38.452022,106.137586,38.451429,宁夏回族自治区银川市经济技术开发区,未知,ok,994.012,26.9221,31.2017,320160.4418,0.1228,182.0,51.0,131.0,80.0,25926.0,63799.0194,6571299.0,36265.0,85120.1068,8767371.0,131765.0,126834.0097,13063903.0,194473.0,151777.9126,15633125.0,211356.0,164530.3981,16946631.0,2000,2010,8767371.0,13063903.0,4296532.0
210,G641212,石嘴山经济技术开发区,宁夏回族自治区,石嘴山,国务院,经济技术开发区,2011.04,1500.0,冶金、电石化工、物流,106.765118,39.295357,106.760376,39.294508,宁夏回族自治区石嘴山市经济技术开发区,未知,ok,937.083,8.4104,11.3914,70261.8687,0.0029,11.0,9.0,2.0,-7.0,40313.0,30154.8462,3136104.0,63340.0,45336.0288,4714947.0,63356.0,50195.4808,5220330.0,70424.0,55995.1058,5823491.0,106366.0,74319.1442,7729191.0,2010,2015,5220330.0,5823491.0,603161.0
211,G651048,乌鲁木齐经济技术开发区,新疆维吾尔自治区,乌鲁木齐,国务院,经济技术开发区,1994.08,1566.0,先进制造、商贸物流,87.515262,43.839299,87.512234,43.837972,新疆维吾尔自治区乌鲁木齐市经济技术开发区,未知,ok,3088.075,48.2338,68.9334,638254.3323,0.0203,29.0,0.0,29.0,29.0,81527.0,144111.7476,14843510.0,116437.0,171033.7476,17616476.0,118877.0,203094.4175,20918725.0,128536.0,220309.7184,22691901.0,175020.0,233636.0,24064508.0,1990,2000,14843510.0,17616476.0,2772966.0
212,G651213,乌鲁木齐甘泉堡经济技术开发区,新疆维吾尔自治区,乌鲁木齐甘泉堡,国务院,经济技术开发区,2012.09,756.0,新能源、新材料、商贸物流,87.724304,44.175456,87.721222,44.174301,新疆维吾尔自治区乌鲁木齐市米东区甘泉堡经济技术开发区,住宅区,ok,3105.464,4.6373,2.9539,5577.0444,0.0001,0.0,0.0,0.0,0.0,16508.0,7540.1923,784180.0,16508.0,7756.8173,806709.0,18031.0,9544.8558,992665.0,18986.0,11526.9615,1198804.0,20519.0,16590.25,1725386.0,2010,2015,992665.0,1198804.0,206139.0
213,G651214,新疆准东经济技术开发区,新疆维吾尔自治区,准东,国务院,经济技术开发区,2012.09,981.34,煤电、煤化工、煤电冶,89.10147,44.777205,89.09836,44.775988,新疆维吾尔自治区昌吉回族自治州吉木萨尔县新疆准东经济技术开发区,住宅区,ok,2444.956,,,,0.0,0.0,0.0,0.0,0.0,3129.0,76.6238,7739.0,3170.0,77.0297,7780.0,3747.0,94.4356,9538.0,4020.0,103.1188,10415.0,4258.0,108.4851,10957.0,2010,2015,9538.0,10415.0,877.0
214,G651215,库尔勒经济技术开发区,新疆维吾尔自治区,库尔勒,国务院,经济技术开发区,2011.04,1800.0,服装纺织、石化,86.237135,41.709616,86.234693,41.708252,新疆维吾尔自治区巴音郭楞蒙古自治州库尔勒市经济技术开发区,未知,ok,2988.883,33.5653,15.9946,161017.7837,0.0001,0.0,0.0,0.0,0.0,261351.0,73498.1429,7717305.0,261351.0,74878.381,7862230.0,264154.0,80210.4762,8422100.0,265415.0,82927.8381,8707423.0,266128.0,84798.7714,8903871.0,2010,2015,8422100.0,8707423.0,285323.0
215,G651216,库车经济技术开发区,新疆维吾尔自治区,库车,国务院,经济技术开发区,2015.04,912.0,石化、电力、建材,83.057092,41.727824,83.053868,41.72639,新疆维吾尔自治区阿克苏地区库车市经济技术开发区,未知,ok,3189.062,9.5556,16.9635,108243.9363,0.0058,0.0,0.0,0.0,0.0,48449.0,59466.0283,6303399.0,49421.0,62599.1415,6635509.0,76062.0,69946.6604,7414346.0,98079.0,74432.4057,7889835.0,122812.0,78548.6887,8326161.0,2015,2020,7889835.0,8326161.0,436326.0
216,G651217,新疆奎屯—独山子经济技术开发区,新疆维吾尔自治区,奎屯—独山子,国务院,经济技术开发区,2011.04,605.89,石化、纺织、冶金,85.176856,44.336931,85.174033,44.335832,新疆维吾尔自治区伊犁哈萨克自治州独山子区经济技术开发区,未知,ok,3255.824,2.2632,1.5692,6121.2813,0.0,0.0,0.0,0.0,0.0,967.0,856.4898,83936.0,1040.0,1509.5,147931.0,5012.0,3137.3265,307458.0,12417.0,4623.3878,453092.0,28570.0,7349.2857,720230.0,2010,2015,307458.0,453092.0,145634.0
217,G651218,阿拉尔经济技术开发区,新疆维吾尔自治区,阿拉尔,国务院,经济技术开发区,2012.08,1350.0,纺织、食品、天然气化工,81.280532,40.547205,81.277747,40.54664,新疆维吾尔自治区阿拉尔市,区县,ok,3230.629,,22.6182,32298.7638,0.0005,0.0,0.0,0.0,0.0,50918.0,17143.56,1714356.0,63023.0,21316.06,2131606.0,139230.0,34725.57,3472557.0,180249.0,43977.49,4397749.0,190042.0,49945.87,4994587.0,2010,2015,3472557.0,4397749.0,925192.0
218,G651219,新疆五家渠经济技术开发区,新疆维吾尔自治区,五家渠,国务院,经济技术开发区,2012.08,1480.0,农副产品加工、服装纺织、建材,86.080904,44.331415,86.078063,44.330196,新疆维吾尔自治区石河子市石河子经济技术开发区,住宅区,ok,3205.595,13.7143,34.2209,322702.7403,0.1433,84.0,48.0,36.0,-12.0,7435.0,49369.4257,4986312.0,7971.0,73821.4356,7455965.0,15540.0,123200.703,12443271.0,24983.0,155284.802,15683765.0,47775.0,181294.396,18310734.0,2010,2015,12443271.0,15683765.0,3240494.0
219,G651049,石河子经济技术开发区,新疆维吾尔自治区,石河子,国务院,经济技术开发区,2000.04,2110.0,食品饮料、纺织,86.120009,44.300915,86.117188,44.299684,新疆维吾尔自治区石河子市经济技术开发区,未知,ok,3200.986,40.2669,28.9056,180949.3108,0.0712,17.0,0.0,17.0,17.0,142113.0,43514.8317,4394998.0,165023.0,60968.099,6157778.0,192814.0,86883.5743,8775241.0,210249.0,105905.1683,10696422.0,242427.0,128053.5149,12933405.0,2000,2010,6157778.0,8775241.0,2617463.0
511,G155001,满洲里边境经济合作区,内蒙古自治区,满洲里,国务院,边境/跨境经济合作区,1992.09,640.0,木材加工、仓储物流、商贸,117.459115,49.580364,117.450889,49.578445,内蒙古自治区呼伦贝尔市满洲里市边境经济合作区,住宅区,ok,1005.137,27.2537,7.2691,69623.5306,0.0004,25.0,0.0,25.0,25.0,228410.0,22651.4712,2355753.0,288504.0,33805.5,3515772.0,292682.0,46170.4038,4801722.0,294394.0,52082.5,5416580.0,294577.0,53726.1731,5587522.0,1990,2000,2355753.0,3515772.0,1160019.0
512,G155002,二连浩特边境经济合作区,内蒙古自治区,二连浩特,国务院,边境/跨境经济合作区,1993.06,100.0,进出口贸易、木材加工、矿产品加工,112.011405,43.658596,112.004058,43.656469,内蒙古自治区锡林郭勒盟二连浩特市二连浩特边境经济合作区,住宅区,ok,694.656,,9.1784,52628.7143,0.0,0.0,0.0,0.0,0.0,48493.0,14425.375,1500239.0,56103.0,24638.2212,2562375.0,104823.0,40489.6058,4210919.0,136984.0,50186.4038,5219386.0,181996.0,62436.6346,6493410.0,1990,2000,1500239.0,2562375.0,1062136.0
513,G215003,丹东边境经济合作区,辽宁省,丹东,国务院,边境/跨境经济合作区,1992.07,630.0,汽车及零部件、仪器仪表,124.388989,40.116092,124.383154,40.114498,辽宁省丹东市振兴区丹东边境经济合作区,住宅区,ok,46.561,,44.7411,224421.4654,1.6311,282.0,0.0,282.0,282.0,246249.0,118638.5288,12338407.0,256196.0,131836.2981,13710975.0,259872.0,143751.8558,14950193.0,263784.0,150839.8558,15687345.0,277276.0,160093.6827,16649743.0,1990,2000,12338407.0,13710975.0,1372568.0
514,G225004,珲春边境经济合作区,吉林省,珲春,国务院,边境/跨境经济合作区,1992.03,500.0,纺织服装、木制品、能源矿产,130.391195,42.836601,130.383996,42.833929,吉林省延边朝鲜族自治州珲春市珲春边境经济合作区,住宅区,ok,630.578,36.3663,21.7067,120233.6154,0.8495,364.0,0.0,364.0,364.0,35840.0,43548.0667,4572547.0,319395.0,69175.2095,7263397.0,384269.0,84810.3143,8905083.0,413294.0,95357.4476,10012532.0,428645.0,111575.6286,11715441.0,1990,2000,4572547.0,7263397.0,2690850.0
515,G225015,和龙边境经济合作区,吉林省,和龙,国务院,边境/跨境经济合作区,2015.03,76.0,进口资源加工、边境贸易、旅游,129.204962,42.278879,129.198263,42.276473,吉林省延边朝鲜族自治州和龙市和龙边境经济合作区,住宅区,ok,515.273,,9.2026,4297.6166,14.1435,2247.0,1208.0,1039.0,-169.0,1185.0,2182.3048,229142.0,1362.0,2357.4667,247534.0,1644.0,2656.0381,278884.0,17359.0,3284.9143,344916.0,100294.0,6159.4667,646744.0,2015,2020,344916.0,646744.0,301828.0
516,G235005,绥芬河边境经济合作区,黑龙江省,绥芬河,国务院,边境/跨境经济合作区,1992.03,500.0,边境贸易、服装、木材加工,131.041051,44.367155,131.03345,44.364826,黑龙江省牡丹江市绥芬河市绥芬河边境经济合作区,兴趣点,ok,770.102,3.5837,3.3558,34598.7286,27.265,1253.0,0.0,1253.0,1253.0,12.0,1401.6765,142971.0,293.0,3966.5588,404589.0,16485.0,11721.9118,1195635.0,26552.0,16662.7647,1699602.0,35078.0,19965.3235,2036463.0,1990,2000,142971.0,404589.0,261618.0
517,G235006,黑河边境经济合作区,黑龙江省,黑河,国务院,边境/跨境经济合作区,1992.03,763.0,边境贸易、木材加工、轻工产品加工,127.508976,50.216766,127.501617,50.215072,黑龙江省黑河市爱辉区边境经济合作区,住宅区,ok,1114.13,6.8637,12.7588,99403.6692,,,,,,329.0,62436.9709,6431008.0,3903.0,73549.0485,7575552.0,40894.0,78486.0583,8084064.0,66678.0,82856.5146,8534221.0,119699.0,94066.8058,9688881.0,1990,2000,6431008.0,7575552.0,1144544.0
518,G455008,东兴边境经济合作区,广西壮族自治区,东兴,国务院,边境/跨境经济合作区,1992.09,407.0,边贸、旅游、加工制造,130.391368,42.836345,130.384169,42.833673,吉林省延边朝鲜族自治州珲春市东兴村边境经济合作区,住宅区,ok,630.576,34.7607,21.5703,118593.6557,0.864,374.0,0.0,374.0,374.0,35840.0,42717.5192,4442622.0,319395.0,67327.4808,7002058.0,384269.0,82682.2981,8598959.0,413294.0,93105.1442,9682935.0,428645.0,109392.9135,11376863.0,1990,2000,4442622.0,7002058.0,2559436.0
519,G455007,凭祥边境经济合作区,广西壮族自治区,凭祥,国务院,边境/跨境经济合作区,1992.09,720.0,木材加工、农副产品加工、边贸物流,106.909369,22.108351,106.905861,22.111363,广西壮族自治区崇左市凭祥市边境经济合作区,住宅区,ok,101.433,22.1938,18.952,13361.1387,23.039,24870.0,0.0,24870.0,24870.0,24447.0,3891.2549,396908.0,26595.0,4766.2059,486153.0,36145.0,6850.3235,698733.0,41855.0,8170.2745,833368.0,47089.0,9166.2157,934954.0,1990,2000,396908.0,486153.0,89245.0
520,G535016,临沧边境经济合作区,云南省,临沧,国务院,边境/跨境经济合作区,2013.09,347.0,商贸物流、进出口加工、农产品加工,100.088837,23.884175,100.087585,23.886762,云南省临沧市,市,ok,748.186,178.8094,63.2814,227813.1598,10.9774,3912.0,483.0,3429.0,2946.0,183336.0,25614.0612,2510178.0,327349.0,46960.7959,4602158.0,329607.0,57933.4796,5677481.0,330555.0,63288.5306,6202276.0,330777.0,67013.602,6567333.0,2010,2015,5677481.0,6202276.0,524795.0
521,G535011,河口边境经济合作区,云南省,河口,国务院,边境/跨境经济合作区,1992.09,402.0,边境贸易、边境旅游、口岸物流,81.28279,43.929945,81.279862,43.92877,新疆维吾尔自治区伊犁哈萨克自治州伊宁市边境经济合作区,住宅区,ok,3455.712,65.2299,30.599,311069.5324,0.2741,220.0,0.0,220.0,220.0,84677.0,64962.3861,6561201.0,153168.0,112777.3861,11390516.0,315643.0,186007.6139,18786769.0,396831.0,223602.0792,22583810.0,397356.0,228877.3861,23116616.0,1990,2000,6561201.0,11390516.0,4829315.0
522,G535017,中国老挝磨憨—磨丁经济合作区,云南省,中国老挝磨憨—磨丁,国务院,边境/跨境经济合作区,2016.03,483.0,物流、商贸会展、农产品加工,101.687595,21.186831,101.686217,21.189477,云南省西双版纳傣族自治州勐腊县磨憨镇磨丁经济合作区,住宅区,ok,463.009,,9.9982,2389.5777,59.3375,18593.0,6138.0,12455.0,6317.0,265.0,477.9804,48754.0,1737.0,1196.4314,122036.0,5362.0,3042.4314,310328.0,8089.0,4519.3529,460974.0,19724.0,6439.0882,656787.0,2015,2020,460974.0,656787.0,195813.0
523,G535010,畹町边境经济合作区,云南省,畹町,国务院,边境/跨境经济合作区,1992.09,500.0,仓储物流、加工制造、商贸,113.417628,22.524442,113.412152,22.527134,广东省中山市畹町(中山富逸城店),兴趣点,ok,16.331,44.8711,58.0651,431829.7827,3.7039,1975.0,0.0,1975.0,1975.0,21833.0,63421.7864,6532444.0,244921.0,141589.4369,14583712.0,306316.0,176131.1456,18141508.0,334723.0,196056.7282,20193843.0,353907.0,204766.1262,21090911.0,1990,2000,6532444.0,14583712.0,8051268.0
524,G535009,瑞丽边境经济合作区,云南省,瑞丽,国务院,边境/跨境经济合作区,1992.12,600.0,边境贸易、农副产品加工、边境旅游,81.28279,43.929945,81.279862,43.92877,新疆维吾尔自治区伊犁哈萨克自治州伊宁市边境经济合作区,住宅区,ok,3455.712,65.2299,30.599,311069.5324,0.2741,220.0,0.0,220.0,220.0,84677.0,64962.3861,6561201.0,153168.0,112777.3861,11390516.0,315643.0,186007.6139,18786769.0,396831.0,223602.0792,22583810.0,397356.0,228877.3861,23116616.0,1990,2000,6561201.0,11390516.0,4829315.0
525,G655012,博乐边境经济合作区,新疆维吾尔自治区,博乐,国务院,边境/跨境经济合作区,1992.12,783.0,纺织服装、石材集控、建材,81.28279,43.929945,81.279862,43.92877,新疆维吾尔自治区伊犁哈萨克自治州伊宁市边境经济合作区,住宅区,ok,3455.712,65.2299,30.599,311069.5324,0.2741,220.0,0.0,220.0,220.0,84677.0,64962.3861,6561201.0,153168.0,112777.3861,11390516.0,315643.0,186007.6139,18786769.0,396831.0,223602.0792,22583810.0,397356.0,228877.3861,23116616.0,1990,2000,6561201.0,11390516.0,4829315.0
526,G655013,伊宁边境经济合作区,新疆维吾尔自治区,伊宁,国务院,边境/跨境经济合作区,1992.12,650.0,生物、煤电煤化工、农副产品加工,81.267662,43.931411,81.264765,43.930251,新疆维吾尔自治区伊犁哈萨克自治州伊宁市伊宁边境经济合作区,住宅区,ok,3456.756,34.9506,29.2527,268803.2313,0.233,204.0,0.0,204.0,204.0,5414.0,48822.396,4931062.0,69240.0,90391.9901,9129591.0,248926.0,157408.6238,15898271.0,329032.0,191948.0495,19386753.0,337759.0,196795.604,19876356.0,1990,2000,4931062.0,9129591.0,4198529.0
527,G655018,中哈霍尔果斯国际边境合作中心,新疆维吾尔自治区,中哈霍尔果斯国际,国务院,边境/跨境经济合作区,2006.03,343.0,商贸、跨境电商、会展,80.412394,44.213229,80.409873,44.212092,新疆维吾尔自治区伊犁哈萨克自治州霍尔果斯市霍尔果斯国际边境合作中心,兴趣点,ok,3529.791,24.0904,14.5051,39439.4446,0.0159,20.0,8.0,12.0,4.0,129812.0,18920.5243,1948814.0,145566.0,22066.767,2272877.0,198764.0,29055.1165,2992677.0,220082.0,33579.3786,3458676.0,220560.0,37807.165,3894138.0,2000,2010,2272877.0,2992677.0,719800.0
528,G655014,塔城边境经济合作区,新疆维吾尔自治区,塔城,国务院,边境/跨境经济合作区,1992.12,650.0,商贸、物流、进出口加工、旅游文化,82.980316,46.745364,82.977151,46.744654,新疆维吾尔自治区塔城地区,市,ok,3566.831,51.8396,17.9771,139466.1652,0.5691,296.0,0.0,296.0,296.0,77051.0,21543.0485,2218934.0,194495.0,49036.6214,5050772.0,304356.0,70913.6505,7304106.0,352386.0,80529.1068,8294498.0,357835.0,82882.3398,8536881.0,1990,2000,2218934.0,5050772.0,2831838.0
529,G655019,吉木乃边境经济合作区,新疆维吾尔自治区,吉木乃,国务院,边境/跨境经济合作区,2011.09,1439.0,能源、资源进出口加工、装备组装制造,81.28279,43.929945,81.279862,43.92877,新疆维吾尔自治区伊犁哈萨克自治州伊宁市边境经济合作区,住宅区,ok,3455.712,65.2299,30.599,311069.5324,0.2741,220.0,118.0,102.0,-16.0,84677.0,64962.3861,6561201.0,153168.0,112777.3861,11390516.0,315643.0,186007.6139,18786769.0,396831.0,223602.0792,22583810.0,397356.0,228877.3861,23116616.0,2010,2015,18786769.0,22583810.0,3797041.0
220,G112001,中关村科技园区,北京市,中关村科技园区,国务院,高新技术产业开发区,1988.05,23252.29,电子信息、智能制造、节能环保,116.299941,39.924686,116.293865,39.923425,北京市海淀区中关村科技园区,住宅区,ok,151.889,164.3283,144.1695,1735656.7434,0.1061,32.0,0.0,32.0,32.0,271821.0,294081.5758,29114076.0,286410.0,316980.2424,31381044.0,288981.0,321226.5758,31801431.0,293235.0,325929.0303,32266974.0,309327.0,340694.4949,33728755.0,1990,1990,29114076.0,29114076.0,
221,G122002,天津滨海高新技术产业开发区,天津市,滨海,国务院,高新技术产业开发区,1991.03,5524.0,新能源汽车、信息技术、节能环保,117.124694,39.095207,117.118273,39.094068,天津市西青区天津滨海高新技术产业开发区,住宅区,ok,51.119,56.509,74.566,828130.1631,0.7853,421.0,0.0,421.0,421.0,8934.0,135645.2549,13835816.0,221106.0,173538.7745,17700955.0,288858.0,218592.3627,22296421.0,316682.0,249138.0588,25412082.0,320271.0,265690.1569,27100396.0,1990,2000,13835816.0,17700955.0,3865139.0
222,G132003,石家庄高新技术产业开发区,河北省,石家庄,国务院,高新技术产业开发区,1991.03,1553.0,生物医药、电子信息、先进制造,114.624714,38.043675,114.618925,38.04318,河北省石家庄市裕华区高新技术产业开发区,住宅区,ok,263.63,96.4305,41.8967,387963.3043,0.0172,430.0,0.0,430.0,430.0,18110.0,111393.5686,11362144.0,262703.0,173057.9804,17651914.0,315922.0,217246.0588,22159098.0,346032.0,244037.7549,24891851.0,371398.0,261189.4118,26641320.0,1990,2000,11362144.0,17651914.0,6289770.0
223,G132054,唐山高新技术产业开发区,河北省,唐山,国务院,高新技术产业开发区,2010.11,450.0,装备制造、汽车零部件、新材料,118.180799,39.677061,118.174517,39.675746,河北省唐山市路北区高新技术产业开发区,住宅区,ok,51.917,71.9719,45.316,504050.3136,0.1442,213.0,189.0,24.0,-165.0,42696.0,153434.4118,15650310.0,183735.0,193569.5588,19744095.0,302873.0,233155.3137,23781842.0,363349.0,256595.2353,26172714.0,369642.0,274720.3824,28021479.0,2010,2015,23781842.0,26172714.0,2390872.0
224,G132004,保定高新技术产业开发区,河北省,保定,国务院,高新技术产业开发区,1992.11,1223.0,新能源、能源设备、光机电一体化,115.473713,38.896991,115.467423,38.896102,河北省保定市竞秀区高新技术产业开发区,住宅区,ok,183.012,90.1062,67.4876,755793.1282,0.0046,197.0,0.0,197.0,197.0,62229.0,170773.5905,17931227.0,262735.0,218076.3333,22898015.0,325018.0,253555.2857,26623305.0,356217.0,275862.4381,28965556.0,364724.0,292675.581,30730936.0,1990,2000,17931227.0,22898015.0,4966788.0
225,G132055,承德高新技术产业开发区,河北省,承德,国务院,高新技术产业开发区,2012.08,620.0,装备制造、食品饮料、生物医药,117.970475,40.895418,117.964134,40.893866,河北省承德市双桥区承德高新技术产业开发区,住宅区,ok,185.961,32.908,15.8459,169234.677,3.3789,1423.0,609.0,814.0,205.0,176.0,12656.3,1265630.0,335.0,20883.2,2088320.0,6892.0,38014.71,3801471.0,22461.0,49570.28,4957028.0,30088.0,59135.52,5913552.0,2010,2015,3801471.0,4957028.0,1155557.0
226,G132056,燕郊高新技术产业开发区,河北省,燕郊,国务院,高新技术产业开发区,2010.11,1531.0,电子信息、新材料、装备制造,87.075269,44.099749,87.072143,44.098379,新疆维吾尔自治区昌吉回族自治州昌吉市高新技术产业开发区,住宅区,ok,3133.125,8.2041,3.8408,40923.3998,0.0014,0.0,0.0,0.0,0.0,7200.0,3198.5146,329447.0,62064.0,10957.9903,1128673.0,81507.0,15805.7864,1627996.0,90391.0,19958.1748,2055692.0,96528.0,28197.0971,2904301.0,2010,2015,1627996.0,2055692.0,427696.0
227,G142005,太原高新技术产业开发区,山西省,太原,国务院,高新技术产业开发区,1992.11,800.0,光机电一体化、新材料、新能源,112.557029,37.79403,112.550757,37.793509,山西省太原市小店区高新技术产业开发区,住宅区,ok,446.779,131.8519,88.9312,880952.7521,0.6996,501.0,0.0,501.0,501.0,89056.0,153027.1,15302710.0,338697.0,195391.12,19539112.0,360640.0,224550.37,22455037.0,369816.0,241943.51,24194351.0,371818.0,253171.93,25317193.0,1990,2000,15302710.0,19539112.0,4236402.0
228,G142057,长治高新技术产业开发区,山西省,长治,国务院,高新技术产业开发区,2015.02,753.01,煤化工、装备制造、生物医药,113.118316,36.210151,113.111651,36.209982,山西省长治市潞州区高新技术产业开发区,住宅区,ok,474.823,66.4293,41.8727,434597.0863,0.0836,203.0,60.0,143.0,83.0,295547.0,135138.1524,14189506.0,374319.0,161957.4381,17005531.0,396940.0,186994.5714,19634430.0,406933.0,201126.2095,21118252.0,411639.0,212118.3333,22272425.0,2015,2020,21118252.0,22272425.0,1154173.0
229,G152058,呼和浩特金山高新技术产业开发区,内蒙古自治区,呼和浩特金山,国务院,高新技术产业开发区,2013.12,500.0,乳产品、化工,111.722182,40.770307,111.715294,40.768932,内蒙古自治区呼和浩特市赛罕区呼和浩特金山高新技术产业开发区,住宅区,ok,547.496,66.5668,27.7596,338889.0534,0.1602,169.0,168.0,1.0,-167.0,32275.0,51228.5577,5327770.0,52929.0,87784.4327,9129581.0,235607.0,168196.4327,17492429.0,336970.0,220413.1442,22922967.0,391912.0,248816.2115,25876886.0,2010,2015,17492429.0,22922967.0,5430538.0
230,G152006,包头稀土高新技术产业开发区,内蒙古自治区,包头稀土,国务院,高新技术产业开发区,1992.11,956.0,稀土材料及应用、铝铜镁及加工、装备制造,109.841071,40.6326,109.835372,40.631469,内蒙古自治区包头市九原区稀土高新技术产业开发区,住宅区,ok,694.372,69.0348,43.7015,485261.3183,0.035,37.0,0.0,37.0,37.0,67833.0,158291.4554,15987437.0,130475.0,226105.2376,22836629.0,259065.0,281344.7228,28415817.0,328309.0,309882.9703,31298180.0,329784.0,315014.198,31816434.0,1990,2000,15987437.0,22836629.0,6849192.0
231,G152059,鄂尔多斯高新技术产业开发区,内蒙古自治区,鄂尔多斯,国务院,高新技术产业开发区,2017.02,1000.0,生物制药、节能环保、云计算,109.782473,39.608744,109.776762,39.607727,内蒙古自治区鄂尔多斯市,市,city_only,680.364,4.4531,4.8322,57861.1852,0.0009,41.0,41.0,0.0,-41.0,5.0,2546.8252,262323.0,5.0,6610.9612,680929.0,64720.0,25429.6019,2619249.0,137717.0,41980.4951,4323991.0,163222.0,52569.9515,5414705.0,2015,2020,4323991.0,5414705.0,1090714.0
232,G212007,沈阳高新技术产业开发区,辽宁省,沈阳,国务院,高新技术产业开发区,1991.03,2750.0,信息技术、智能制造、生物医药,123.446178,41.711793,123.440081,41.709395,辽宁省沈阳市浑南区高新技术产业开发区,住宅区,ok,155.122,58.237,34.3607,382400.4863,0.0217,291.0,0.0,291.0,291.0,1863.0,64141.6792,6799018.0,168356.0,106556.9057,11295032.0,269020.0,169569.2264,17974338.0,314044.0,210593.5472,22322916.0,342109.0,242183.2264,25671422.0,1990,2000,6799018.0,11295032.0,4496014.0
233,G212008,大连高新技术产业园区,辽宁省,大连,国务院,高新技术产业开发区,1991.03,1300.0,软件,121.547913,38.875515,121.542899,38.874712,辽宁省大连市沙河口区大连高新技术产业园区,住宅区,ok,2.028,105.4518,67.032,433696.8955,2.699,1462.0,0.0,1462.0,1462.0,294249.0,89738.3238,9422524.0,323909.0,117809.3429,12369981.0,327082.0,130326.1048,13684241.0,331596.0,138987.3714,14593674.0,347792.0,146644.0571,15397626.0,1990,2000,9422524.0,12369981.0,2947457.0
234,G212009,鞍山高新技术产业开发区,辽宁省,鞍山,国务院,高新技术产业开发区,1992.11,790.0,工业自动化、系统控制、激光,123.062806,41.108167,123.05702,41.106072,辽宁省鞍山市立山区高新技术产业开发区,住宅区,ok,91.307,50.8948,33.4618,267761.5169,2.1494,1559.0,0.0,1559.0,1559.0,46277.0,97795.5472,10366328.0,217607.0,123788.3868,13121569.0,284437.0,146688.1509,15548944.0,327114.0,162503.8491,17225408.0,348538.0,182709.5377,19367211.0,1990,2000,10366328.0,13121569.0,2755241.0
235,G212060,本溪高新技术产业开发区,辽宁省,本溪,国务院,高新技术产业开发区,2012.08,865.4,生物医药,123.716101,41.463114,123.710209,41.460944,辽宁省本溪市溪湖区高新技术产业开发区,住宅区,ok,171.234,20.1408,16.0719,166232.0654,8.0374,4127.0,1412.0,2715.0,1303.0,3347.0,8176.79,817679.0,5523.0,12393.86,1239386.0,89619.0,22985.57,2298557.0,140248.0,31307.9,3130790.0,175446.0,44289.19,4428919.0,2010,2015,2298557.0,3130790.0,832233.0
236,G212061,锦州高新技术产业开发区,辽宁省,锦州,国务院,高新技术产业开发区,2015.02,372.0,汽车零部件、精细化工、食品,121.129052,41.092082,121.123412,41.090038,辽宁省锦州市太和区锦州高新技术产业开发区,住宅区,ok,19.062,110.5341,50.7599,572825.9683,0.0599,494.0,364.0,130.0,-234.0,116438.0,130825.8641,13475064.0,232867.0,167206.6311,17222283.0,259981.0,183371.5922,18887274.0,275921.0,196014.3204,20189475.0,301394.0,220589.7864,22720748.0,2015,2020,20189475.0,22720748.0,2531273.0
237,G212062,营口高新技术产业开发区,辽宁省,营口,国务院,高新技术产业开发区,2010.09,500.0,装备制造、新材料、信息技术,122.203576,40.61309,122.198359,40.611526,辽宁省营口市西市区营口高新技术产业开发区,住宅区,ok,3.114,,26.8226,82023.6166,0.1473,214.0,182.0,32.0,-150.0,0.0,17206.6699,1772287.0,347.0,32547.2816,3352370.0,39271.0,64831.8058,6677676.0,67312.0,87678.9126,9030928.0,89170.0,109773.5825,11306679.0,2010,2015,6677676.0,9030928.0,2353252.0
238,G212063,阜新高新技术产业开发区,辽宁省,阜新,国务院,高新技术产业开发区,2013.12,756.29,液压装备、农产品加工、电子信息,121.612634,41.998966,121.607324,41.996937,辽宁省阜新市细河区阜新高新技术产业开发区,住宅区,ok,113.3,27.4653,26.8251,290274.4306,0.097,200.0,131.0,69.0,-62.0,76779.0,110818.2233,11414277.0,183056.0,134838.5631,13888372.0,272192.0,168098.6699,17314163.0,309890.0,188857.1553,19452287.0,319578.0,205912.6796,21209006.0,2010,2015,17314163.0,19452287.0,2138124.0
239,G212064,辽阳高新技术产业开发区,辽宁省,辽阳,国务院,高新技术产业开发区,2010.11,437.0,芳烃及精细化工、工业铝材,123.239669,41.267396,123.233933,41.265329,辽宁省辽阳市,市,ok,114.323,26.3022,21.8221,237708.6133,0.5713,571.0,80.0,491.0,411.0,31620.0,106697.1058,11096499.0,50533.0,128162.9038,13328942.0,123661.0,146525.5385,15238656.0,166781.0,158573.9615,16491692.0,184214.0,175576.0385,18259908.0,2010,2015,15238656.0,16491692.0,1253036.0
240,G222065,长春净月高新技术产业开发区,吉林省,长春净月,国务院,高新技术产业开发区,2012.08,2246.0,高技术、文化,125.416065,43.824327,125.409421,43.821782,吉林省长春市南关区净月高新技术产业开发区,住宅区,ok,458.662,57.6782,37.7193,388810.1292,0.2962,1089.0,349.0,740.0,391.0,169140.0,45006.2,4500620.0,282032.0,113724.24,11372424.0,313187.0,171031.23,17103123.0,326815.0,204739.42,20473942.0,332652.0,221338.01,22133801.0,2010,2015,17103123.0,20473942.0,3370819.0
241,G222010,长春高新技术产业开发区,吉林省,长春,国务院,高新技术产业开发区,1991.03,1911.0,汽车、装备制造、生物医药,125.258952,43.788886,125.252578,43.786505,吉林省长春市朝阳区长春高新技术产业开发区,住宅区,ok,451.58,41.5047,28.7557,303918.5763,0.1032,638.0,0.0,638.0,638.0,29942.0,26851.1584,2711967.0,40819.0,59227.7921,5982007.0,83604.0,133792.0297,13512995.0,107850.0,180999.8812,18280988.0,126096.0,207544.0693,20961951.0,1990,2000,2711967.0,5982007.0,3270040.0
242,G222011,吉林高新技术产业开发区,吉林省,吉林,国务院,高新技术产业开发区,1992.11,436.0,化工、汽车及零部件、电子,126.566727,43.814127,126.561082,43.81189,吉林省吉林市丰满区高新技术产业开发区,住宅区,ok,492.107,95.6739,44.6384,492317.4238,0.5274,1988.0,0.0,1988.0,1988.0,228839.0,133266.3398,13726433.0,304432.0,160420.3689,16523298.0,311252.0,188523.835,19417955.0,315359.0,204302.9126,21043200.0,322240.0,218085.7767,22462835.0,1990,2000,13726433.0,16523298.0,2796865.0
243,G222066,通化医药高新技术产业开发区,吉林省,通化医药,国务院,高新技术产业开发区,2013.12,1270.82,医药,125.963235,41.781818,125.957521,41.779599,吉林省通化市东昌区通化医药高新技术产业开发区,住宅区,ok,273.524,21.0724,31.0765,152119.3607,7.8452,2550.0,748.0,1802.0,1054.0,420.0,51549.757,5515824.0,1108.0,58062.1215,6212647.0,54251.0,68025.0561,7278681.0,92841.0,73881.972,7905371.0,100244.0,76993.8879,8238346.0,2010,2015,7278681.0,7905371.0,626690.0
244,G222067,延吉高新技术产业开发区,吉林省,延吉,国务院,高新技术产业开发区,2010.11,533.0,医药、食品,87.075269,44.099749,87.072143,44.098379,新疆维吾尔自治区昌吉回族自治州昌吉市高新技术产业开发区,住宅区,ok,3133.125,8.2041,3.8408,40923.3998,0.0014,0.0,0.0,0.0,0.0,7200.0,3198.5146,329447.0,62064.0,10957.9903,1128673.0,81507.0,15805.7864,1627996.0,90391.0,19958.1748,2055692.0,96528.0,28197.0971,2904301.0,2010,2015,1627996.0,2055692.0,427696.0
245,G232012,哈尔滨高新技术产业开发区,黑龙江省,哈尔滨,国务院,高新技术产业开发区,1991.03,2370.0,装备制造、电子信息、新材料,126.472016,45.819045,126.465706,45.816889,黑龙江省哈尔滨市松北区高新技术产业开发区,住宅区,ok,695.132,30.6984,23.3152,189063.0449,0.0251,536.0,0.0,536.0,536.0,3943.0,12822.7757,1372037.0,6066.0,20894.8411,2235748.0,109483.0,56279.9626,6021956.0,172587.0,81877.5888,8760902.0,198766.0,102002.3364,10914250.0,1990,2000,1372037.0,2235748.0,863711.0
246,G232068,齐齐哈尔高新技术产业开发区,黑龙江省,齐齐哈尔,国务院,高新技术产业开发区,2010.11,331.0,装备制造、食品,123.933235,47.306395,123.926674,47.304355,黑龙江省齐齐哈尔市龙沙区高新技术产业开发区,住宅区,ok,719.994,52.4113,36.9794,336328.0511,0.0767,113.0,56.0,57.0,1.0,217589.0,124299.1569,12678514.0,248613.0,142244.0588,14508894.0,261429.0,157513.3039,16066357.0,268238.0,165702.5784,16901663.0,276624.0,172969.5784,17642897.0,2010,2015,16066357.0,16901663.0,835306.0
247,G232013,大庆高新技术产业开发区,黑龙江省,大庆,国务院,高新技术产业开发区,1992.11,1430.0,石化、汽车、装备制造,125.155218,46.563712,125.148234,46.561671,黑龙江省大庆市龙凤区高新技术产业开发区,住宅区,ok,672.277,24.4038,25.9989,275120.0423,0.0057,106.0,0.0,106.0,106.0,87074.0,58993.6698,6253329.0,192961.0,100310.066,10632867.0,265425.0,136282.6698,14445963.0,300744.0,157568.6509,16702277.0,312337.0,170287.9717,18050525.0,1990,2000,6253329.0,10632867.0,4379538.0
248,G312014,上海张江高新技术产业开发区,上海市,张江,国务院,高新技术产业开发区,1991.03,4211.7,电子信息、生物医药、光机电一体化,121.603123,31.180186,121.598926,31.182412,上海市浦东新区上海张江高新技术产业开发区,住宅区,ok,15.945,76.0305,77.9167,654266.9497,0.0793,2.0,0.0,2.0,2.0,4966.0,50440.4466,5195366.0,22020.0,128089.7573,13193245.0,93365.0,182692.4757,18817325.0,142818.0,210784.4854,21710802.0,175423.0,221714.7184,22836616.0,1990,2000,5195366.0,13193245.0,7997879.0
249,G312069,上海紫竹高新技术产业开发区,上海市,紫竹,国务院,高新技术产业开发区,2011.06,868.18,集成电路、软件、新能源、航空,113.054198,23.631421,113.048724,23.633877,广东省清远市清城区上海高新技术产业开发区,住宅区,ok,70.406,15.704,14.8484,103746.0342,1.0459,1909.0,220.0,1689.0,1469.0,19844.0,22087.07,2208707.0,91986.0,54095.52,5409552.0,152975.0,79770.86,7977086.0,185781.0,93908.19,9390819.0,189404.0,100273.4,10027340.0,2010,2015,7977086.0,9390819.0,1413733.0
250,G322015,南京高新技术产业开发区,江苏省,南京,国务院,高新技术产业开发区,1991.03,1650.0,软件、电子信息、生物医药,118.646608,32.04082,118.64155,32.042995,江苏省南京市浦口区南京高新技术产业开发区,住宅区,ok,92.606,32.5398,29.2905,200551.8357,0.3301,631.0,0.0,631.0,631.0,10613.0,23587.3824,2405913.0,14741.0,36948.3627,3768733.0,43533.0,70035.6275,7143634.0,67518.0,90826.1373,9264266.0,88260.0,103395.4804,10546339.0,1990,2000,2405913.0,3768733.0,1362820.0
251,G322016,无锡高新技术产业开发区,江苏省,无锡,国务院,高新技术产业开发区,1992.11,945.0,电子设备、电气机械器材,120.386116,31.528741,120.381415,31.530508,江苏省无锡市新吴区高新技术产业开发区,住宅区,ok,44.342,70.1138,49.8776,508402.3425,0.0708,376.0,0.0,376.0,376.0,5148.0,40571.34,4057134.0,131127.0,93697.82,9369782.0,277939.0,187331.56,18733156.0,340054.0,241930.66,24193066.0,347708.0,259421.24,25942124.0,1990,2000,4057134.0,9369782.0,5312648.0
252,G322070,江阴高新技术产业开发区,江苏省,江阴,国务院,高新技术产业开发区,2011.06,660.0,新材料、微电子集成电路、医药,87.075269,44.099749,87.072143,44.098379,新疆维吾尔自治区昌吉回族自治州昌吉市高新技术产业开发区,住宅区,ok,3133.125,8.2041,3.8408,40923.3998,0.0014,0.0,0.0,0.0,0.0,7200.0,3198.5146,329447.0,62064.0,10957.9903,1128673.0,81507.0,15805.7864,1627996.0,90391.0,19958.1748,2055692.0,96528.0,28197.0971,2904301.0,2010,2015,1627996.0,2055692.0,427696.0
253,G322071,徐州高新技术产业开发区,江苏省,徐州,国务院,高新技术产业开发区,2012.08,700.0,通用设备、电子设备、汽车,117.18936,34.161538,117.183605,34.162804,江苏省徐州市铜山区高新技术产业开发区,住宅区,ok,194.608,9.7144,13.8429,102534.2449,0.4593,460.0,15.0,445.0,430.0,3644.0,47399.92,4739992.0,13274.0,75360.9,7536090.0,64921.0,109831.6,10983160.0,116155.0,132989.35,13298935.0,242792.0,162803.15,16280315.0,2010,2015,10983160.0,13298935.0,2315775.0
254,G322017,常州高新技术产业开发区,江苏省,常州,国务院,高新技术产业开发区,1992.11,563.0,装备制造、新材料、光伏,119.929571,31.640849,119.924904,31.642966,江苏省常州市武进区高新技术产业开发区,住宅区,ok,34.942,19.167,22.683,217983.8586,0.3086,592.0,0.0,592.0,592.0,5297.0,24995.7184,2574559.0,11879.0,46285.9903,4767457.0,104205.0,101829.6796,10488457.0,186488.0,136187.8447,14027348.0,311421.0,157071.9223,16178408.0,1990,2000,2574559.0,4767457.0,2192898.0
255,G322072,武进高新技术产业开发区,江苏省,武进,国务院,高新技术产业开发区,2012.08,340.0,电子设备、电气机械器材、通用设备,119.929571,31.640849,119.924904,31.642966,江苏省常州市武进区高新技术产业开发区,住宅区,ok,34.942,19.167,22.683,217983.8586,0.3086,592.0,1.0,591.0,590.0,5297.0,24995.7184,2574559.0,11879.0,46285.9903,4767457.0,104205.0,101829.6796,10488457.0,186488.0,136187.8447,14027348.0,311421.0,157071.9223,16178408.0,2010,2015,10488457.0,14027348.0,3538891.0
256,G322018,苏州高新技术产业开发区,江苏省,苏州,国务院,高新技术产业开发区,1992.11,680.0,电子信息、装备制造、新能源,120.816569,31.609466,120.812261,31.611473,江苏省苏州市常熟市高新技术产业开发区,住宅区,ok,18.34,26.7818,29.8369,256746.6582,0.325,751.0,0.0,751.0,751.0,10295.0,19584.6117,2017215.0,26688.0,40906.301,4213349.0,238804.0,111810.7087,11516503.0,372429.0,156426.2524,16111904.0,386672.0,175517.3592,18078288.0,1990,2000,2017215.0,4213349.0,2196134.0
257,G322073,常熟高新技术产业开发区,江苏省,常熟,国务院,高新技术产业开发区,2015.09,352.0,通用设备、计算机、电子设备,120.789376,31.601026,120.785017,31.602989,江苏省苏州市常熟市常熟常熟高新技术产业开发区,住宅区,ok,19.883,60.3224,33.756,254115.0083,0.2231,1568.0,19.0,1549.0,1530.0,17595.0,30607.3558,3183165.0,41272.0,60178.1538,6258528.0,145142.0,129151.4231,13431748.0,238768.0,172566.4231,17946908.0,255233.0,190233.4904,19784283.0,2015,2020,17946908.0,19784283.0,1837375.0
258,G322074,昆山高新技术产业开发区,江苏省,昆山,国务院,高新技术产业开发区,2010.09,786.0,电子信息、机器人、装备制造,120.952102,31.40864,120.947863,31.410731,江苏省苏州市昆山市昆山高新技术产业开发区,住宅区,ok,35.925,60.0659,43.7399,467360.8155,0.1718,91.0,0.0,91.0,91.0,28419.0,37119.2772,3749047.0,225268.0,93183.8515,9411569.0,312868.0,175347.0198,17710049.0,352992.0,224983.7327,22723357.0,356438.0,238466.3762,24085104.0,2010,2015,17710049.0,22723357.0,5013308.0
259,G322075,南通高新技术产业开发区,江苏省,南通,国务院,高新技术产业开发区,2013.12,550.0,通用设备、交通运输设备、纺织服装鞋帽,121.048195,32.062274,121.043578,32.064145,江苏省南通市通州区南通高新技术产业开发区,住宅区,ok,19.913,13.8403,17.2255,164555.6005,0.1115,270.0,9.0,261.0,252.0,7297.0,30438.198,3074258.0,18327.0,56042.5842,5660301.0,227185.0,122343.1287,12356656.0,328263.0,160921.3168,16253053.0,384803.0,184130.0594,18597136.0,2010,2015,12356656.0,16253053.0,3896397.0
260,G322076,连云港高新技术产业开发区,江苏省,连云港,国务院,高新技术产业开发区,2015.02,300.0,装备制造、软件及信息服务,119.232277,34.568872,119.226759,34.569938,江苏省连云港市海州区高新技术产业开发区,住宅区,ok,15.894,16.3939,17.089,172068.7629,0.1353,48.0,14.0,34.0,20.0,102537.0,60968.9901,6157868.0,143752.0,81624.4653,8244071.0,168562.0,106155.0198,10721657.0,191037.0,121676.5941,12289336.0,201248.0,134379.8614,13572366.0,2015,2020,12289336.0,13572366.0,1283030.0
261,G322077,淮安高新技术产业开发区,江苏省,淮安,国务院,高新技术产业开发区,2017.02,234.0,电子信息、新能源汽车及零部件、装备制造,119.046195,33.637342,119.040635,33.638646,江苏省淮安市淮阴区高新技术产业开发区,住宅区,ok,114.082,47.6818,28.7992,319440.2076,0.1246,437.0,4.0,433.0,429.0,45326.0,92835.2353,9469194.0,135193.0,129062.9902,13164425.0,278337.0,168679.8529,17205345.0,364341.0,190870.9804,19468840.0,370976.0,200692.0588,20470590.0,2015,2020,19468840.0,20470590.0,1001750.0
262,G322078,盐城高新技术产业开发区,江苏省,盐城,国务院,高新技术产业开发区,2015.02,400.0,智能终端、装备制造、新能源,120.088365,33.319106,120.083273,33.32049,江苏省盐城市盐都区高新技术产业开发区,住宅区,ok,52.16,26.4975,13.15,141625.7228,0.1287,1255.0,6.0,1249.0,1243.0,2963.0,25574.7379,2634198.0,17514.0,45829.9806,4720488.0,117027.0,100735.932,10375801.0,178993.0,132161.7573,13612661.0,190720.0,146597.6117,15099554.0,2015,2020,13612661.0,15099554.0,1486893.0
263,G322079,扬州高新技术产业开发区,江苏省,扬州,国务院,高新技术产业开发区,2015.09,418.0,数控装备、生物技术、光电,119.433284,32.298364,119.427842,32.300263,江苏省扬州市邗江区高新技术产业开发区,住宅区,ok,18.434,27.9745,12.2054,115682.3428,0.2307,90.0,25.0,65.0,40.0,8315.0,19818.3558,2061109.0,13842.0,36966.7596,3844543.0,66695.0,83045.0673,8636687.0,93752.0,109520.125,11390093.0,108077.0,123799.2115,12875118.0,2015,2020,11390093.0,12875118.0,1485025.0
264,G322080,镇江高新技术产业开发区,江苏省,镇江,国务院,高新技术产业开发区,2014.10,400.0,船舶及配套、通用设备、电器机械器材,119.367676,32.172128,119.36223,32.174016,江苏省镇江市润州区高新技术产业开发区,住宅区,ok,23.133,40.096,19.1136,169269.6445,7.787,1243.0,569.0,674.0,105.0,20996.0,35186.6538,3659412.0,31149.0,49286.6442,5125811.0,148798.0,83276.8365,8660791.0,215450.0,101911.7981,10598827.0,224091.0,107704.5385,11201272.0,2010,2015,8660791.0,10598827.0,1938036.0
265,G322081,泰州医药高新技术产业开发区,江苏省,泰州医药,国务院,高新技术产业开发区,2009.03,880.0,化工、电子信息、生物医药,119.915992,32.393152,119.911262,32.395387,江苏省泰州市高港区泰州医药高新技术产业开发区,住宅区,ok,12.508,17.2607,12.4017,130887.0787,0.169,261.0,0.0,261.0,261.0,10775.0,24349.4327,2532341.0,23996.0,52309.7788,5440217.0,128618.0,100847.2885,10488118.0,208330.0,131008.9519,13624931.0,222677.0,146476.7404,15233581.0,2000,2010,5440217.0,10488118.0,5047901.0
266,G322082,宿迁高新技术产业开发区,江苏省,宿迁,国务院,高新技术产业开发区,2017.02,500.0,新材料、装备制造、电子信息,118.345447,33.918362,118.339835,33.919603,江苏省宿迁市宿豫区高新技术产业开发区,住宅区,ok,118.332,17.9938,19.2029,180622.3203,0.08,493.0,14.0,479.0,465.0,43437.0,34348.4554,3469194.0,84868.0,63103.2574,6373429.0,252808.0,122449.7723,12367427.0,337606.0,156016.0495,15757621.0,361769.0,176482.9703,17824780.0,2015,2020,15757621.0,17824780.0,2067159.0
267,G332019,杭州高新技术产业开发区,浙江省,杭州,国务院,高新技术产业开发区,1991.03,1212.0,信息技术、生命健康、节能环保,120.20675,30.204462,120.202209,30.206887,浙江省杭州市滨江区高新技术产业开发区,住宅区,ok,1.042,79.8482,65.0109,555258.511,0.8309,41.0,0.0,41.0,41.0,11491.0,63164.6923,6569128.0,127066.0,114129.2788,11869445.0,224913.0,168567.6731,17531038.0,273326.0,198091.8846,20601556.0,288763.0,209880.8846,21827612.0,1990,2000,6569128.0,11869445.0,5300317.0
268,G332083,萧山临江高新技术产业开发区,浙江省,萧山临江,国务院,高新技术产业开发区,2015.02,355.0,装备制造、汽车、新能源、新材料,103.720741,29.547315,103.718556,29.550085,四川省乐山市市中区临江高新技术产业开发区,住宅区,ok,968.125,26.427,31.3237,176853.8275,5.1366,3694.0,227.0,3467.0,3240.0,16022.0,38419.9118,3918831.0,24984.0,58953.2157,6013228.0,27616.0,75251.7941,7675683.0,29375.0,83560.1569,8523136.0,33873.0,89053.6765,9083475.0,2015,2020,8523136.0,9083475.0,560339.0
269,G332084,宁波高新技术产业开发区,浙江省,宁波,国务院,高新技术产业开发区,2007.01,970.63,电子信息、新能源、节能环保、新材料,121.209896,30.232808,121.205525,30.235222,浙江省宁波市慈溪市高新技术产业开发区,住宅区,ok,10.429,13.1367,29.0266,233925.6049,0.0598,9.0,1.0,8.0,7.0,1196.0,78603.0588,8017512.0,2992.0,138164.7843,14092808.0,78881.0,182837.8235,18649458.0,163776.0,208417.7647,21258612.0,227582.0,218504.9118,22287501.0,2000,2010,14092808.0,18649458.0,4556650.0
270,G332085,温州高新技术产业开发区,浙江省,温州,国务院,高新技术产业开发区,2012.08,442.45,激光及光电、电商、软件,120.731366,27.974618,120.727268,27.977859,浙江省温州市龙湾区高新技术产业开发区,住宅区,ok,1.195,106.1906,116.9987,680230.6938,3.7237,234.0,58.0,176.0,118.0,52224.0,58783.5686,5995924.0,239379.0,112247.3627,11449231.0,287769.0,128661.4804,13123471.0,311068.0,137041.4706,13978230.0,313566.0,141164.9804,14398828.0,2010,2015,13123471.0,13978230.0,854759.0
271,G332086,嘉兴秀洲高新技术产业开发区,浙江省,嘉兴秀洲,国务院,高新技术产业开发区,2015.09,572.0,智能制造、新能源、新材料,120.709047,30.764811,120.704758,30.767131,浙江省嘉兴市秀洲区,区县,ok,36.06,39.3072,40.2824,397345.2681,0.2197,136.0,7.0,129.0,122.0,3410.0,33983.3204,3500282.0,156911.0,68952.233,7102080.0,259891.0,133072.3495,13706452.0,306538.0,174166.1165,17939110.0,318357.0,194329.7864,20015968.0,2015,2020,17939110.0,20015968.0,2076858.0
272,G332087,湖州莫干山高新技术产业开发区,浙江省,湖州莫干山,国务院,高新技术产业开发区,2015.09,665.0,生物医药、装备制造、地理信息,113.118316,36.210151,113.111651,36.209982,山西省长治市潞州区莫干山高新技术产业开发区,住宅区,ok,474.823,66.4293,41.8727,434597.0863,0.0836,203.0,60.0,143.0,83.0,295547.0,135138.1524,14189506.0,374319.0,161957.4381,17005531.0,396940.0,186994.5714,19634430.0,406933.0,201126.2095,21118252.0,411639.0,212118.3333,22272425.0,2015,2020,21118252.0,22272425.0,1154173.0
273,G332088,绍兴高新技术产业开发区,浙江省,绍兴,国务院,高新技术产业开发区,2010.11,1044.24,新材料、电子信息、环保,120.601314,29.972379,120.59725,29.975022,浙江省绍兴市越城区高新技术产业开发区,住宅区,ok,14.805,44.2716,48.4289,427142.5348,11.0042,1107.0,267.0,840.0,573.0,18157.0,59811.1275,6100735.0,93135.0,103495.0392,10556494.0,171116.0,132660.3725,13531358.0,207764.0,149947.1863,15294613.0,214365.0,158976.8529,16215639.0,2010,2015,13531358.0,15294613.0,1763255.0
274,G332089,衢州高新技术产业开发区,浙江省,衢州,国务院,高新技术产业开发区,2013.12,353.88,氟硅钴新材料,118.859307,28.970229,118.854512,28.973314,浙江省衢州市,市,ok,184.761,30.4807,22.3267,168968.7763,3.3522,3267.0,914.0,2353.0,1439.0,48662.0,35890.5588,3660837.0,85098.0,62142.7843,6338564.0,141459.0,85738.6667,8745344.0,164610.0,98373.7059,10034118.0,172236.0,104456.2059,10654533.0,2010,2015,8745344.0,10034118.0,1288774.0
275,G342020,合肥高新技术产业开发区,安徽省,合肥,国务院,高新技术产业开发区,1991.03,1850.0,家电及配套、汽车、电子信息,117.179798,31.826956,117.174256,31.828887,安徽省合肥市蜀山区高新技术产业开发区,住宅区,ok,233.346,54.5566,72.2254,635728.1228,1.1513,600.0,0.0,600.0,600.0,52908.0,50753.534,5227614.0,86508.0,85437.3786,8800050.0,134191.0,147854.3495,15228998.0,157109.0,184639.4951,19017868.0,162518.0,209141.932,21541619.0,1990,2000,5227614.0,8800050.0,3572436.0
276,G342090,芜湖高新技术产业开发区,安徽省,芜湖,国务院,高新技术产业开发区,2010.09,650.0,装备制造、汽配、新材料、医药,118.375419,31.351525,118.370014,31.353372,安徽省芜湖市镜湖区芜湖高新技术产业开发区,住宅区,ok,149.854,69.3416,44.0366,371404.4744,0.1773,45.0,0.0,45.0,45.0,293463.0,95598.5882,9751056.0,296669.0,117952.5196,12031157.0,298023.0,153858.598,15693577.0,298792.0,174840.1275,17833693.0,299914.0,184075.5588,18775707.0,2010,2015,15693577.0,17833693.0,2140116.0
277,G342091,蚌埠高新技术产业开发区,安徽省,蚌埠,国务院,高新技术产业开发区,2010.11,674.0,汽车零部件、装备制造、电子信息,117.30936,32.864783,117.303686,32.866645,安徽省蚌埠市禹会区高新技术产业开发区,住宅区,ok,224.055,22.4293,15.3408,132836.3468,0.2925,214.0,46.0,168.0,122.0,366.0,20841.4752,2104989.0,396.0,30434.4356,3073878.0,59928.0,55505.2475,5606030.0,99496.0,72748.9604,7347645.0,139458.0,91447.5446,9236202.0,2010,2015,5606030.0,7347645.0,1741615.0
278,G342092,马鞍山慈湖高新技术产业开发区,安徽省,马鞍山慈湖,国务院,高新技术产业开发区,2012.08,1120.0,新材料、节能环保、化工,87.075269,44.099749,87.072143,44.098379,新疆维吾尔自治区昌吉回族自治州昌吉市高新技术产业开发区,住宅区,ok,3133.125,8.2041,3.8408,40923.3998,0.0014,0.0,0.0,0.0,0.0,7200.0,3198.5146,329447.0,62064.0,10957.9903,1128673.0,81507.0,15805.7864,1627996.0,90391.0,19958.1748,2055692.0,96528.0,28197.0971,2904301.0,2010,2015,1627996.0,2055692.0,427696.0
279,G342093,铜陵狮子山高新技术产业开发区,安徽省,铜陵狮子山,国务院,高新技术产业开发区,2017.02,255.0,光电光伏、装备制造、铜材加工,118.266853,29.777652,118.261739,29.780148,安徽省黄山市屯溪区狮子山高新技术产业开发区,住宅区,ok,187.756,,22.3865,59480.9249,9.0788,2871.0,1392.0,1479.0,87.0,2820.0,11400.4272,1174244.0,5277.0,20018.8058,2061937.0,43979.0,36896.3883,3800328.0,69221.0,46425.5922,4781836.0,84054.0,50847.534,5237296.0,2015,2020,4781836.0,5237296.0,455460.0
280,G352021,福州高新技术产业开发区,福建省,福州,国务院,高新技术产业开发区,1991.03,550.0,电子信息、光机电、新材料,119.210851,26.039857,119.206059,26.042947,福建省福州市闽侯县福州高新技术产业开发区,住宅区,ok,0.298,51.0028,52.2795,320421.1514,8.3385,1099.0,0.0,1099.0,1099.0,1596.0,24277.17,2427717.0,13418.0,65436.61,6543661.0,107889.0,97996.11,9799611.0,161814.0,114205.55,11420555.0,182602.0,118455.32,11845532.0,1990,2000,2427717.0,6543661.0,4115944.0
281,G352022,厦门火炬高技术产业开发区,福建省,厦门火炬高技术,国务院,高新技术产业开发区,1991.03,1375.0,电子信息、半导体及集成电路、软件,118.125864,24.513111,118.120917,24.515777,福建省厦门市湖里区火炬高技术产业开发区,住宅区,ok,2.766,222.503,195.088,1512517.038,0.7456,298.0,0.0,298.0,298.0,151420.0,124976.3838,12372662.0,303632.0,184900.0404,18305104.0,305228.0,201202.3333,19919031.0,307505.0,210961.9091,20885229.0,315704.0,219946.9394,21774747.0,1990,2000,12372662.0,18305104.0,5932442.0
282,G352094,莆田高新技术产业开发区,福建省,莆田,国务院,高新技术产业开发区,2012.08,1105.0,电子信息、机械,119.156368,25.469043,119.151512,25.471727,福建省莆田市涵江区莆田高新技术产业开发区,住宅区,ok,2.544,54.4357,34.8321,227906.4922,1.4871,2013.0,367.0,1646.0,1279.0,98588.0,63585.1919,6294934.0,179375.0,97917.303,9693813.0,199719.0,108788.6768,10770079.0,211417.0,115104.4545,11395341.0,230088.0,122046.2828,12082582.0,2010,2015,10770079.0,11395341.0,625262.0
283,G352095,三明高新技术产业开发区,福建省,三明,国务院,高新技术产业开发区,2015.02,1278.0,机械装备、林产加工、纺织轻工,117.760794,26.424394,117.755742,26.427739,福建省三明市沙县区三明高新技术产业开发区,住宅区,ok,137.21,9.8952,20.3558,86796.9279,31.5992,26619.0,17453.0,9166.0,-8287.0,192.0,17835.5534,1837062.0,271.0,22677.2621,2335758.0,1547.0,33984.0485,3500357.0,7710.0,40907.8641,4213510.0,35746.0,44392.301,4572407.0,2015,2020,4213510.0,4572407.0,358897.0
284,G352096,泉州高新技术产业开发区,福建省,泉州,国务院,高新技术产业开发区,2010.11,807.12,电子信息、纺织鞋服、机械汽配,118.531642,24.923814,118.527085,24.926721,福建省泉州市鲤城区高新技术产业开发区,住宅区,ok,6.463,33.8719,45.0356,301107.959,3.7593,4482.0,595.0,3887.0,3292.0,90446.0,75311.2755,7380505.0,143320.0,122957.6429,12049849.0,212153.0,145158.7449,14225557.0,258520.0,157136.7347,15399400.0,276604.0,164722.7857,16142833.0,2010,2015,14225557.0,15399400.0,1173843.0
285,G352097,漳州高新技术产业开发区,福建省,漳州,国务院,高新技术产业开发区,2013.12,329.0,电子信息、装备制造、生物医药,117.649001,24.476183,117.644214,24.479153,福建省漳州市龙海区高新技术产业开发区,住宅区,ok,14.964,24.0136,30.6619,269947.4842,3.9248,4046.0,1706.0,2340.0,634.0,69494.0,62780.4752,6340828.0,172609.0,97709.8416,9868694.0,233157.0,125306.198,12655926.0,265581.0,140863.8119,14227245.0,269519.0,148635.1782,15012153.0,2010,2015,12655926.0,14227245.0,1571319.0
286,G352098,龙岩高新技术产业开发区,福建省,龙岩,国务院,高新技术产业开发区,2015.02,200.0,机械、专用车、环境科技,116.882859,24.958044,116.878313,24.961048,福建省龙岩市永定区高新技术产业开发区,住宅区,ok,107.341,24.615,24.6365,63710.0107,28.9416,13041.0,6938.0,6103.0,-835.0,47016.0,18942.76,1894276.0,65894.0,24199.13,2419913.0,99593.0,29389.26,2938926.0,125776.0,32387.65,3238765.0,134320.0,34571.6,3457160.0,2015,2020,3238765.0,3457160.0,218395.0
287,G362023,南昌高新技术产业开发区,江西省,南昌,国务院,高新技术产业开发区,1992.11,680.0,生物医药、电子信息、新材料,115.994414,28.689071,115.989423,28.692265,江西省南昌市青山湖区南昌高新技术产业开发区,住宅区,ok,416.898,63.8449,59.0502,504229.2387,0.0648,40.0,0.0,40.0,40.0,24015.0,52178.1212,5165634.0,43038.0,90072.0808,8917136.0,163409.0,140109.5758,13870848.0,234261.0,169282.0505,16758923.0,253067.0,179935.596,17813624.0,1990,2000,5165634.0,8917136.0,3751502.0
288,G362099,景德镇高新技术产业开发区,江西省,景德镇,国务院,高新技术产业开发区,2010.11,1500.0,航空、家电、化工,117.173864,29.269297,117.16854,29.271931,江西省景德镇市昌江区高新技术产业开发区,住宅区,ok,305.908,44.412,45.508,247108.2344,18.3896,15133.0,6699.0,8434.0,1735.0,126922.0,64217.9612,6614450.0,191895.0,82811.9612,8529632.0,280679.0,106887.233,11009385.0,333819.0,120464.3883,12407832.0,334083.0,126122.9903,12990668.0,2010,2015,11009385.0,12407832.0,1398447.0
289,G362100,新余高新技术产业开发区,江西省,新余,国务院,高新技术产业开发区,2010.11,1333.3,新能源、钢铁装备、新材料,115.022475,27.830193,115.017332,27.833405,江西省新余市渝水区高新技术产业开发区,住宅区,ok,464.709,24.0793,19.4153,82689.797,1.0146,2890.0,1500.0,1390.0,-110.0,32166.0,19360.3431,1974755.0,105723.0,28811.5,2938773.0,166834.0,56812.3529,5794860.0,199402.0,75573.402,7708487.0,209007.0,87988.1373,8974790.0,2010,2015,5794860.0,7708487.0,1913627.0
290,G362101,鹰潭高新技术产业开发区,江西省,鹰潭,国务院,高新技术产业开发区,2012.08,1113.3,铜基新材料、绿色水工、智能终端,117.006175,28.218139,117.001105,28.221423,江西省鹰潭市月湖区鹰潭高新技术产业开发区,住宅区,ok,300.145,32.8404,19.4193,149644.7612,0.7752,2472.0,248.0,2224.0,1976.0,45175.0,45600.5149,4605652.0,70385.0,55591.5446,5614746.0,147814.0,72182.3267,7290415.0,196824.0,81074.495,8188524.0,217960.0,86282.4554,8714528.0,2010,2015,7290415.0,8188524.0,898109.0
291,G362102,赣州高新技术产业开发区,江西省,赣州,国务院,高新技术产业开发区,2015.09,200.0,钨新材料、稀土、食品,115.006447,25.904124,115.001503,25.907173,江西省赣州市赣县区赣州高新技术产业开发区,住宅区,ok,315.768,,91.5505,210566.1713,9.7826,7620.0,907.0,6713.0,5806.0,10903.0,21813.7115,2268626.0,12189.0,32715.3269,3402394.0,23043.0,43921.375,4567823.0,31462.0,49633.3269,5161866.0,47419.0,54525.4712,5670649.0,2015,2020,5161866.0,5670649.0,508783.0
292,G362103,吉安高新技术产业开发区,江西省,吉安,国务院,高新技术产业开发区,2015.09,231.0,电子信息、精密机械、绿色食品,114.945063,27.014269,114.940231,27.017772,江西省吉安市吉安县高新技术产业开发区,住宅区,ok,402.03,40.6855,32.3005,138310.8257,6.7297,9641.0,6902.0,2739.0,-4163.0,11902.0,19151.99,1915199.0,22173.0,32426.35,3242635.0,99122.0,55089.91,5508991.0,154811.0,68190.05,6819005.0,183509.0,77497.93,7749793.0,2015,2020,6819005.0,7749793.0,930788.0
293,G362104,抚州高新技术产业开发区,江西省,抚州,国务院,高新技术产业开发区,2015.02,1333.33,汽车及零部件、生物制药、电子信息,116.365314,27.952556,116.360297,27.95568,江西省抚州市临川区高新技术产业开发区,住宅区,ok,337.242,45.928,44.5851,377992.0906,0.558,2832.0,2372.0,460.0,-1912.0,13110.0,47204.5051,4673246.0,25837.0,69538.6364,6884325.0,159232.0,119510.0101,11831491.0,240088.0,148026.1919,14654593.0,258999.0,162025.1919,16040494.0,2015,2020,14654593.0,16040494.0,1385901.0
294,G372024,济南高新技术产业开发区,山东省,济南,国务院,高新技术产业开发区,1991.03,1590.0,电子信息、生物医药、智能装备,117.127652,36.681122,117.121526,36.680681,山东省济南市历下区济南高新技术产业开发区,住宅区,ok,184.334,70.5917,45.3565,474973.1089,0.5786,255.0,0.0,255.0,255.0,169474.0,160371.4412,16357887.0,227812.0,203067.3824,20712873.0,321179.0,253724.9216,25879942.0,364752.0,282143.6176,28778649.0,380181.0,301767.2157,30780256.0,1990,2000,16357887.0,20712873.0,4354986.0
295,G372025,青岛高新技术产业开发区,山东省,青岛,国务院,高新技术产业开发区,1992.11,1975.0,软件信息、医药、智能制造,120.282605,36.314798,120.277573,36.314617,山东省青岛市城阳区高新技术产业开发区,住宅区,ok,5.248,,25.0346,208262.4452,0.0056,0.0,0.0,0.0,0.0,0.0,39824.3107,4101904.0,0.0,56640.9029,5834013.0,86079.0,112528.0097,11590385.0,146757.0,149018.8835,15348945.0,194496.0,174454.9612,17968861.0,1990,2000,4101904.0,5834013.0,1732109.0
296,G372026,湽博高新技术产业开发区,山东省,湽博,国务院,高新技术产业开发区,1992.11,704.0,新材料、生物医药、装备制造,87.075269,44.099749,87.072143,44.098379,新疆维吾尔自治区昌吉回族自治州昌吉市高新技术产业开发区,住宅区,ok,3133.125,8.2041,3.8408,40923.3998,0.0014,0.0,0.0,0.0,0.0,7200.0,3198.5146,329447.0,62064.0,10957.9903,1128673.0,81507.0,15805.7864,1627996.0,90391.0,19958.1748,2055692.0,96528.0,28197.0971,2904301.0,1990,2000,329447.0,1128673.0,799226.0
297,G372105,枣庄高新技术产业开发区,山东省,枣庄,国务院,高新技术产业开发区,2015.02,761.0,新信息、新能源、新医药,117.339495,34.810024,117.333544,34.810789,山东省枣庄市薛城区高新技术产业开发区,住宅区,ok,169.768,22.1112,18.4542,118069.9079,0.3439,879.0,11.0,868.0,857.0,772.0,34356.0291,3538671.0,23162.0,48286.0971,4973468.0,137598.0,72536.1748,7471226.0,228376.0,89229.932,9190683.0,254679.0,108874.068,11214029.0,2015,2020,9190683.0,11214029.0,2023346.0
298,G372106,黄河三角洲农业高新技术产业示范区,山东省,黄河三角洲农业,国务院,高新技术产业开发区,2015.10,296.0,农业生物、食品、农业服务,108.087735,34.277303,108.08282,34.278567,陕西省咸阳市杨陵区农业高新技术产业示范区,住宅区,ok,974.726,33.3986,22.5156,233442.1015,0.0398,222.0,98.0,124.0,26.0,117859.0,36165.3465,3652700.0,245496.0,62506.7525,6313182.0,304569.0,92737.8218,9366520.0,328613.0,110584.4554,11169030.0,330707.0,123868.802,12510749.0,2015,2020,11169030.0,12510749.0,1341719.0
299,G372107,烟台高新技术产业开发区,山东省,烟台,国务院,高新技术产业开发区,2010.09,1464.77,信息技术、汽车零部件、海洋生物及制药,121.481244,37.454892,121.476144,37.454006,山东省烟台市莱山区烟台高新技术产业开发区,住宅区,ok,1.466,30.6096,30.5938,223457.2172,0.0481,320.0,261.0,59.0,-202.0,1887.0,18502.981,1942813.0,5415.0,36832.2095,3867382.0,118022.0,68140.4381,7154746.0,206118.0,89892.2667,9438688.0,238643.0,105171.9905,11043059.0,2010,2015,7154746.0,9438688.0,2283942.0
300,G372027,潍坊高新技术产业开发区,山东省,潍坊,国务院,高新技术产业开发区,1992.11,860.0,动力装备、声学光学、生命健康,119.22516,36.712654,119.219404,36.712307,山东省潍坊市奎文区高新技术产业开发区,住宅区,ok,47.546,17.8584,12.1036,140813.212,0.0031,142.0,0.0,142.0,142.0,53617.0,26348.1386,2661162.0,69363.0,48519.9703,4900517.0,135654.0,107197.7228,10826970.0,173010.0,145472.198,14692692.0,214879.0,172085.2574,17380611.0,1990,2000,2661162.0,4900517.0,2239355.0
301,G372108,济宁高新技术产业开发区,山东省,济宁,国务院,高新技术产业开发区,2010.09,960.0,工程机械、生物制药、新材料,116.610674,35.430475,116.605374,35.430909,山东省济宁市任城区高新技术产业开发区,住宅区,ok,240.372,70.6982,42.9344,446303.4487,0.0704,1482.0,0.0,1482.0,1482.0,185920.0,136085.2157,13880692.0,312985.0,168037.5196,17139827.0,364257.0,207904.9412,21206304.0,386027.0,232204.6078,23684870.0,392326.0,245427.8235,25033638.0,2010,2015,21206304.0,23684870.0,2478566.0
302,G372109,泰安高新技术产业开发区,山东省,泰安,国务院,高新技术产业开发区,2012.08,1375.75,输变电设备、矿山装备、汽车及零部件,117.180546,36.20163,117.174557,36.201483,山东省泰安市泰山区高新技术产业开发区,住宅区,ok,200.494,35.138,25.8307,293902.1855,0.7246,886.0,34.0,852.0,818.0,35199.0,85840.9804,8755780.0,163662.0,126069.1471,12859053.0,292223.0,170304.7255,17371082.0,364315.0,196935.8725,20087459.0,376958.0,211822.1961,21605864.0,2010,2015,17371082.0,20087459.0,2716377.0
303,G372028,威海火炬高技术产业开发区,山东省,威海火炬高技术,国务院,高新技术产业开发区,1991.03,1510.0,医疗器械、医药、电子信息、新材料,122.03475,37.522262,122.029757,37.521305,山东省威海市环翠区威海火炬高技术产业开发区,住宅区,ok,0.746,18.431,30.7027,167391.3534,0.1837,404.0,0.0,404.0,404.0,42720.0,38140.1058,3966571.0,90199.0,70076.2308,7287928.0,151088.0,92166.3269,9585298.0,184993.0,103721.1923,10787004.0,211026.0,109570.3269,11395314.0,1990,2000,3966571.0,7287928.0,3321357.0
304,G372110,莱芜高新技术产业开发区,山东省,莱芜,国务院,高新技术产业开发区,2015.09,653.0,汽车及零部件、电子信息、新材料,87.075269,44.099749,87.072143,44.098379,新疆维吾尔自治区昌吉回族自治州昌吉市高新技术产业开发区,住宅区,ok,3133.125,8.2041,3.8408,40923.3998,0.0014,0.0,0.0,0.0,0.0,7200.0,3198.5146,329447.0,62064.0,10957.9903,1128673.0,81507.0,15805.7864,1627996.0,90391.0,19958.1748,2055692.0,96528.0,28197.0971,2904301.0,2015,2020,2055692.0,2904301.0,848609.0
305,G372111,临沂高新技术产业开发区,山东省,临沂,国务院,高新技术产业开发区,2011.06,1137.0,电子信息、装备制造、新材料,118.267755,35.005065,118.262146,35.005709,山东省临沂市罗庄区高新技术产业开发区,住宅区,ok,84.964,33.0643,20.7448,234935.1755,0.1965,297.0,14.0,283.0,269.0,36697.0,119299.2574,12049225.0,151843.0,189574.2079,19146995.0,239137.0,254491.6337,25703655.0,280567.0,293902.9208,29684195.0,314305.0,329285.0495,33257790.0,2010,2015,25703655.0,29684195.0,3980540.0
306,G372112,德州高新技术产业开发区,山东省,德州,国务院,高新技术产业开发区,2015.09,689.0,生物、机械、新材料,116.678661,36.929988,116.673059,36.929633,山东省德州市禹城市高新技术产业开发区,住宅区,ok,181.382,10.4206,10.3482,119615.0356,0.3478,541.0,36.0,505.0,469.0,21255.0,51257.1635,5330745.0,28930.0,72309.6154,7520200.0,163021.0,108013.2981,11233383.0,254994.0,130862.6538,13609716.0,288630.0,148779.2788,15473045.0,2015,2020,13609716.0,15473045.0,1863329.0
307,G412029,郑州高新技术产业开发区,河南省,郑州,国务院,高新技术产业开发区,1991.03,1132.0,电子信息、装备制造,113.661546,34.776592,113.655446,34.777688,河南省郑州市金水区高新技术产业开发区,住宅区,ok,540.013,106.6475,123.6464,1376678.9252,0.0326,38.0,0.0,38.0,38.0,408409.0,281639.1748,29008835.0,415144.0,328988.1845,33885783.0,415144.0,338654.466,34881410.0,415144.0,344122.0874,35444575.0,415144.0,349542.835,36002912.0,1990,2000,29008835.0,33885783.0,4876948.0
308,G412030,洛阳高新技术产业开发区,河南省,洛阳,国务院,高新技术产业开发区,1992.11,547.9,装备制造、新材料、高技术服务,112.357154,34.645898,112.350875,34.646883,河南省洛阳市涧西区高新技术产业开发区,住宅区,ok,635.346,31.4615,37.2147,376910.6926,0.1096,183.0,0.0,183.0,183.0,32043.0,137813.9048,14470460.0,51093.0,168196.2095,17660602.0,125287.0,185626.7905,19490813.0,158747.0,195932.2,20572881.0,186757.0,206463.6667,21678685.0,1990,2000,14470460.0,17660602.0,3190142.0
309,G412113,平顶山高新技术产业开发区,河南省,平顶山,国务院,高新技术产业开发区,2015.02,410.0,机电装备、新材料,113.071607,33.834725,113.065226,33.836033,河南省平顶山市宝丰县宝丰高新技术产业开发区,住宅区,ok,572.441,13.398,22.8106,137844.668,0.0779,387.0,8.0,379.0,371.0,35944.0,63238.549,6450332.0,39208.0,74858.3431,7635551.0,62157.0,89875.6275,9167314.0,90561.0,101142.3235,10316517.0,189266.0,121532.3725,12396302.0,2015,2020,10316517.0,12396302.0,2079785.0
310,G412114,安阳高新技术产业开发区,河南省,安阳,国务院,高新技术产业开发区,2010.09,526.0,装备制造、电子信息、生物医药,114.364378,36.06876,114.358309,36.068619,河南省安阳市文峰区高新技术产业开发区,住宅区,ok,394.239,66.2702,44.6857,480282.4248,0.0464,138.0,98.0,40.0,-58.0,46591.0,133395.1154,13873092.0,308534.0,176996.3077,18407616.0,329142.0,215079.875,22368307.0,340381.0,241522.5865,25118349.0,355342.0,269010.4423,27977086.0,2010,2015,22368307.0,25118349.0,2750042.0
311,G412115,新乡高新技术产业开发区,河南省,新乡,国务院,高新技术产业开发区,2012.08,400.0,电子电器、生物医药、装备制造,113.888801,35.275519,113.882881,35.276142,河南省新乡市红旗区高新技术产业开发区,住宅区,ok,485.162,88.8068,52.6274,551640.359,0.0277,69.0,14.0,55.0,41.0,247284.0,138815.5294,14159184.0,349493.0,169022.9608,17240342.0,381199.0,211927.049,21616559.0,394123.0,238333.8922,24310057.0,395346.0,251023.1078,25604357.0,2010,2015,21616559.0,24310057.0,2693498.0
312,G412116,焦作高新技术产业开发区,河南省,焦作,国务院,高新技术产业开发区,2015.09,715.0,装备制造、新材料、电子信息,113.253176,35.187864,113.246814,35.188406,河南省焦作市山阳区高新技术产业开发区,住宅区,ok,533.239,22.1726,28.1226,248913.3588,0.0494,33.0,3.0,30.0,27.0,49960.0,70113.7353,7151601.0,112934.0,97370.1765,9931758.0,218253.0,140748.4314,14356340.0,292250.0,167431.6471,17078028.0,311987.0,180392.5686,18400042.0,2015,2020,17078028.0,18400042.0,1322014.0
313,G412117,南阳高新技术产业开发区,河南省,南阳,国务院,高新技术产业开发区,2010.09,920.0,装备制造、新材料、光电,112.557155,33.02796,112.551383,33.029999,河南省南阳市卧龙区高新技术产业开发区,住宅区,ok,642.166,64.6967,35.0496,357225.911,0.5105,228.0,29.0,199.0,170.0,69580.0,107689.3627,10984315.0,302491.0,154221.7255,15730616.0,314909.0,176307.7353,17983389.0,321066.0,190117.3824,19391973.0,327013.0,206711.7745,21084601.0,2010,2015,17983389.0,19391973.0,1408584.0
314,G422031,武汉东湖新技术开发区,湖北省,武汉东湖新技术开发区,国务院,高新技术产业开发区,1991.03,2400.0,光电子信息、生物、装备制造,114.422895,30.479868,114.417378,30.482191,湖北省武汉市江夏区东湖村新技术开发区,住宅区,ok,529.034,58.7608,55.4822,527968.4286,0.5371,640.0,0.0,640.0,640.0,77126.0,41875.1485,4229390.0,213093.0,86418.9901,8728318.0,259903.0,151861.1188,15337973.0,280798.0,189290.4158,19118332.0,287329.0,203487.8317,20552271.0,1990,2000,4229390.0,8728318.0,4498928.0
315,G422032,襄阳高新技术产业开发区,湖北省,襄阳,国务院,高新技术产业开发区,1992.11,750.0,汽车、装备制造、新能源、新材料,112.17117,32.120232,112.165178,32.12229,湖北省襄阳市襄州区高新技术产业开发区,住宅区,ok,701.799,86.4127,23.8942,247090.3959,0.0868,149.0,0.0,149.0,149.0,69520.0,59008.6311,6077889.0,146380.0,96930.3204,9983823.0,263366.0,142893.0388,14717983.0,314443.0,168917.466,17398499.0,339032.0,186860.3107,19246612.0,1990,2000,6077889.0,9983823.0,3905934.0
316,G422118,宜昌高新技术产业开发区,湖北省,宜昌,国务院,高新技术产业开发区,2010.11,620.0,新材料、先进制造、精细化工,111.602287,30.398549,111.596739,30.401291,湖北省宜昌市枝江市枝江高新技术产业开发区,住宅区,ok,829.291,11.1388,12.8724,43946.3513,1.0646,8651.0,63.0,8588.0,8525.0,13728.0,9515.66,951566.0,19831.0,13821.44,1382144.0,25126.0,22430.82,2243082.0,30466.0,29163.2,2916320.0,46495.0,39910.64,3991064.0,2010,2015,2243082.0,2916320.0,673238.0
317,G422119,荆门高新技术产业开发区,湖北省,荆门,国务院,高新技术产业开发区,2013.12,2302.0,再生资源利用、环保、装备制造、生物,112.18786,30.935602,112.182016,30.937855,湖北省荆门市掇刀区高新技术产业开发区,住宅区,ok,718.325,17.4033,11.326,117812.7868,0.4957,1659.0,199.0,1460.0,1261.0,6020.0,8462.0286,888513.0,23710.0,15842.0095,1663411.0,152748.0,45589.7143,4786920.0,226676.0,66000.6762,6930071.0,263074.0,88944.9048,9339215.0,2010,2015,4786920.0,6930071.0,2143151.0
318,G422120,孝感高新技术产业开发区,湖北省,孝感,国务院,高新技术产业开发区,2012.08,1300.0,光机电、先进制造、纸制品、盐化工,114.021724,30.939563,114.016035,30.941787,湖北省孝感市孝南区高新技术产业开发区,住宅区,ok,548.539,13.729,13.1304,74435.9554,0.2012,2427.0,20.0,2407.0,2387.0,14969.0,12459.8431,1270904.0,22807.0,17896.5098,1825444.0,44110.0,30390.2745,3099808.0,54617.0,38366.2941,3913362.0,69221.0,45083.4412,4598511.0,2010,2015,3099808.0,3913362.0,813554.0
319,G422121,黄冈高新技术产业开发区,湖北省,黄冈,国务院,高新技术产业开发区,2017.02,1095.0,装备制造、食品饮料、生物医药,114.872425,30.453722,114.867363,30.456388,湖北省黄冈市,市,ok,490.502,25.7222,26.7236,164403.6222,0.1362,80.0,13.0,67.0,54.0,199937.0,43784.64,4378464.0,225318.0,72772.53,7277253.0,233908.0,92424.36,9242436.0,237843.0,103916.71,10391671.0,240319.0,111844.01,11184401.0,2015,2020,10391671.0,11184401.0,792730.0
320,G422122,咸宁高新技术产业开发区,湖北省,咸宁,国务院,高新技术产业开发区,2017.02,668.0,食品饮料、先进制造、新材料,114.342206,29.865798,114.336766,29.868225,湖北省咸宁市咸安区咸宁高新技术产业开发区,住宅区,ok,565.346,19.1648,14.8823,138300.7541,4.342,14448.0,11611.0,2837.0,-8774.0,13635.0,36300.1327,3557413.0,24321.0,61676.8265,6044329.0,87420.0,102901.3163,10084329.0,126563.0,127101.5612,12455953.0,140006.0,140549.2857,13773830.0,2015,2020,12455953.0,13773830.0,1317877.0
321,G422123,随州高新技术产业开发区,湖北省,随州,国务院,高新技术产业开发区,2015.09,413.0,汽车及零部件、农产品深加工、电子信息,113.4419,31.694873,113.435721,31.696773,湖北省随州市曾都区高新技术产业开发区,住宅区,ok,585.937,26.0557,21.8687,149734.9941,0.7513,2994.0,1024.0,1970.0,946.0,8176.0,20722.49,2072249.0,17950.0,30498.89,3049889.0,112858.0,62862.42,6286242.0,172317.0,83000.48,8300048.0,205291.0,98795.03,9879503.0,2015,2020,8300048.0,9879503.0,1579455.0
322,G422124,仙桃高新技术产业开发区,湖北省,仙桃,国务院,高新技术产业开发区,2015.09,509.0,新材料、生物医药、电子信息,113.442973,30.328407,113.436924,30.330802,湖北省仙桃市,区县,ok,622.792,11.5929,19.9053,200904.3974,0.225,105.0,44.0,61.0,17.0,7885.0,50899.2673,5140826.0,8681.0,72663.7228,7339036.0,39399.0,98518.396,9950358.0,65919.0,115029.3069,11617960.0,76901.0,129206.6832,13049875.0,2015,2020,11617960.0,13049875.0,1431915.0
323,G432033,长沙高新技术产业开发区,湖南省,长沙,国务院,高新技术产业开发区,1991.03,1733.5,装备制造、电子信息、新材料,112.880497,28.209876,112.875091,28.213405,湖南省长沙市岳麓区高新技术产业开发区,住宅区,ok,566.208,32.9893,27.6926,258399.8739,2.2553,7413.0,0.0,7413.0,7413.0,0.0,18176.8529,1854039.0,343.0,52179.6471,5322324.0,222778.0,117048.2451,11938921.0,366024.0,156522.1373,15965258.0,371922.0,175809.0196,17932520.0,1990,2000,1854039.0,5322324.0,3468285.0
324,G432034,株洲高新技术产业开发区,湖南省,株洲,国务院,高新技术产业开发区,1992.11,858.0,轨道交通装备、汽车、生物医药,113.316096,27.003955,113.310407,27.007263,湖南省株洲市攸县高新技术产业开发区,住宅区,ok,428.259,12.453,12.9623,117996.1395,4.4401,3216.0,0.0,3216.0,3216.0,15304.0,31323.5248,3163676.0,24317.0,49365.5743,4985923.0,77678.0,66617.4455,6728362.0,105027.0,75633.2178,7638955.0,135814.0,80204.2277,8100627.0,1990,2000,3163676.0,4985923.0,1822247.0
325,G432125,湘潭高新技术产业开发区,湖南省,湘潭,国务院,高新技术产业开发区,2009.03,1170.28,新能源装备、钢材加工、智能装备,112.557324,27.90048,112.551991,27.903948,湖南省湘潭市韶山市高新技术产业开发区,住宅区,ok,538.354,12.5872,7.3445,45183.6372,6.0096,4793.0,214.0,4579.0,4365.0,16078.0,12331.701,1196175.0,27849.0,18687.0515,1812644.0,105782.0,33059.5258,3206774.0,149239.0,41497.8454,4025291.0,181111.0,48131.6495,4668770.0,2000,2010,1812644.0,3206774.0,1394130.0
326,G432126,衡阳高新技术产业开发区,湖南省,衡阳,国务院,高新技术产业开发区,2012.08,600.0,电子信息、电气机械器材、通用设备,112.569897,26.885104,112.56466,26.888689,湖南省衡阳市蒸湘区高新技术产业开发区,住宅区,ok,428.746,66.6304,55.2657,470200.476,1.0604,651.0,120.0,531.0,411.0,35766.0,76859.3673,7532218.0,228347.0,126435.2653,12390656.0,293853.0,175157.7449,17165459.0,320588.0,200857.7449,19684059.0,323236.0,212734.0,20847932.0,2010,2015,17165459.0,19684059.0,2518600.0
327,G432127,常德高新技术产业开发区,湖南省,常德,国务院,高新技术产业开发区,2017.02,378.0,设备制造、非金属矿制品,111.611984,29.100118,111.606536,29.103224,湖南省常德市鼎城区高新技术产业开发区,住宅区,ok,689.611,,15.4589,45479.9489,4.2042,6183.0,1874.0,4309.0,2435.0,3527.0,13283.1515,1315032.0,4760.0,21054.4444,2084390.0,5401.0,35611.3434,3525523.0,6736.0,44620.0101,4417381.0,13571.0,55056.5051,5450594.0,2015,2020,4417381.0,5450594.0,1033213.0
328,G432128,益阳高新技术产业开发区,湖南省,益阳,国务院,高新技术产业开发区,2011.06,1978.0,电子信息、装备制造、新材料,112.353998,28.532935,112.348293,28.536095,湖南省益阳市赫山区高新技术产业开发区,住宅区,ok,612.026,19.67,19.8208,203579.0825,10.0565,10158.0,4175.0,5983.0,1808.0,3989.0,26861.7184,2766757.0,8965.0,51108.8447,5264211.0,91580.0,84741.5437,8728379.0,143400.0,104201.7282,10732778.0,172953.0,115053.8641,11850548.0,2010,2015,8728379.0,10732778.0,2004399.0
329,G432129,郴州高新技术产业开发区,湖南省,郴州,国务院,高新技术产业开发区,2015.02,479.0,有色金属精深加工、电子信息、装备制造,113.015517,25.770117,113.010007,25.773073,湖南省郴州市,市,ok,298.188,72.0205,31.6699,307768.1482,13.4507,8967.0,5503.0,3464.0,-2039.0,152500.0,54316.297,5485946.0,322674.0,84226.8515,8506912.0,357350.0,117048.802,11821929.0,371912.0,134977.9703,13632775.0,375360.0,142521.6139,14394683.0,2015,2020,13632775.0,14394683.0,761908.0
330,G442035,广州高新技术产业开发区,广东省,广州,国务院,高新技术产业开发区,1991.03,3734.0,电子信息、生物医药、新材料,113.48057,23.181668,113.475192,23.184269,广东省广州市黄埔区广州高新技术产业开发区,住宅区,ok,10.954,81.0398,86.9076,463738.689,19.0109,12187.0,0.0,12187.0,12187.0,2942.0,10164.2188,975765.0,11566.0,27918.4688,2680173.0,79374.0,64133.2812,6156795.0,121574.0,88243.3021,8471357.0,145291.0,99516.4896,9553583.0,1990,2000,975765.0,2680173.0,1704408.0
331,G442036,深圳市高新技术产业园区,广东省,深圳市,国务院,高新技术产业开发区,1991.03,1150.0,电子信息、光机电一体化、生物医药,113.944433,22.534537,113.939555,22.537551,广东省深圳市南山区深圳市高新技术产业园区,住宅区,ok,1.982,240.5982,215.3478,1409020.5237,0.5034,465.0,0.0,465.0,465.0,10826.0,80595.3529,8220726.0,197604.0,141851.7647,14468880.0,270169.0,158728.9118,16190349.0,304627.0,169871.5,17326893.0,310238.0,181149.1078,18477209.0,1990,2000,8220726.0,14468880.0,6248154.0
332,G442037,珠海高新技术产业开发区,广东省,珠海,国务院,高新技术产业开发区,1992.11,980.0,电子信息、生物医药、光机电一体化技术,113.536569,22.381634,113.531433,22.384602,广东省珠海市香洲区高新技术产业开发区,住宅区,ok,2.392,57.7679,32.7832,140082.6887,12.0983,5172.0,0.0,5172.0,5172.0,85886.0,12094.8614,1221581.0,161161.0,28761.297,2904891.0,195275.0,44707.1782,4515425.0,213138.0,54062.7327,5460336.0,218410.0,61489.9307,6210483.0,1990,2000,1221581.0,2904891.0,1683310.0
333,G442130,汕头高新技术产业开发区,广东省,汕头,国务院,高新技术产业开发区,2017.02,300.05,印刷包装、化工塑料、食品,116.719888,23.382745,116.715342,23.385337,广东省汕头市龙湖区汕头高新技术产业开发区,住宅区,ok,3.261,149.1638,111.7176,975182.7542,0.1052,47.0,36.0,11.0,-25.0,270072.0,148965.3163,14598601.0,366304.0,232821.2857,22816486.0,367264.0,243314.949,23844865.0,367688.0,249033.3367,24405267.0,367880.0,253920.4796,24884207.0,2015,2020,24405267.0,24884207.0,478940.0
334,G442038,佛山高新技术产业开发区,广东省,佛山,国务院,高新技术产业开发区,1992.11,1000.0,装备制造、智能家电、汽车零部件,113.100734,23.144944,113.095235,23.147434,广东省佛山市南海区高新技术产业开发区,住宅区,ok,28.729,91.9023,47.2123,376659.8531,1.4017,508.0,0.0,508.0,508.0,108381.0,64033.451,6531412.0,284464.0,176368.3824,17989575.0,303468.0,212227.8824,21647244.0,311747.0,230518.1765,23512854.0,315132.0,238359.5098,24312670.0,1990,2000,6531412.0,17989575.0,11458163.0
335,G442131,江门高新技术产业开发区,广东省,江门,国务院,高新技术产业开发区,2010.11,1221.0,机电、电子、化工,113.13102,22.563115,113.125577,22.565824,广东省江门市江海区江门高新技术产业开发区,住宅区,ok,3.969,87.0701,55.7311,340684.3896,3.3733,506.0,226.0,280.0,54.0,4120.0,68456.33,6845633.0,150699.0,112985.06,11298506.0,190414.0,142475.05,14247505.0,212825.0,159275.15,15927515.0,224857.0,166280.04,16628004.0,2010,2015,14247505.0,15927515.0,1680010.0
336,G442132,肇庆高新技术产业开发区,广东省,肇庆,国务院,高新技术产业开发区,2010.09,2252.04,新材料、电子信息、装备制造,112.817838,23.29588,112.812694,23.298581,广东省肇庆市四会市高新技术产业开发区,住宅区,ok,59.281,65.6577,23.3627,188162.8769,1.6378,2353.0,331.0,2022.0,1691.0,4154.0,6452.1165,664568.0,65734.0,17933.2718,1847127.0,105301.0,59888.3592,6168501.0,132417.0,85880.767,8845719.0,148745.0,95806.165,9868035.0,2010,2015,6168501.0,8845719.0,2677218.0
337,G442039,惠州仲恺高新技术产业开发区,广东省,惠州仲恺,国务院,高新技术产业开发区,1992.11,706.0,移动互联网、平板显示、新能源,114.342451,23.020402,114.337519,23.022999,广东省惠州市惠城区惠州仲恺高新技术产业开发区,住宅区,ok,39.892,102.1777,62.3361,324272.4975,7.3293,6404.0,0.0,6404.0,6404.0,91251.0,26557.6442,2761995.0,166450.0,78401.8269,8153790.0,213153.0,105645.7115,10987154.0,235263.0,121004.6058,12584479.0,238539.0,126255.9327,13130617.0,1990,2000,2761995.0,8153790.0,5391795.0
338,G442133,源城高新技术产业开发区,广东省,源城,国务院,高新技术产业开发区,2015.02,919.8,电子信息、机械、光伏,87.075269,44.099749,87.072143,44.098379,新疆维吾尔自治区昌吉回族自治州昌吉市高新技术产业开发区,住宅区,ok,3133.125,8.2041,3.8408,40923.3998,0.0014,0.0,0.0,0.0,0.0,7200.0,3198.5146,329447.0,62064.0,10957.9903,1128673.0,81507.0,15805.7864,1627996.0,90391.0,19958.1748,2055692.0,96528.0,28197.0971,2904301.0,2015,2020,2055692.0,2904301.0,848609.0
339,G442134,清远高新技术产业开发区,广东省,清远,国务院,高新技术产业开发区,2015.09,1911.0,机械装备、新材料、电子信息,113.056857,23.627016,113.051377,23.629466,广东省清远市清城区清远高新技术产业开发区,住宅区,ok,69.849,16.2605,14.0316,101645.2678,1.1387,1991.0,574.0,1417.0,843.0,36228.0,22369.9524,2348845.0,262071.0,54540.2667,5726728.0,283166.0,80122.2857,8412840.0,294015.0,94392.3238,9911194.0,294823.0,100930.8571,10597740.0,2015,2020,9911194.0,10597740.0,686546.0
340,G442135,东莞松山湖高新技术产业开发区,广东省,东莞松山湖,国务院,高新技术产业开发区,2010.09,1000.0,电子信息、生物技术、新能源,113.886196,22.922289,113.88129,22.925233,广东省东莞市东莞松山湖高新技术产业开发区,住宅区,ok,21.93,51.9296,48.2571,341756.7123,0.7782,4142.0,1240.0,2902.0,1662.0,2849.0,19253.0204,1886796.0,25000.0,85275.0102,8356951.0,62330.0,139567.2755,13677593.0,90075.0,173235.7959,16977108.0,98227.0,187333.0306,18358637.0,2010,2015,13677593.0,16977108.0,3299515.0
341,G442040,中山火炬高技术产业开发区,广东省,中山火炬高技术,国务院,高新技术产业开发区,1991.03,1710.0,电子信息、生物医药、装备制造,113.483616,22.561655,113.47829,22.564475,广东省中山市火炬高技术产业开发区,住宅区,ok,10.393,47.5924,34.8416,253995.3167,3.5457,2162.0,0.0,2162.0,2162.0,34387.0,21107.4257,2131850.0,206587.0,64718.7624,6536595.0,238115.0,95473.8119,9642855.0,251883.0,114381.1683,11552498.0,256025.0,122113.5545,12333469.0,1990,2000,2131850.0,6536595.0,4404745.0
342,G452041,南宁高新技术产业开发区,广西壮族自治区,南宁,国务院,高新技术产业开发区,1992.11,850.0,电子信息、生命健康、智能制造,108.259995,22.86117,108.256079,22.863999,广西壮族自治区南宁市西乡塘区高新技术产业开发区,住宅区,ok,104.294,54.2568,66.3336,428316.2732,9.4265,13143.0,0.0,13143.0,13143.0,112670.0,72168.5,7505524.0,160041.0,110355.8942,11477013.0,284960.0,152096.4038,15818026.0,343814.0,173090.5481,18001417.0,353578.0,180401.375,18761743.0,1990,2000,7505524.0,11477013.0,3971489.0
343,G452136,柳州高新技术产业开发区,广西壮族自治区,柳州,国务院,高新技术产业开发区,2010.09,110.0,汽车、装备制造、新材料,109.341077,24.340016,109.336568,24.342773,广西壮族自治区柳州市柳南区高新技术产业开发区,住宅区,ok,276.083,35.0853,35.1132,220615.953,9.9223,18300.0,4968.0,13332.0,8364.0,3866.0,82583.0099,8340884.0,4931.0,96938.0,9790738.0,92818.0,118986.604,12017647.0,144967.0,130642.3069,13194873.0,176758.0,136800.3069,13816831.0,2010,2015,12017647.0,13194873.0,1177226.0
344,G452042,桂林高新技术产业开发区,广西壮族自治区,桂林,国务院,高新技术产业开发区,1991.03,1207.0,电子信息、生物医药,110.179752,25.235615,110.175128,25.2384,广西壮族自治区桂林市,市,ok,390.199,57.2539,42.8972,246701.6996,2.2456,987.0,0.0,987.0,987.0,2177.0,28662.7426,2894937.0,7964.0,49190.0693,4968197.0,61668.0,78153.495,7893503.0,94823.0,95039.3762,9598977.0,100557.0,105338.0891,10639147.0,1990,2000,2894937.0,4968197.0,2073260.0
345,G452137,北海高新技术产业开发区,广西壮族自治区,北海,国务院,高新技术产业开发区,2015.02,120.34,电子信息、海洋生物、软件服务,109.120248,21.481305,109.115955,21.483693,广西壮族自治区北海市,市,ok,0.803,90.8572,68.289,393686.0804,0.1279,208.0,181.0,27.0,-154.0,358594.0,64114.84,6411484.0,374661.0,114268.15,11426815.0,375594.0,146668.6,14666860.0,376269.0,162048.94,16204894.0,378019.0,166175.37,16617537.0,2015,2020,16204894.0,16617537.0,412643.0
346,G462043,海口高新技术产业开发区,海南省,海口,国务院,高新技术产业开发区,1991.03,277.0,医药、汽车及零部件、食品,110.258115,20.003076,110.253863,20.005198,海南省海口市秀英区高新技术产业开发区,住宅区,ok,3.183,139.6538,92.7818,484042.6724,4.8193,3441.0,0.0,3441.0,3441.0,32614.0,42842.7245,4198587.0,186785.0,83992.3673,8231252.0,248201.0,115905.2551,11358715.0,282365.0,132932.7857,13027413.0,290712.0,140620.1939,13780779.0,1990,2000,4198587.0,8231252.0,4032665.0
347,G502044,重庆高新技术产业开发区,重庆市,重庆,国务院,高新技术产业开发区,1991.03,2000.0,汽摩、电子及通信设备、新材料,106.335523,29.512779,106.331617,29.515404,重庆市九龙坡区重庆高新技术产业开发区,住宅区,ok,865.827,,21.1603,123005.0982,4.7271,892.0,0.0,892.0,892.0,1008.0,7699.3143,808428.0,1198.0,23171.781,2433037.0,4226.0,56573.4381,5940211.0,6117.0,73951.9619,7764956.0,10923.0,82265.581,8637886.0,1990,2000,808428.0,2433037.0,1624609.0
348,G502138,璧山高新技术产业开发区,重庆市,璧山,国务院,高新技术产业开发区,2015.09,140.0,装备制造、互联网,87.075269,44.099749,87.072143,44.098379,新疆维吾尔自治区昌吉回族自治州昌吉市高新技术产业开发区,住宅区,ok,3133.125,8.2041,3.8408,40923.3998,0.0014,0.0,0.0,0.0,0.0,7200.0,3198.5146,329447.0,62064.0,10957.9903,1128673.0,81507.0,15805.7864,1627996.0,90391.0,19958.1748,2055692.0,96528.0,28197.0971,2904301.0,2015,2020,2055692.0,2904301.0,848609.0
349,G512045,成都高新技术产业开发区,四川省,成都,国务院,高新技术产业开发区,1991.03,2150.0,信息技术、装备制造、生物,104.065637,30.592008,104.063133,30.594456,四川省成都市武侯区成都高新技术产业开发区,住宅区,ok,1054.58,132.0924,127.2008,1246568.0875,0.8087,428.0,0.0,428.0,428.0,52206.0,94769.9307,9571763.0,245141.0,193912.2079,19585133.0,273543.0,228027.4059,23030768.0,285472.0,243798.0099,24623599.0,288299.0,248148.7228,25063021.0,1990,2000,9571763.0,19585133.0,10013370.0
350,G512139,自贡高新技术产业开发区,四川省,自贡,国务院,高新技术产业开发区,2011.06,824.5,节能环保、装备制造、新材料,104.770626,29.334321,104.767931,29.337177,四川省自贡市自流井区自贡高新技术产业开发区,住宅区,ok,899.5,84.4365,31.3616,286770.0465,2.7069,298.0,31.0,267.0,236.0,43109.0,51509.3137,5253950.0,215054.0,75831.3333,7734796.0,263033.0,112066.1471,11430747.0,284565.0,133109.8235,13577202.0,286673.0,145839.5784,14875637.0,2010,2015,11430747.0,13577202.0,2146455.0
351,G512140,攀枝花钒钛高新技术产业开发区,四川省,攀枝花钒钛,国务院,高新技术产业开发区,2015.09,301.0,钒钛钢铁、化工、有色金属加工,101.833868,26.497044,101.832419,26.500681,四川省攀枝花市仁和区钒钛高新技术产业开发区,住宅区,ok,780.078,25.3443,25.3005,88880.7947,1.365,944.0,193.0,751.0,558.0,3435.0,4191.1443,406541.0,4080.0,6466.8866,627288.0,20498.0,10817.2165,1049270.0,29469.0,14724.3711,1428264.0,40308.0,25525.9175,2476014.0,2015,2020,1428264.0,2476014.0,1047750.0
352,G512141,泸州高新技术产业开发区,四川省,泸州,国务院,高新技术产业开发区,2015.02,462.91,装备制造、新能源、新材料、医药,105.441866,28.87098,105.438274,28.874018,四川省泸州市,市,ok,826.153,63.3891,32.7306,287113.2368,4.3846,327.0,67.0,260.0,193.0,94293.0,29551.2323,2925572.0,148515.0,50655.7071,5014915.0,155377.0,82547.4141,8172194.0,159555.0,102725.7374,10169848.0,166717.0,116991.2828,11582137.0,2015,2020,10169848.0,11582137.0,1412289.0
353,G512142,德阳高新技术产业开发区,四川省,德阳,国务院,高新技术产业开发区,2015.09,786.0,通用航空、医药、食品,104.24531,30.907588,104.242926,30.910039,四川省德阳市广汉市高新技术产业开发区,住宅区,ok,1079.086,,33.4848,255689.8563,0.3485,390.0,153.0,237.0,84.0,1005.0,35036.34,3503634.0,5351.0,73068.99,7306899.0,21037.0,109885.57,10988557.0,28521.0,127773.28,12777328.0,33547.0,133755.67,13375567.0,2015,2020,12777328.0,13375567.0,598239.0
354,G512046,绵阳高新技术产业开发区,四川省,绵阳,国务院,高新技术产业开发区,1992.11,579.9,电子信息、汽车及零部件、新材料,104.672942,31.464451,104.670345,31.466739,四川省绵阳市涪城区高新技术产业开发区,住宅区,ok,1120.719,35.9509,25.4296,273164.486,0.4357,2355.0,0.0,2355.0,2355.0,61289.0,31484.2913,3242882.0,315095.0,74168.8252,7639389.0,325718.0,109185.3204,11246088.0,335608.0,129908.699,13380596.0,362324.0,153240.9612,15783819.0,1990,2000,3242882.0,7639389.0,4396507.0
355,G512143,内江高新技术产业开发区,四川省,内江,国务院,高新技术产业开发区,2017.02,557.89,医药、装备制造、新材料,105.057992,29.58021,105.054766,29.582787,四川省内江市,市,ok,913.011,66.2994,53.6402,429067.7394,1.9981,578.0,246.0,332.0,86.0,279871.0,40030.6531,3923004.0,289916.0,58906.5102,5772838.0,291511.0,79702.5408,7810849.0,292894.0,91715.398,8988109.0,296511.0,100707.5408,9869339.0,2015,2020,8988109.0,9869339.0,881230.0
356,G512144,乐山高新技术产业开发区,四川省,乐山,国务院,高新技术产业开发区,2012.08,406.0,新能源装备、电子信息、生物医药,103.720741,29.547315,103.718556,29.550085,四川省乐山市市中区高新技术产业开发区,住宅区,ok,968.125,26.427,31.3237,176853.8275,5.1366,3694.0,130.0,3564.0,3434.0,16022.0,38419.9118,3918831.0,24984.0,58953.2157,6013228.0,27616.0,75251.7941,7675683.0,29375.0,83560.1569,8523136.0,33873.0,89053.6765,9083475.0,2010,2015,7675683.0,8523136.0,847453.0
357,G522047,贵阳高新技术产业开发区,贵州省,贵阳,国务院,高新技术产业开发区,1992.11,533.0,装备制造、电子信息、生物医药,106.64714,26.621587,106.643535,26.62523,贵州省贵阳市观山湖区高新技术产业开发区,住宅区,ok,550.8,74.3107,63.7382,555988.5909,5.6601,3927.0,0.0,3927.0,3927.0,29706.0,29280.3235,2986593.0,49022.0,45295.3922,4620130.0,158288.0,90118.6176,9192099.0,212089.0,115410.7549,11771897.0,216803.0,125057.8824,12755904.0,1990,2000,2986593.0,4620130.0,1633537.0
358,G522145,安顺高新技术产业开发区,贵州省,安顺,国务院,高新技术产业开发区,2017.02,422.0,装备制造、医药、航空机械,105.9476,26.253103,105.944234,26.256633,贵州省安顺市,市,ok,542.551,38.0633,31.8881,280615.2494,1.9509,698.0,374.0,324.0,-50.0,229996.0,65217.1176,6652146.0,231892.0,81071.5,8269293.0,236141.0,98487.7549,10045751.0,238097.0,109144.6765,11132757.0,239507.0,121618.4314,12405080.0,2015,2020,11132757.0,12405080.0,1272323.0
359,G532048,昆明高新技术产业开发区,云南省,昆明,国务院,高新技术产业开发区,1992.11,900.0,生物医药、新材料、装备制造,102.806565,24.777318,102.805114,24.780349,云南省昆明市呈贡区高新技术产业开发区,住宅区,ok,572.956,13.9789,11.3944,32257.5536,3.9301,3582.0,0.0,3582.0,3582.0,25702.0,10422.6117,1073529.0,73895.0,19494.3204,2007915.0,99832.0,32914.9709,3390242.0,110620.0,39493.3495,4067815.0,112698.0,43602.1359,4491020.0,1990,2000,1073529.0,2007915.0,934386.0
360,G532146,玉溪高新技术产业开发区,云南省,玉溪,国务院,高新技术产业开发区,2012.08,1312.0,装备制造,102.525622,24.325676,102.524317,24.328681,云南省玉溪市红塔区高新技术产业开发区,住宅区,ok,559.664,73.8422,39.8511,220296.8333,4.062,3238.0,542.0,2696.0,2154.0,12206.0,41420.5686,4224898.0,111764.0,94358.9314,9624611.0,154730.0,115148.7059,11745168.0,175142.0,125414.9314,12792323.0,185409.0,131343.4608,13397033.0,2010,2015,11745168.0,12792323.0,1047155.0
361,G612049,西安高新技术产业开发区,陕西省,西安,国务院,高新技术产业开发区,1991.03,2235.0,半导体、智能终端、装备制造,108.889333,34.236736,108.884752,34.238366,陕西省西安市雁塔区西安高新技术产业开发区,住宅区,ok,915.557,128.1942,86.1768,967506.613,0.047,35.0,0.0,35.0,35.0,204287.0,264605.3,26460530.0,355637.0,314913.32,31491332.0,356581.0,340323.91,34032391.0,357621.0,352412.55,35241255.0,360928.0,358107.9,35810790.0,1990,2000,26460530.0,31491332.0,5030802.0
362,G612050,宝鸡高新技术产业开发区,陕西省,宝鸡,国务院,高新技术产业开发区,1992.11,577.0,先进制造、新材料、电子信息,107.452237,34.322656,107.4473,34.323964,陕西省宝鸡市陈仓区宝鸡高新技术产业开发区,住宅区,ok,1021.957,,14.7007,77561.1147,0.2205,371.0,0.0,371.0,371.0,105.0,26290.4747,2602757.0,552.0,40094.6566,3969371.0,1135.0,50778.0505,5027027.0,2872.0,58715.202,5812805.0,10432.0,74423.3434,7367911.0,1990,2000,2602757.0,3969371.0,1366614.0
363,G612147,咸阳高新技术产业开发区,陕西省,咸阳,国务院,高新技术产业开发区,2012.08,2037.45,电子信息、生物制药、合成材料,108.628538,34.295175,108.624063,34.29677,陕西省咸阳市秦都区高新技术产业开发区,住宅区,ok,931.813,22.8536,18.3086,151815.0756,0.0303,57.0,42.0,15.0,-27.0,26386.0,47549.0388,4897551.0,53369.0,78048.068,8038951.0,151903.0,110380.6602,11369208.0,204414.0,130567.2621,13448428.0,212296.0,153014.9612,15760541.0,2010,2015,11369208.0,13448428.0,2079220.0
364,G612051,杨凌农业高新技术产业示范区,陕西省,杨凌农业,国务院,高新技术产业开发区,1997.07,2212.0,绿色食品、生物医药、涉农装备,108.087735,34.277303,108.08282,34.278567,陕西省咸阳市杨陵区杨凌镇农业高新技术产业示范区,住宅区,ok,974.726,33.3986,22.5156,233442.1015,0.0398,222.0,0.0,222.0,222.0,117859.0,36165.3465,3652700.0,245496.0,62506.7525,6313182.0,304569.0,92737.8218,9366520.0,328613.0,110584.4554,11169030.0,330707.0,123868.802,12510749.0,1990,2000,3652700.0,6313182.0,2660482.0
365,G612148,渭南高新技术产业开发区,陕西省,渭南,国务院,高新技术产业开发区,2010.09,1423.09,精细化工、装备制造、新能源、新材料,109.424532,34.491105,109.419175,34.492237,陕西省渭南市临渭区渭南高新技术产业开发区,住宅区,ok,859.099,17.1285,16.684,163603.397,0.1172,35.0,0.0,35.0,35.0,8822.0,28750.2233,2961273.0,40397.0,63628.835,6553770.0,124602.0,99388.7476,10237041.0,173215.0,119557.3689,12314409.0,181395.0,130415.6893,13432816.0,2010,2015,10237041.0,12314409.0,2077368.0
366,G612149,榆林高新技术产业开发区,陕西省,榆林,国务院,高新技术产业开发区,2012.08,1320.0,煤化工,109.758863,38.235527,109.753279,38.235,陕西省榆林市榆阳区高新技术产业开发区,住宅区,ok,681.386,51.7819,21.8082,230927.333,0.8791,617.0,615.0,2.0,-613.0,2505.0,17823.4554,1800169.0,3268.0,37772.3663,3815009.0,79861.0,67653.5644,6833010.0,147230.0,85905.8911,8676495.0,189566.0,102214.3168,10323646.0,2010,2015,6833010.0,8676495.0,1843485.0
367,G612150,安康高新技术产业开发区,陕西省,安康,国务院,高新技术产业开发区,2015.09,213.0,富硒食品、生物医药、新材料,108.992185,32.719969,108.987469,32.722132,陕西省安康市汉滨区高新技术产业开发区,住宅区,ok,1013.281,63.886,41.7664,234727.1187,0.1228,662.0,105.0,557.0,452.0,12655.0,50839.5743,5134797.0,45690.0,63398.0792,6403206.0,179963.0,81320.2178,8213342.0,244278.0,92600.3861,9352639.0,280552.0,104416.4752,10546064.0,2015,2020,9352639.0,10546064.0,1193425.0
368,G622052,兰州高新技术产业开发区,甘肃省,兰州,国务院,高新技术产业开发区,1991.03,1496.0,生物医药、电子信息、新材料、新能源,103.891082,36.052343,103.888762,36.052748,甘肃省兰州市城关区高新技术产业开发区,住宅区,ok,1241.875,169.202,105.7791,743838.4999,0.01,46.0,0.0,46.0,46.0,161929.0,120976.6765,12339621.0,301890.0,154484.3333,15757402.0,360891.0,171096.9706,17451891.0,389283.0,179772.6078,18336806.0,390964.0,189090.3039,19287211.0,1990,2000,12339621.0,15757402.0,3417781.0
369,G622151,白银高新技术产业开发区,甘肃省,白银,国务院,高新技术产业开发区,2010.09,805.05,精细化工、有色金属、生物医药,104.18332,36.504823,104.18059,36.50483,甘肃省白银市白银区高新技术产业开发区,住宅区,ok,1202.612,11.8852,16.823,115927.335,0.0018,0.0,0.0,0.0,0.0,87365.0,52559.86,5255986.0,97752.0,64114.26,6411426.0,166715.0,69135.82,6913582.0,200244.0,74243.77,7424377.0,225781.0,89524.53,8952453.0,2010,2015,6913582.0,7424377.0,510795.0
370,G632152,青海高新技术产业开发区,青海省,青海,国务院,高新技术产业开发区,2010.11,403.0,装备制造、中藏医药、食品,101.780482,36.622538,101.778553,36.622619,青海省,省,ok,1407.507,137.8947,103.9113,670228.0215,0.0374,0.0,0.0,0.0,0.0,411761.0,112588.6373,11484041.0,412628.0,132580.6275,13523224.0,413220.0,144540.6078,14743142.0,414569.0,150818.1471,15383451.0,420132.0,157741.7157,16089655.0,2010,2015,14743142.0,15383451.0,640309.0
371,G642153,银川高新技术产业开发区,宁夏回族自治区,银川,国务院,高新技术产业开发区,2010.11,106.7,羊绒及亚麻纺织、食品、再生资源循环利用,106.238143,38.480987,106.233748,38.480532,宁夏回族自治区银川市金凤区高新技术产业开发区,住宅区,ok,985.39,81.37,56.0463,474992.3838,0.1142,101.0,92.0,9.0,-83.0,40720.0,70466.3627,7187569.0,136883.0,110849.6569,11306665.0,283377.0,171588.3725,17502014.0,342658.0,210542.2353,21475308.0,346039.0,227116.098,23165842.0,2010,2015,17502014.0,21475308.0,3973294.0
372,G642154,石嘴山高新技术产业开发区,宁夏回族自治区,石嘴山,国务院,高新技术产业开发区,2013.12,890.0,新材料、装备制造、纺织,106.382792,38.984632,106.378081,38.98379,宁夏回族自治区石嘴山市,市,ok,970.133,12.4842,24.7086,167820.6919,0.1447,25.0,24.0,1.0,-23.0,11361.0,56636.2843,5776901.0,21782.0,73848.5294,7532550.0,27577.0,81992.3039,8363215.0,41090.0,93066.5,9492783.0,98761.0,129853.098,13245016.0,2010,2015,8363215.0,9492783.0,1129568.0
373,G652053,乌鲁木齐高新技术产业开发区,新疆维吾尔自治区,乌鲁木齐,国务院,高新技术产业开发区,1992.11,980.0,新材料、电子信息、生物医药,87.574089,43.856725,87.57123,43.855534,新疆维吾尔自治区乌鲁木齐市新市区高新技术产业开发区,住宅区,ok,3086.432,125.0705,92.935,1000352.6257,0.0989,36.0,0.0,36.0,36.0,150752.0,179587.2816,18497490.0,287458.0,216886.8252,22339343.0,342347.0,244480.0388,25181444.0,364742.0,261052.4854,26888406.0,367628.0,282534.2427,29101027.0,1990,2000,18497490.0,22339343.0,3841853.0
374,G652155,昌吉高新技术产业开发区,新疆维吾尔自治区,昌吉,国务院,高新技术产业开发区,2010.09,1125.7,装备制造、生物科技、新材料,87.075269,44.099749,87.072143,44.098379,新疆维吾尔自治区昌吉回族自治州昌吉市高新技术产业开发区,住宅区,ok,3133.125,8.2041,3.8408,40923.3998,0.0014,0.0,0.0,0.0,0.0,7200.0,3198.5146,329447.0,62064.0,10957.9903,1128673.0,81507.0,15805.7864,1627996.0,90391.0,19958.1748,2055692.0,96528.0,28197.0971,2904301.0,2010,2015,1627996.0,2055692.0,427696.0
375,G652156,新疆生产建设兵团石河子高新技术产业开发区,新疆维吾尔自治区,生产建设兵团石河子,国务院,高新技术产业开发区,2013.12,25.96,信息技术、通用航空、节能环保,87.574089,43.856725,87.57123,43.855534,新疆维吾尔自治区乌鲁木齐市新市区高新技术产业开发区,住宅区,ok,3086.432,125.0705,92.935,1000352.6257,0.0989,36.0,36.0,0.0,-36.0,150752.0,179587.2816,18497490.0,287458.0,216886.8252,22339343.0,342347.0,244480.0388,25181444.0,364742.0,261052.4854,26888406.0,367628.0,282534.2427,29101027.0,2010,2015,25181444.0,26888406.0,1706962.0
3,S119003,北京房山工业园区,北京市,房山,省政府,工业园区,2006.03,241.43,互联网金融、智能装备、新材料,116.044521,39.71652,116.038278,39.715202,北京市房山区房山工业园区,住宅区,ok,159.231,23.0882,22.7949,233419.7795,0.0304,485.0,36.0,449.0,413.0,72995.0,93976.5882,9585612.0,105747.0,126271.0784,12879650.0,226548.0,151930.5882,15496920.0,286478.0,167705.2843,17105939.0,345622.0,185594.9902,18930689.0,2000,2010,12879650.0,15496920.0,2617270.0
6,S119006,北京临空经济核心区,北京市,临空,省政府,工业园区,2006.06,2381.72,航空、商务服务,116.641866,40.044137,116.636002,40.043054,北京市顺义区北京临空经济核心区,住宅区,ok,138.924,26.6923,25.1137,174264.0085,0.085,725.0,189.0,536.0,347.0,2469.0,39528.2816,4071413.0,6328.0,70624.0485,7274277.0,113783.0,114300.0097,11772901.0,175344.0,140521.9417,14473760.0,205562.0,154976.9515,15962626.0,2000,2010,7274277.0,11772901.0,4498624.0
7,S119007,北京顺义科技创新产业功能区,北京市,顺义科技创新,省政府,工业园区,2000.12,1400.72,汽车及零部件、电子信息,116.661474,40.149891,116.655546,40.148766,北京市顺义区,区县,ok,146.781,,29.7868,232277.748,0.1579,1332.0,0.0,1332.0,1332.0,34.0,63383.4848,6274965.0,43663.0,110879.8182,10977102.0,157300.0,169281.3131,16758850.0,261242.0,201922.5354,19990331.0,284854.0,213858.0909,21171951.0,2000,2010,10977102.0,16758850.0,5781748.0
8,S119008,北京昌平小汤山工业园区,北京市,昌平小汤山,省政府,工业园区,2006.03,121.19,节能环保、新能源、新材料,116.467978,40.18034,116.46182,40.17901,北京市昌平区小汤山工业园区,住宅区,ok,160.086,33.3266,19.445,123806.6281,0.0961,416.0,95.0,321.0,226.0,26890.0,24375.4904,2535051.0,74782.0,49165.6827,5113231.0,184324.0,103941.0096,10809865.0,255407.0,138441.9808,14397966.0,262154.0,150320.1635,15633297.0,2000,2010,5113231.0,10809865.0,5696634.0
13,S119012,北京马坊工业园区,北京市,马坊,省政府,工业园区,2006.08,249.08,汽车零部件、环保,117.00931,40.045674,117.003021,40.044407,北京市平谷区马坊工业园区,住宅区,ok,120.32,19.3454,14.3202,78145.4791,0.1025,2038.0,74.0,1964.0,1890.0,48561.0,24189.9143,2539941.0,93377.0,44850.9048,4709345.0,207646.0,77500.2667,8137528.0,270560.0,96283.2476,10109741.0,301923.0,106231.1333,11154269.0,2000,2010,4709345.0,8137528.0,3428183.0
17,S129003,天津军粮城工业园区,天津市,军粮城,省政府,工业园区,2006.04,181.82,科技研发、新材料、商务商贸,117.447005,39.041873,117.440498,39.04079,天津市东丽区军粮城工业园区,住宅区,ok,24.123,17.949,19.5572,138836.7904,0.7423,490.0,324.0,166.0,-158.0,9156.0,75141.03,7514103.0,28382.0,97098.56,9709856.0,110148.0,133199.28,13319928.0,167327.0,155852.15,15585215.0,184087.0,171783.95,17178395.0,2000,2010,9709856.0,13319928.0,3610072.0
18,S129008,天津中北工业园区,天津市,中北,省政府,工业园区,2006.04,300.75,汽车零部件、电子、机械,117.09108,39.142704,117.084655,39.141523,天津市西青区中北工业园区,住宅区,ok,56.691,21.3105,52.6548,553612.8518,0.5998,262.0,216.0,46.0,-170.0,12225.0,116211.4762,12202205.0,36148.0,153177.3524,16083622.0,96964.0,202270.4286,21238395.0,136801.0,232803.1333,24444329.0,150399.0,246242.7429,25855488.0,2000,2010,16083622.0,21238395.0,5154773.0
20,S129005,天津八里台工业园区,天津市,八里台,省政府,工业园区,2006.04,613.1,电子信息、智能化产品、机械,117.343614,38.953264,117.337167,38.952254,天津市津南区天津八里台工业园区,住宅区,ok,26.506,59.2962,24.3538,161636.289,0.8519,433.0,310.0,123.0,-187.0,62853.0,38740.9697,3835356.0,144665.0,55619.6667,5506347.0,280605.0,90822.1414,8991392.0,341717.0,115454.4949,11429995.0,360370.0,137723.0505,13634582.0,2000,2010,5506347.0,8991392.0,3485045.0
21,S129006,天津海河工业区,天津市,海河,省政府,工业园区,2006.04,320.47,装备制造、电子信息,117.418119,38.973529,117.411577,38.972449,天津市津南区海河工业区,住宅区,ok,22.48,29.7956,27.5614,194390.8573,0.5948,311.0,161.0,150.0,-11.0,7831.0,41283.9333,4334813.0,13349.0,62717.6286,6585351.0,58008.0,101848.1619,10694057.0,103953.0,127939.6762,13433666.0,158265.0,151509.6,15908508.0,2000,2010,6585351.0,10694057.0,4108706.0
22,S129026,天津滨海民营经济成长示范基地,天津市,滨海民营,省政府,工业园区,2009.07,782.3,钢铁、石油钻采,117.490727,38.992117,117.484364,38.991176,天津市滨海新区民营经济,未知,ok,17.916,47.2635,19.9864,140844.3354,0.4274,372.0,313.0,59.0,-254.0,30070.0,53229.4369,5482632.0,96539.0,87250.7961,8986832.0,199944.0,129768.3398,13366139.0,250935.0,153579.5534,15818694.0,271639.0,166780.8641,17178429.0,2000,2010,8986832.0,13366139.0,4379307.0
23,S129010,天津双口工业园区,天津市,双口,省政府,工业园区,2006.04,429.97,自行车零部件、木器、电子,117.042431,39.23773,117.036108,39.236561,天津市北辰区双口,住宅区,ok,60.324,18.6669,11.9025,100754.4821,0.0729,288.0,20.0,268.0,248.0,91558.0,35650.1313,3529363.0,147078.0,49341.7172,4884830.0,219817.0,82447.5051,8162303.0,262870.0,105443.9899,10438955.0,279643.0,118157.2929,11697572.0,2000,2010,4884830.0,8162303.0,3277473.0
24,S129017,天津京滨工业园,天津市,京滨,省政府,工业园区,2009.08,945.78,电子信息、新材料、智能制造,116.813506,39.55286,116.80752,39.551747,天津市武清区京清工业园,住宅区,ok,92.292,22.7723,14.7928,126981.6604,0.01,940.0,32.0,908.0,876.0,28274.0,31947.8725,3258683.0,36367.0,56315.2745,5744158.0,205901.0,104306.9412,10639308.0,321252.0,133189.2549,13585304.0,343051.0,147332.3725,15027902.0,2000,2010,5744158.0,10639308.0,4895150.0
27,S129020,天津宝坻九园工业园区,天津市,宝坻九园,省政府,工业园区,2006.04,669.9,新能源、新材料、装备制造、医疗器械,117.426271,39.461509,117.419672,39.460173,天津市宝坻区九园工业园区,住宅区,ok,46.373,10.0538,12.2657,54128.4796,0.3115,120.0,64.0,56.0,-8.0,0.0,8421.38,842138.0,0.0,12758.77,1275877.0,107922.0,31989.0,3198900.0,195808.0,44708.73,4470873.0,236594.0,53844.92,5384492.0,2000,2010,1275877.0,3198900.0,1923023.0
28,S129001,天津空港经济区,天津市,空港,省政府,工业园区,2002.10,2275.1,先进制造,117.370763,39.161489,117.364227,39.16031,天津市东丽区空港经济区,住宅区,ok,30.846,52.2924,21.8048,198554.8351,0.9633,252.0,49.0,203.0,154.0,12895.0,16715.0865,1738369.0,22887.0,25564.5288,2658711.0,157680.0,71042.5769,7388428.0,248441.0,106771.5865,11104245.0,276754.0,130134.0385,13533940.0,2000,2010,2658711.0,7388428.0,4729717.0
29,S129012,天津开发区现代产业区,天津市,开发区现代,省政府,工业园区,1996.10,807.35,石化、装备制造、医药,117.435349,39.244529,117.428792,39.243305,天津市宁河区现代产业区,住宅区,ok,28.773,12.5944,9.6022,44458.1538,0.8166,260.0,0.0,260.0,260.0,167.0,13765.0686,1404037.0,364.0,20090.9118,2049273.0,41837.0,35910.5784,3662879.0,79084.0,47698.0588,4865202.0,102481.0,58527.7941,5969835.0,1990,2000,1404037.0,2049273.0,645236.0
31,S129015,天津大港石化产业园区,天津市,大港石化,省政府,工业园区,2003.01,200.0,精细化工、医药,117.201509,39.085318,117.195212,39.084312,天津市,省,ok,45.305,162.1282,168.3912,1937846.0891,0.3073,173.0,107.0,66.0,-41.0,283289.0,228817.5657,22652939.0,296001.0,259127.1515,25653588.0,305903.0,282212.3636,27939024.0,313055.0,297244.3232,29427188.0,328973.0,310324.2727,30722103.0,2000,2010,25653588.0,27939024.0,2285436.0
33,S129022,天津潘庄工业区,天津市,潘庄,省政府,工业园区,2006.04,150.0,高端制造、汽车零部件、食品,117.413543,39.299245,117.406955,39.297971,天津市宁河区天津潘庄工业区,住宅区,ok,33.749,8.7469,9.4386,32374.3064,1.5832,323.0,254.0,69.0,-185.0,3445.0,14559.1089,1470470.0,16941.0,21858.9703,2207756.0,58892.0,35446.9901,3580146.0,102078.0,45299.099,4575209.0,178540.0,54497.1188,5504209.0,2000,2010,2207756.0,3580146.0,1372390.0
35,S129027,天津大邱庄工业区,天津市,大邱庄,省政府,工业园区,2009.08,690.84,黑色金属冶炼压延加工、金属制品,117.036515,38.854957,117.030262,38.854031,天津市静海区大邱庄工业区,住宅区,ok,48.084,14.8006,8.6334,87231.4367,0.0685,38.0,25.0,13.0,-12.0,49946.0,21670.2524,2232036.0,94684.0,45781.1068,4715454.0,162424.0,66763.1942,6876609.0,212250.0,81717.165,8416868.0,213749.0,91385.6893,9412726.0,2000,2010,4715454.0,6876609.0,2161155.0
37,S129028,天津专用汽车产业园,天津市,专用汽车,省政府,工业园区,2009.08,1366.13,装备制造、新材料,117.57219,39.228406,117.566049,39.227519,天津市宁河区汽车产业园,住宅区,ok,18.244,,7.1596,8061.7249,0.9782,638.0,448.0,190.0,-258.0,0.0,9114.94,911494.0,0.0,10997.74,1099774.0,0.0,14610.84,1461084.0,3076.0,18315.44,1831544.0,21809.0,26560.03,2656003.0,2000,2010,1099774.0,1461084.0,361310.0
39,S139047,河北石家庄矿区工业园,河北省,石家庄矿区,省政府,工业园区,2011.07,595.14,特钢冶炼、通用零部件、装备制造,114.514976,38.042007,114.509003,38.041388,河北省石家庄市,市,ok,273.011,166.8755,115.7114,1358914.6974,0.0784,50.0,46.0,4.0,-42.0,377972.0,359545.981,37752328.0,379756.0,378150.2476,39705776.0,381147.0,384640.981,40387303.0,383053.0,389216.1714,40867698.0,389785.0,397519.2,41739516.0,2010,2015,40387303.0,40867698.0,480395.0
72,S139043,河北邯郸工业园区,河北省,邯郸,省政府,工业园区,1992.11,791.53,装备制造、建材、医药,114.558887,36.5847,114.55322,36.584685,河北省邯郸市邯山区邯郸工业园区,住宅区,ok,347.557,13.3432,35.6171,255196.3489,0.0561,54.0,0.0,54.0,54.0,124993.0,97736.19,9773619.0,163706.0,124011.42,12401142.0,237599.0,153345.28,15334528.0,275965.0,174001.04,17400104.0,323180.0,205081.58,20508158.0,1990,2000,9773619.0,12401142.0,2627523.0
76,S139045,河北永年工业园区,河北省,永年,省政府,工业园区,1992.11,354.18,特钢、装备制造、新材料,114.516688,36.734126,114.510868,36.73392,河北省邯郸市永年区永年工业园区,住宅区,ok,339.752,37.1258,28.2376,206784.0674,0.016,174.0,0.0,174.0,174.0,15659.0,76969.1078,7850849.0,26011.0,100058.6667,10205984.0,169500.0,126562.5588,12909381.0,269961.0,144609.6275,14750182.0,305966.0,167669.1961,17102258.0,1990,2000,7850849.0,10205984.0,2355135.0
88,S139042,河北武安工业园区,河北省,武安,省政府,工业园区,1992.11,460.99,新能源、新材料、装备制造,114.234617,36.725279,114.228583,36.72503,河北省邯郸市武安市工业园区,未知,ok,360.269,14.2754,21.8198,128933.4892,0.0119,26.0,0.0,26.0,26.0,102712.0,80769.6078,8238500.0,157276.0,123171.1667,12563459.0,196693.0,136625.0882,13935759.0,217525.0,145185.6863,14808940.0,244092.0,158803.7745,16197985.0,1990,2000,8238500.0,12563459.0,4324959.0
92,S139086,河北内丘工业园区,河北省,内丘,省政府,工业园区,2011.07,421.06,装备制造、精细化工、食品,114.56648,37.352954,114.560747,37.352464,河北省邢台市内丘县工业园区,未知,ok,297.461,9.1682,13.9877,66539.4059,0.0223,127.0,0.0,127.0,127.0,465.0,36176.0577,3762310.0,465.0,45680.0769,4750728.0,636.0,53122.8654,5524778.0,7302.0,58305.4135,6063763.0,42076.0,67854.4327,7056861.0,2010,2015,5524778.0,6063763.0,538985.0
103,S139096,河北临西轴承工业园区,河北省,临西轴承,省政府,工业园区,2011.07,648.36,轴承、装备制造、食品,115.528863,36.891371,115.523017,36.89107,河北省邢台市临西县轴承工业园区,住宅区,ok,255.55,,8.8827,81187.9621,0.0831,344.0,12.0,332.0,320.0,72514.0,32505.1553,3348031.0,76925.0,42784.3689,4406790.0,83350.0,56447.8447,5814128.0,86701.0,65555.2039,6752186.0,91890.0,74724.1845,7696591.0,2010,2015,5814128.0,6752186.0,938058.0
120,S139112,河北安国现代中药工业园区,河北省,安国现代中药,省政府,工业园区,2011.07,589.26,中药、食品,115.335942,38.408667,115.329669,38.407917,河北省保定市安国市现代中药工业园区,住宅区,ok,194.527,30.1237,24.6294,193488.9125,0.0198,248.0,0.0,248.0,248.0,39765.0,53824.85,5382485.0,230030.0,84285.23,8428523.0,288990.0,100425.96,10042596.0,314052.0,109871.54,10987154.0,321430.0,117929.36,11792936.0,2010,2015,10042596.0,10987154.0,944558.0
176,S149001,太原工业园区,山西省,太原,省政府,工业园区,1997.11,899.65,装备制造、新材料、商贸物流,112.605449,37.871938,112.599205,37.871464,山西省太原市杏花岭区太原工业园区,住宅区,ok,440.688,,97.0523,849110.7778,0.561,1562.0,0.0,1562.0,1562.0,203863.0,184535.4135,19191683.0,219813.0,198506.3942,20644665.0,224717.0,205305.9904,21351823.0,230157.0,209355.8365,21773007.0,247762.0,214723.8558,22331281.0,1990,2000,19191683.0,20644665.0,1452982.0
177,S149002,太原不锈钢产业园区,山西省,太原不锈钢,省政府,工业园区,2006.04,1143.77,不锈钢加工、装备制造、商贸物流,112.555943,37.970267,112.549648,37.969775,山西省太原市尖草坪区不锈钢产业园区,住宅区,ok,442.748,33.2921,43.4417,353702.4142,0.4209,518.0,320.0,198.0,-122.0,191656.0,114763.2673,11591090.0,237548.0,130766.1584,13207382.0,269718.0,143639.4158,14507581.0,294294.0,151082.3762,15259320.0,310019.0,158078.2475,15965903.0,2000,2010,13207382.0,14507581.0,1300199.0
182,S149011,山西榆次工业园区,山西省,榆次,省政府,工业园区,2006.04,198.56,装备制造、冶金制品、农副产品加工,112.691404,37.675207,112.685004,37.674585,山西省晋中市榆次区工业园区,未知,ok,438.592,16.6906,21.4096,161642.4948,0.1116,110.0,57.0,53.0,-4.0,29101.0,89669.8627,9146326.0,69339.0,109167.3235,11135067.0,250181.0,139467.6667,14225702.0,331627.0,157701.6176,16085565.0,339041.0,172206.9118,17565105.0,2000,2010,11135067.0,14225702.0,3090635.0
185,S149019,山西运城盐湖工业园区,山西省,运城盐湖,省政府,工业园区,2006.08,147.91,生物制药、新材料、装备制造,110.958483,35.100869,110.952877,35.101662,山西省运城市盐湖区盐湖工业园区,住宅区,ok,705.363,14.1356,12.7362,60649.5955,0.0098,147.0,0.0,147.0,147.0,11172.0,32438.8922,3308767.0,21965.0,42008.3529,4284852.0,123840.0,70383.4902,7179116.0,168614.0,88823.8039,9060028.0,178432.0,111877.5882,11411514.0,2000,2010,4284852.0,7179116.0,2894264.0
196,S159001,呼和浩特鸿盛工业园区,内蒙古自治区,呼和浩特鸿盛,省政府,工业园区,2006.04,121.49,电子信息、云计算、服装,111.806265,40.877471,111.799413,40.876048,内蒙古自治区呼和浩特市新城区呼和浩特鸿盛工业园区,住宅区,ok,545.426,12.8576,14.4747,151448.653,0.0222,30.0,27.0,3.0,-24.0,3911.0,10802.54,1080254.0,37908.0,27445.42,2744542.0,140822.0,91191.31,9119131.0,201974.0,133374.36,13337436.0,218314.0,154588.1,15458810.0,2000,2010,2744542.0,9119131.0,6374589.0
197,S159002,呼和浩特金海工业园区,内蒙古自治区,呼和浩特金海,省政府,工业园区,2006.08,96.0,羊绒、食品,111.608874,40.804991,111.602223,40.803759,内蒙古自治区呼和浩特市回民区金海工业园区,住宅区,ok,557.793,62.6099,35.4271,405215.0695,0.1118,225.0,137.0,88.0,-49.0,322161.0,141755.1735,13892007.0,355675.0,198136.0102,19417329.0,378158.0,264720.2857,25942588.0,387333.0,299211.3163,29322709.0,387795.0,314643.4082,30835054.0,2000,2010,19417329.0,25942588.0,6525259.0
198,S159003,呼和浩特裕隆工业园区,内蒙古自治区,呼和浩特裕隆,省政府,工业园区,2006.04,200.0,食品、服装纺织、生物科技,111.601058,40.741299,111.594421,40.740119,内蒙古自治区呼和浩特市玉泉区裕隆工业园区,住宅区,ok,555.867,16.4632,11.97,135428.8769,0.1775,154.0,114.0,40.0,-74.0,61004.0,24967.9082,2446855.0,116019.0,50186.8265,4918309.0,222174.0,100821.9592,9880552.0,275419.0,129704.1939,12711011.0,279672.0,150425.7245,14741721.0,2000,2010,4918309.0,9880552.0,4962243.0
203,S159009,包头铝业产业园区,内蒙古自治区,包头铝业,省政府,工业园区,2006.04,2776.44,铝加工,110.130018,40.55645,110.123954,40.555074,内蒙古自治区包头市东河区铝业产业园区,住宅区,ok,668.594,9.7935,9.0422,99852.6762,0.0055,9.0,6.0,3.0,-3.0,37313.0,45527.0098,4643755.0,74878.0,63524.8235,6479532.0,118394.0,77524.402,7907489.0,139347.0,86020.1569,8774056.0,154968.0,96007.549,9792770.0,2000,2010,6479532.0,7907489.0,1427957.0
204,S159040,包头金属深加工园区,内蒙古自治区,包头金属深加工园区,省政府,工业园区,2011.08,654.26,钢铁、稀土、不锈钢,109.720552,40.673397,109.714721,40.67214,内蒙古自治区包头市昆都仑区金属深加工园区,住宅区,ok,705.386,14.7309,14.9169,137130.8464,0.0601,918.0,30.0,888.0,858.0,81832.0,98824.9423,10277794.0,173978.0,137832.4904,14334579.0,236991.0,157493.1827,16379291.0,273946.0,167146.9327,17383281.0,277537.0,171640.7981,17850643.0,2010,2015,16379291.0,17383281.0,1003990.0
205,S159041,包头装备制造产业园区,内蒙古自治区,包头装备制造,省政府,工业园区,2011.04,2796.11,重车装备、工程机械装备、新能源装备,109.935139,40.660976,109.929491,40.659867,内蒙古自治区包头市青山区包头装备制造产业园区,住宅区,ok,687.483,33.2322,22.8098,243654.0977,0.0071,15.0,14.0,1.0,-13.0,49070.0,113143.63,11314363.0,123154.0,150079.22,15007922.0,230349.0,184468.29,18446829.0,276566.0,202555.42,20255542.0,283494.0,214775.36,21477536.0,2010,2015,18446829.0,20255542.0,1808713.0
206,S159012,包头石拐工业园区,内蒙古自治区,包头石拐,省政府,工业园区,2006.05,491.61,金属冶炼压延加工、煤炭开采洗选,110.236879,40.690771,110.230999,40.689471,内蒙古自治区包头市石拐区石拐工业园区,住宅区,ok,663.813,11.0922,5.1296,62965.7083,0.0209,40.0,29.0,11.0,-18.0,25826.0,6249.5577,649954.0,48504.0,7872.2115,818710.0,130142.0,13738.7308,1428828.0,180719.0,17505.4038,1820562.0,195889.0,21975.8462,2285488.0,2000,2010,818710.0,1428828.0,610118.0
207,S159011,内蒙古包头九原工业园区,内蒙古自治区,包头九原,省政府,工业园区,2006.04,1191.43,化工、黑色金属冶炼压延加工、有色金属,109.685066,40.60961,109.679317,40.608448,内蒙古自治区包头市九原区内蒙古包头九原工业园区,住宅区,ok,706.536,10.5658,9.632,68869.0389,0.04,145.0,7.0,138.0,131.0,43503.0,35464.83,3546483.0,103403.0,60940.18,6094018.0,214856.0,79693.9,7969390.0,265343.0,90000.37,9000037.0,266769.0,98146.7,9814670.0,2000,2010,6094018.0,7969390.0,1875372.0
208,S159042,包头市土右旗新型工业园区,内蒙古自治区,包头市土右旗新型,省政府,工业园区,2007.06,2424.26,电力能源、光伏光电、化工,110.671106,40.589881,110.665153,40.588734,内蒙古自治区包头市土默特右旗土右旗新型工业园区,住宅区,ok,625.424,13.3167,10.3687,42045.0989,0.6879,44.0,27.0,17.0,-10.0,10385.0,5680.93,568093.0,24095.0,10702.44,1070244.0,78951.0,25818.86,2581886.0,104376.0,36172.39,3617239.0,118523.0,43433.53,4343353.0,2000,2010,1070244.0,2581886.0,1511642.0
209,S159043,包头金山工业园区,内蒙古自治区,包头金山,省政府,工业园区,2012.06,1130.1,金属加工、新能源、装备制造,110.044378,41.007461,110.038318,41.005794,内蒙古自治区包头市固阳县金山镇,乡镇,ok,689.76,3.0679,2.6681,32889.6618,0.0004,0.0,0.0,0.0,0.0,697.0,14953.9231,1555208.0,726.0,21070.3558,2191317.0,53716.0,33859.6635,3521405.0,114956.0,41905.3846,4358160.0,124250.0,45266.0385,4707668.0,2010,2015,3521405.0,4358160.0,836755.0
210,S159044,包头达茂巴润工业园区,内蒙古自治区,包头达茂巴润,省政府,工业园区,2012.12,935.45,铁精粉加工,109.884495,41.769937,109.878742,41.768185,内蒙古自治区包头市白云鄂博矿区包头达茂巴润工业园区,住宅区,ok,732.451,2.7815,1.9935,10210.8729,0.0,0.0,0.0,0.0,0.0,562.0,898.7255,91670.0,562.0,1056.5882,107772.0,4201.0,2075.7549,211727.0,10757.0,3461.3922,353062.0,13859.0,6895.0294,703293.0,2010,2015,211727.0,353062.0,141335.0
215,S159046,巴林左旗工业园区,内蒙古自治区,巴林左旗,省政府,工业园区,2010.09,588.01,有色金属冶炼、农畜产品加工、建材,119.362832,43.961547,119.355936,43.959266,内蒙古自治区赤峰市巴林左旗,区县,ok,372.803,8.319,4.6022,59478.9625,0.0054,55.0,20.0,35.0,15.0,39860.0,36572.7426,3693847.0,77746.0,47495.9208,4797088.0,123798.0,62982.2475,6361207.0,153049.0,71401.1188,7211513.0,172233.0,75913.0,7667213.0,2010,2015,6361207.0,7211513.0,850306.0
216,S159047,巴林右旗工业园区,内蒙古自治区,巴林右旗,省政府,工业园区,2012.02,1133.47,煤电化工、建材、轻工,118.727618,43.603452,118.721038,43.601174,内蒙古自治区赤峰市巴林右旗工业园区,住宅区,ok,360.632,1.4648,1.1329,10651.7462,0.0001,4.0,4.0,0.0,-4.0,4150.0,752.6214,77520.0,4169.0,998.0388,102798.0,32867.0,5044.9126,519626.0,63133.0,8486.233,874082.0,82649.0,11579.0291,1192640.0,2010,2015,519626.0,874082.0,354456.0
217,S159026,内蒙古林西工业园区,内蒙古自治区,林西,省政府,工业园区,2006.04,77.71,冶金、农畜产品加工、化工,118.051432,43.571833,118.044446,43.569417,内蒙古自治区赤峰市林西县内蒙古林西工业园区,住宅区,ok,426.536,3.0062,5.9401,76258.9933,0.0048,178.0,15.0,163.0,148.0,36911.0,25883.6346,2691898.0,66596.0,33852.8077,3520692.0,86694.0,47227.1923,4911628.0,95061.0,55426.9423,5764402.0,95810.0,60802.9038,6323502.0,2000,2010,3520692.0,4911628.0,1390936.0
218,S159048,克什克腾循环经济工业园区,内蒙古自治区,克什克腾循环,省政府,工业园区,2016.02,835.03,煤化工、有色金属冶炼、装备制造,88.72478,44.131539,88.722028,44.130331,新疆维吾尔自治区昌吉回族自治州吉木萨尔县循环经济工业园区,住宅区,ok,3050.783,6.0346,3.604,1636.2187,0.0,0.0,0.0,0.0,0.0,16174.0,2099.0594,212005.0,17809.0,2747.0594,277453.0,48586.0,4904.8812,495393.0,67354.0,6138.5149,619990.0,74433.0,6986.0198,705588.0,2015,2020,619990.0,705588.0,85598.0
219,S159049,赤峰玉龙工业园区,内蒙古自治区,赤峰玉龙,省政府,工业园区,2012.02,549.8,农畜产品加工、有色金属、机械加工,119.078019,42.95682,119.071237,42.954399,内蒙古自治区赤峰市翁牛特旗赤峰玉龙工业园区,住宅区,ok,284.865,2.9147,1.595,20176.2165,0.1486,209.0,126.0,83.0,-43.0,8555.0,25094.3529,2559624.0,8555.0,36751.8725,3748691.0,23333.0,47018.8529,4795923.0,36750.0,52582.3627,5363401.0,65015.0,56236.9804,5736172.0,2010,2015,4795923.0,5363401.0,567478.0
223,S159051,科左后旗自主创新承接产业转移示范园区,内蒙古自治区,科左后旗自主创新承接,省政府,工业园区,2012.12,3916.53,农畜产品加工、医药、有色金属、煤化工,119.529474,26.21499,119.524867,26.218302,福建省福州市连江县承接产业转移示范园区,住宅区,ok,8.822,139.2966,57.9198,229188.663,16.7177,9447.0,3907.0,5540.0,1633.0,5283.0,21337.9143,2240481.0,104877.0,37428.1619,3929957.0,223742.0,51980.5048,5457953.0,295300.0,60331.3429,6334791.0,303170.0,63630.4,6681192.0,2010,2015,5457953.0,6334791.0,876838.0
224,S159052,开鲁工业园区,内蒙古自治区,开鲁,省政府,工业园区,2011.11,1217.0,玉米生物科技、装备制造、农畜产品加工,121.346709,43.575309,121.340746,43.572817,内蒙古自治区通辽市开鲁县工业园区,未知,ok,289.534,7.6677,6.4021,79744.3099,0.0004,0.0,0.0,0.0,0.0,5377.0,24237.0467,2593364.0,5547.0,32426.7196,3469659.0,56119.0,49149.2523,5258970.0,86130.0,58889.5421,6301181.0,89684.0,64009.0374,6848967.0,2010,2015,5258970.0,6301181.0,1042211.0
225,S159053,扎鲁特工业园区,内蒙古自治区,扎鲁特,省政府,工业园区,2011.11,1179.67,煤炭加工、铝、农畜产品加工,120.917953,44.567093,120.912359,44.565382,内蒙古自治区通辽市扎鲁特旗,区县,ok,404.452,7.578,6.274,79949.4788,0.0045,104.0,6.0,98.0,92.0,47981.0,31608.7745,3224095.0,54797.0,40401.0196,4120904.0,130821.0,62658.902,6391208.0,169435.0,76113.4216,7763569.0,178624.0,82813.4902,8446976.0,2010,2015,6391208.0,7763569.0,1372361.0
226,S159022,内蒙古霍林郭勒工业园区,内蒙古自治区,霍林郭勒,省政府,工业园区,2006.04,4902.78,能源、冶金、化工,119.648659,45.457855,119.642075,45.456041,内蒙古自治区通辽市霍林郭勒市工业园区,未知,ok,518.459,4.2831,4.0508,32466.7957,0.0074,78.0,5.0,73.0,68.0,3767.0,8573.8137,874529.0,16478.0,12620.0392,1287244.0,67784.0,23477.5294,2394708.0,96124.0,29899.8725,3049787.0,104255.0,34374.2157,3506170.0,2000,2010,1287244.0,2394708.0,1107464.0
229,S159054,鄂尔多斯大路工业园区,内蒙古自治区,鄂尔多斯大路,省政府,工业园区,2005.01,2957.6,煤化工、煤电铝,107.955572,22.551558,107.951725,22.554591,广西壮族自治区崇左市扶绥县大路,村庄,ok,86.513,8.9652,9.5838,12842.263,11.2804,33194.0,3137.0,30057.0,26920.0,26451.0,3751.58,375158.0,38945.0,5143.22,514322.0,47305.0,6868.69,686869.0,50797.0,7943.59,794359.0,50851.0,8938.5,893850.0,2000,2010,514322.0,686869.0,172547.0
232,S159055,独贵塔拉工业园区,内蒙古自治区,独贵塔拉,省政府,工业园区,2014.08,945.32,煤化工、精细化工、新能源,108.733989,40.502481,108.728697,40.501334,内蒙古自治区鄂尔多斯市杭锦旗独贵塔拉工业园区,住宅区,ok,785.367,19.4267,11.2554,3826.8419,0.0,0.0,0.0,0.0,0.0,25016.0,1433.26,143326.0,32659.0,1806.9,180690.0,74032.0,3974.48,397448.0,101843.0,5748.72,574872.0,125627.0,8051.16,805116.0,2010,2015,397448.0,574872.0,177424.0
236,S159057,内蒙古扎赉诺尔工业园区,内蒙古自治区,扎赉诺尔,省政府,工业园区,2012.12,1217.64,能源、化工、冶炼,117.669939,49.511213,117.662055,49.509473,内蒙古自治区呼伦贝尔市扎赉诺尔区,区县,ok,993.156,7.2732,2.6089,37144.9512,0.0053,2.0,2.0,0.0,-2.0,721.0,7878.8462,819400.0,721.0,9714.3846,1010296.0,2167.0,13161.2885,1368774.0,2745.0,14870.875,1546571.0,3261.0,15379.8846,1599508.0,2010,2015,1368774.0,1546571.0,177797.0
237,S159015,内蒙古阿荣旗工业园区,内蒙古自治区,阿荣旗,省政府,工业园区,2006.04,450.94,建材、化工、农畜产品加工、机械装备,123.458943,48.126553,123.451831,48.124338,内蒙古自治区呼伦贝尔市阿荣旗,区县,ok,802.029,21.4931,10.2956,123259.3148,0.0105,122.0,9.0,113.0,104.0,166706.0,26444.1321,2803078.0,216342.0,33445.8019,3545255.0,295135.0,52065.6415,5518958.0,336261.0,65056.8208,6896023.0,365943.0,85717.4717,9086052.0,2000,2010,3545255.0,5518958.0,1973703.0
238,S159017,内蒙古莫力达瓦工业园区,内蒙古自治区,莫力达瓦,省政府,工业园区,2006.04,398.19,农畜产品加工、石材加工、饮料酿酒,124.519023,48.477728,124.512203,48.475745,内蒙古自治区呼伦贝尔市莫力达瓦达斡尔族自治旗,区县,ok,857.058,27.0314,11.7946,83918.7595,0.0192,257.0,201.0,56.0,-145.0,343718.0,23734.6346,2468402.0,350427.0,32447.2981,3374519.0,351121.0,38852.6635,4040677.0,354936.0,44380.8269,4615606.0,372619.0,57070.5,5935332.0,2000,2010,3374519.0,4040677.0,666158.0
239,S159058,呼伦贝尔鄂伦春自治旗工业园区,内蒙古自治区,呼伦贝尔鄂伦春自治旗,省政府,工业园区,2012.06,486.4,农畜产品加工、建材,123.725643,50.591604,123.718178,50.590164,内蒙古自治区呼伦贝尔市鄂伦春自治旗,区县,ok,1075.953,31.5911,14.3227,71985.8513,,,,,,164727.0,18727.9231,1947704.0,183589.0,22753.5865,2366373.0,187498.0,26065.7212,2710835.0,189469.0,27900.2308,2901624.0,191361.0,30018.0192,3121874.0,2010,2015,2710835.0,2901624.0,190789.0
241,S159018,内蒙古陈巴尔虎旗工业园区,内蒙古自治区,陈巴尔虎旗,省政府,工业园区,2006.04,216.82,能源、化工,119.67676,49.351641,119.669431,49.34979,内蒙古自治区呼伦贝尔市陈巴尔虎旗工业园区,住宅区,ok,943.308,1.7124,0.8818,9366.8977,0.0005,1.0,0.0,1.0,1.0,373.0,1500.0294,153003.0,373.0,1611.4804,164371.0,2001.0,3856.0196,393314.0,3185.0,5006.3529,510648.0,3870.0,5589.1078,570089.0,2000,2010,164371.0,393314.0,228943.0
242,S159019,内蒙古满洲里工业园区,内蒙古自治区,满洲里,省政府,工业园区,2003.07,1022.88,木材加工,117.526162,49.571073,117.518222,49.569339,内蒙古自治区呼伦贝尔市满洲里市工业园区,未知,ok,1002.661,7.7149,4.6005,51254.3355,0.0073,27.0,10.0,17.0,7.0,14412.0,16483.1509,1747214.0,16636.0,24147.934,2559681.0,58877.0,32651.783,3461089.0,78014.0,36584.9717,3878007.0,79664.0,37580.434,3983526.0,2000,2010,2559681.0,3461089.0,901408.0
243,S159016,内蒙古呼伦贝尔岭东工业园区,内蒙古自治区,呼伦贝尔岭东,省政府,工业园区,2003.07,660.03,农畜林产品加工、建材、木材加工,122.059902,47.455793,122.053492,47.453453,内蒙古自治区呼伦贝尔市扎兰屯市岭东,村庄,ok,717.706,,0.7131,65.6041,1.6413,73.0,21.0,52.0,31.0,1607.0,321.0485,33068.0,1820.0,494.1845,50901.0,8340.0,1609.6408,165793.0,11464.0,2273.1845,234138.0,14077.0,2565.1456,264210.0,2000,2010,50901.0,165793.0,114892.0
244,S159060,额尔古纳自治区级边境经济合作区,内蒙古自治区,额尔古纳自治区级,省政府,工业园区,2014.03,482.54,进出口加工、乳制品、啤酒,81.28279,43.929945,81.279862,43.92877,新疆维吾尔自治区伊犁哈萨克自治州伊宁市边境经济合作区,住宅区,ok,3455.712,65.2299,30.599,311069.5324,0.2741,220.0,139.0,81.0,-58.0,84677.0,64962.3861,6561201.0,153168.0,112777.3861,11390516.0,315643.0,186007.6139,18786769.0,396831.0,223602.0792,22583810.0,397356.0,228877.3861,23116616.0,2010,2015,18786769.0,22583810.0,3797041.0
246,S159062,五原工业园区,内蒙古自治区,五原,省政府,工业园区,2014.07,688.61,农畜产品加工、机械、物流,108.276617,41.0577,108.271321,41.056142,内蒙古自治区巴彦淖尔市五原县工业园区,未知,ok,833.893,5.1748,3.1585,38306.1347,0.0,0.0,0.0,0.0,0.0,60784.0,25235.3786,2599244.0,106065.0,41477.5243,4272185.0,190684.0,62832.5534,6471753.0,226760.0,73779.534,7599292.0,237903.0,77070.1068,7938221.0,2010,2015,6471753.0,7599292.0,1127539.0
247,S159036,内蒙古磴口工业园区,内蒙古自治区,磴口,省政府,工业园区,2006.04,113.95,电力、农畜产品加工、化工,107.010984,40.388532,107.005878,40.387434,内蒙古自治区巴彦淖尔市磴口县工业园区,未知,ok,926.68,6.2199,2.6442,30809.9314,0.0025,11.0,0.0,11.0,11.0,12030.0,10862.9314,1108019.0,18591.0,15383.5098,1569118.0,81645.0,22039.8725,2248067.0,108843.0,25995.8627,2651578.0,117518.0,30247.8333,3085279.0,2000,2010,1569118.0,2248067.0,678949.0
248,S159063,巴彦淖尔市甘其毛都口岸加工园区,内蒙古自治区,巴彦淖尔市甘其毛都口岸加工园区,省政府,工业园区,2011.12,1701.03,煤化工、金属冶炼、非金属加工,107.57776,42.40118,107.572406,42.399526,内蒙古自治区巴彦淖尔市乌拉特中旗甘其毛都口岸,住宅区,ok,935.511,7.9453,6.8269,4096.1466,0.0,0.0,0.0,0.0,0.0,23388.0,1784.8713,180272.0,23388.0,1803.0891,182112.0,102829.0,4205.505,424756.0,146634.0,5448.3762,550286.0,162218.0,6021.4554,608167.0,2010,2015,424756.0,550286.0,125530.0
249,S159064,乌拉特后旗循环经济工业园区,内蒙古自治区,乌拉特后旗循环,省政府,工业园区,2012.05,2309.97,有色金属冶炼加工、硫化工、煤化工,88.72478,44.131539,88.722028,44.130331,新疆维吾尔自治区昌吉回族自治州吉木萨尔县循环经济工业园区,住宅区,ok,3050.783,6.0346,3.604,1636.2187,0.0,0.0,0.0,0.0,0.0,16174.0,2099.0594,212005.0,17809.0,2747.0594,277453.0,48586.0,4904.8812,495393.0,67354.0,6138.5149,619990.0,74433.0,6986.0198,705588.0,2010,2015,495393.0,619990.0,124597.0
250,S159037,内蒙古杭后工业园区,内蒙古自治区,杭后,省政府,工业园区,2006.04,295.35,农畜产品加工、煤化工、金属冶炼,107.117523,40.909998,107.112085,40.908429,内蒙古自治区巴彦淖尔市杭锦后旗内蒙古杭后工业园区,住宅区,ok,925.348,19.9246,8.8595,103452.704,0.0,0.0,0.0,0.0,0.0,58460.0,26866.4476,2820977.0,86801.0,42060.7619,4416380.0,177978.0,64438.0381,6765994.0,218698.0,76824.3429,8066556.0,229800.0,80528.7429,8455518.0,2000,2010,4416380.0,6765994.0,2349614.0
251,S159028,内蒙古察哈尔工业园区,内蒙古自治区,察哈尔,省政府,工业园区,2006.04,656.13,农畜产品加工、装备制造、新能源、新材料,113.134261,40.949775,113.127003,40.948047,内蒙古自治区乌兰察布市察哈尔右翼前旗察哈尔工业园区,住宅区,ok,441.481,6.6102,11.8542,67651.6848,0.0038,0.0,0.0,0.0,0.0,144.0,6915.099,698425.0,167.0,11974.0495,1209379.0,62076.0,56949.4356,5751893.0,121148.0,91945.505,9286496.0,145321.0,113253.0594,11438559.0,2000,2010,1209379.0,5751893.0,4542514.0
253,S159066,丰镇市高科技氟化学工业园区,内蒙古自治区,丰镇市高科技氟,省政府,工业园区,2014.08,1342.01,电力、氟化工、冶金,113.182502,40.412685,113.175418,40.411393,内蒙古自治区乌兰察布市丰镇市氟化学工业园区,住宅区,ok,418.118,8.4792,8.2954,63202.968,0.0033,11.0,11.0,0.0,-11.0,39272.0,36620.9808,3808582.0,109868.0,55903.5769,5813972.0,180967.0,71196.2885,7404414.0,219339.0,79851.6635,8304573.0,270377.0,88425.0096,9196201.0,2010,2015,7404414.0,8304573.0,900159.0
255,S159067,科右前旗工业园区,内蒙古自治区,科右前旗,省政府,工业园区,2011.09,647.72,农畜林产品加工、装备制造、建材,121.98421,46.069522,121.978284,46.067701,内蒙古自治区兴安盟科尔沁右翼前旗科右前旗工业园区,住宅区,ok,563.575,9.3762,9.372,64394.8346,0.0031,105.0,41.0,64.0,23.0,17.0,25602.8476,2688299.0,329.0,33184.781,3484402.0,63644.0,70271.0381,7378459.0,106787.0,97697.0476,10258190.0,164116.0,127233.6476,13359533.0,2010,2015,7378459.0,10258190.0,2879731.0
256,S159068,突泉循环经济工业园区,内蒙古自治区,突泉循环,省政府,工业园区,2012.12,701.6,农畜林产品、建材、服装,88.72478,44.131539,88.722028,44.130331,新疆维吾尔自治区昌吉回族自治州吉木萨尔县循环经济工业园区,住宅区,ok,3050.783,6.0346,3.604,1636.2187,0.0,0.0,0.0,0.0,0.0,16174.0,2099.0594,212005.0,17809.0,2747.0594,277453.0,48586.0,4904.8812,495393.0,67354.0,6138.5149,619990.0,74433.0,6986.0198,705588.0,2010,2015,495393.0,619990.0,124597.0
258,S159069,乌里雅斯太工业园区,内蒙古自治区,乌里雅斯太,省政府,工业园区,2007.04,3295.54,煤炭加工、石油、有色金属采选冶炼,116.206631,45.645326,116.199726,45.643459,内蒙古自治区锡林郭勒盟东乌珠穆沁旗乌里雅斯太,住宅区,ok,694.766,,,,0.0,0.0,0.0,0.0,0.0,0.0,2.47,247.0,0.0,2.47,247.0,0.0,2.47,247.0,0.0,2.48,248.0,0.0,2.52,252.0,2000,2010,247.0,247.0,0.0
259,S159070,锡林郭勒盟白音华工业园区,内蒙古自治区,锡林郭勒盟白音华,省政府,工业园区,2012.04,4545.0,煤炭、有色金属采选冶炼、电力,118.406679,44.714939,118.399616,44.712941,内蒙古自治区锡林郭勒盟西乌珠穆沁旗白音华工业园区,住宅区,ok,480.596,11.5953,8.0661,5896.3071,0.0004,39.0,39.0,0.0,-39.0,2809.0,1122.15,112215.0,2809.0,2047.6,204760.0,38118.0,6456.53,645653.0,61693.0,9810.35,981035.0,69239.0,11137.05,1113705.0,2010,2015,645653.0,981035.0,335382.0
260,S159071,黄旗工业园区,内蒙古自治区,黄旗,省政府,工业园区,2014.07,364.49,石材加工,107.415467,36.471195,107.410291,36.471045,甘肃省庆阳市环县黄旗,村庄,ok,926.181,,37.9393,5311.5034,0.0094,20.0,20.0,0.0,-20.0,1289.0,1820.91,182091.0,1304.0,2656.59,265659.0,2025.0,3297.35,329735.0,5234.0,3762.22,376222.0,12374.0,4513.85,451385.0,2010,2015,329735.0,376222.0,46487.0
261,S159072,上都工业园区,内蒙古自治区,上都,省政府,工业园区,2012.07,312.6,有色金属冶炼、电力、建材,115.695018,25.002921,115.69022,25.005804,江西省赣州市寻乌县上都,村庄,ok,195.111,,33.2695,3426.76,35.8085,34951.0,22460.0,12491.0,-9969.0,124.0,1704.9238,179017.0,148.0,2036.2381,213805.0,177.0,2935.9143,308271.0,190.0,3665.3619,384863.0,200.0,4500.4476,472547.0,2010,2015,308271.0,384863.0,76592.0
262,S159073,内蒙古多伦工业园区,内蒙古自治区,多伦,省政府,工业园区,2012.12,316.31,煤化工、矿产品加工、建材,116.527217,42.204765,116.521013,42.202783,内蒙古自治区锡林郭勒盟多伦县工业园区,未知,ok,352.701,1.3637,1.3659,17135.6185,0.0293,203.0,74.0,129.0,55.0,0.0,14644.17,1464417.0,0.0,17969.25,1796925.0,10869.0,32083.25,3208325.0,20115.0,41801.3,4180130.0,38659.0,45215.18,4521518.0,2010,2015,3208325.0,4180130.0,971805.0
266,S219043,沈阳金融商贸开发区,辽宁省,沈阳,省政府,工业园区,2002.01,574.7,金融,123.437857,41.80295,123.431731,41.800531,辽宁省沈阳市沈河区金融商贸开发区,住宅区,ok,162.066,159.3527,161.3156,1975954.658,0.0494,33.0,0.0,33.0,33.0,450865.0,375050.9423,39005298.0,452790.0,388338.7212,40387227.0,453659.0,390426.9615,40604404.0,455156.0,393922.1827,40967907.0,460895.0,407100.7115,42338474.0,2000,2010,40387227.0,40604404.0,217177.0
272,S219010,沈阳近海经济区,辽宁省,沈阳近海,省政府,工业园区,2006.05,40.6,卡车及特种车、装备制造、新材料,123.443748,42.219307,123.437574,42.21693,辽宁省沈阳市法库县经济区,住宅区,ok,199.31,15.7134,7.8114,19793.9768,0.0527,175.0,110.0,65.0,-45.0,0.0,11357.1845,1169790.0,163.0,15024.8835,1547563.0,103179.0,23686.835,2439744.0,181305.0,29890.9709,3078770.0,259458.0,38760.8932,3992372.0,2000,2010,1547563.0,2439744.0,892181.0
279,S219046,大连瓦房店轴承产业园区,辽宁省,大连瓦房店轴承,省政府,工业园区,2013.08,402.42,轴承、机床、风电,121.583054,38.939188,121.578103,38.938397,辽宁省大连市沙河口区产业园区,住宅区,ok,0.829,105.6155,96.6582,967548.3011,0.4367,95.0,94.0,1.0,-93.0,344513.0,232874.3654,24218934.0,345855.0,262341.1538,27283480.0,346500.0,271853.3173,28272745.0,347505.0,277823.9519,28893691.0,351236.0,285238.9423,29664850.0,2010,2015,28272745.0,28893691.0,620946.0
280,S219047,大连花园口经济区,辽宁省,大连花园口,省政府,工业园区,2006.01,1000.02,新材料、新能源、生物医药,122.635368,39.55388,122.630485,39.552727,辽宁省大连市庄河市花园口经济区,住宅区,ok,2.733,24.564,11.1964,34484.8482,0.0246,80.0,25.0,55.0,30.0,6723.0,6296.3689,648526.0,12159.0,8408.0291,866027.0,107433.0,18300.0777,1884908.0,195885.0,25845.2427,2662060.0,248977.0,36054.6311,3713627.0,2000,2010,866027.0,1884908.0,1018881.0
281,S219048,大连循环产业经济区,辽宁省,大连循环,省政府,工业园区,2009.05,1009.65,装备制造、木材家居、再生资源利用,121.452571,39.595643,121.44713,39.594219,辽宁省大连市瓦房店市经济区,住宅区,ok,2.195,51.6022,12.5484,82932.6521,0.2189,679.0,333.0,346.0,13.0,943.0,3631.8061,355917.0,14992.0,7353.0714,720601.0,84813.0,18693.9796,1832010.0,129054.0,27346.8469,2679991.0,154575.0,40406.7653,3959863.0,2000,2010,720601.0,1832010.0,1111409.0
285,S219051,鞍山大洋河临港产业区,辽宁省,鞍山大洋河临港,省政府,工业园区,2012.07,164.12,高分子材料,123.2251,40.435049,123.21947,40.433579,辽宁省鞍山市岫岩满族自治县大洋河,住宅区,ok,68.51,,7.0266,7139.0109,6.623,1016.0,313.0,703.0,390.0,251.0,1779.8544,183325.0,251.0,2541.835,261809.0,1349.0,3791.3883,390513.0,3278.0,5173.3981,532860.0,7533.0,9662.1748,995204.0,2010,2015,390513.0,532860.0,142347.0
299,S219058,辽宁营口沿海产业基地,辽宁省,营口沿海,省政府,工业园区,2011.07,489.65,装备制造、新材料、电子信息,122.270048,40.598165,122.264886,40.596639,辽宁省营口市西市区沿海街道,乡镇,ok,3.884,30.7506,19.9299,36830.5205,0.1185,40.0,25.0,15.0,-10.0,94748.0,7617.06,761706.0,97767.0,10560.4,1056040.0,99521.0,22895.45,2289545.0,102382.0,33682.84,3368284.0,113828.0,49493.09,4949309.0,2010,2015,2289545.0,3368284.0,1078739.0
300,S219059,营口仙人岛能源化工区,辽宁省,营口仙人岛能源,省政府,工业园区,2006.09,224.99,石化、港口物流,122.008743,40.125198,122.003536,40.123813,辽宁省营口市盖州市仙人岛能源化工区,住宅区,ok,0.661,10.883,7.7519,30860.4544,0.0279,137.0,14.0,123.0,109.0,6517.0,12200.6634,1232267.0,24296.0,22067.0099,2228768.0,54410.0,41416.6238,4183079.0,93745.0,55987.7327,5654761.0,196753.0,77328.6931,7810198.0,2000,2010,2228768.0,4183079.0,1954311.0
303,S219060,阜新皮革产业开发区,辽宁省,阜新皮革,省政府,工业园区,2009.04,251.54,皮革,121.433864,41.790109,121.4281,41.787733,辽宁省阜新市清河门区辽宁阜新皮革产业开发区,住宅区,ok,94.355,17.7324,9.2366,104502.8769,0.0463,299.0,45.0,254.0,209.0,254.0,20767.6058,2159831.0,3655.0,36727.2212,3819631.0,101970.0,54038.1346,5619966.0,161806.0,65027.9231,6762904.0,192780.0,74323.2596,7729619.0,2000,2010,3819631.0,5619966.0,1800335.0
304,S219061,辽宁阜新氟产业开发区,辽宁省,阜新氟,省政府,工业园区,2012.08,179.48,化工,121.510189,41.837548,121.504682,41.835363,辽宁省阜新市阜新蒙古族自治县氟产业开发区,住宅区,ok,100.2,5.7196,3.8459,36858.9655,0.0212,121.0,4.0,117.0,113.0,13783.0,7659.8235,781302.0,17399.0,18485.1176,1885482.0,56435.0,28630.8725,2920349.0,110155.0,36860.0392,3759724.0,295743.0,54473.6471,5556312.0,2010,2015,2920349.0,3759724.0,839375.0
305,S219062,阜新市林产品产业基地,辽宁省,阜新市林产品,省政府,工业园区,2010.08,368.02,林木产品加工、装备制造,121.670052,42.022028,121.664643,42.019918,辽宁省阜新市,市,ok,115.002,66.5763,29.7111,360573.4469,0.1428,336.0,90.0,246.0,156.0,375579.0,134935.13,13493513.0,381418.0,163941.22,16394122.0,385631.0,197786.94,19778694.0,388479.0,217188.3,21718830.0,394294.0,231127.58,23112758.0,2010,2015,19778694.0,21718830.0,1940136.0
307,S219063,辽宁盘锦精细化工产业园区,辽宁省,盘锦精细,省政府,工业园区,2013.08,890.54,精细化工,121.980689,41.210825,121.975448,41.208889,辽宁省盘锦市双台子区盘锦精细化工产业园区,住宅区,ok,25.33,33.1254,22.052,168631.8105,0.1721,289.0,271.0,18.0,-253.0,705.0,56735.37,5673537.0,1232.0,69884.06,6988406.0,38235.0,100664.46,10066446.0,87719.0,121778.7,12177870.0,183022.0,139136.17,13913617.0,2010,2015,10066446.0,12177870.0,2111424.0
309,S219065,大洼临港经济区,辽宁省,大洼临港,省政府,工业园区,2013.11,110.06,装备制造、物流,121.831235,40.931702,121.826023,40.930043,辽宁省盘锦市大洼区经济区,住宅区,ok,0.358,,4.8795,907.5926,0.8181,143.0,139.0,4.0,-135.0,0.0,18.549,1892.0,0.0,77.9706,7953.0,0.0,136.8824,13962.0,0.0,275.9412,28146.0,0.0,924.9216,94342.0,2010,2015,13962.0,28146.0,14184.0
310,S219066,辽宁北方新材料产业园,辽宁省,北方,省政府,工业园区,2013.08,231.01,石化、新材料、装备制造,121.942117,41.226895,121.93698,41.22504,辽宁省盘锦市盘山县辽宁北方新材料产业园,住宅区,ok,26.111,,15.0661,67948.1767,0.1996,175.0,151.0,24.0,-127.0,707.0,25367.098,2587444.0,1870.0,31614.6667,3224696.0,50041.0,55667.5196,5678087.0,79901.0,72476.8333,7392637.0,100178.0,85595.5392,8730745.0,2010,2015,5678087.0,7392637.0,1714550.0
326,S219076,兴城滨海经济区,辽宁省,兴城滨海,省政府,工业园区,2008.07,944.97,高性能复合材料、泳装,120.682733,40.535225,120.677529,40.533853,辽宁省葫芦岛市兴城市经济区,住宅区,ok,1.072,,8.5993,19073.3543,0.0103,197.0,29.0,168.0,139.0,1083.0,12186.7778,1206491.0,2446.0,16118.7677,1595758.0,17037.0,23667.2929,2343062.0,41016.0,31568.4848,3125280.0,145909.0,52173.6768,5165194.0,2000,2010,1595758.0,2343062.0,747304.0
335,S229036,吉林化学工业循环经济示范区,吉林省,吉林,省政府,工业园区,2008.10,3030.48,化工,126.549719,43.838132,126.54403,43.835879,吉林省吉林市,市,city_only,493.887,62.6839,55.0666,620600.4047,0.2056,1339.0,116.0,1223.0,1107.0,344496.0,185236.1154,19264556.0,345723.0,217507.9519,22620827.0,346371.0,244794.4808,25458626.0,347040.0,258904.0385,26926020.0,349089.0,269200.1923,27996820.0,2000,2010,22620827.0,25458626.0,2837799.0
339,S229016,吉林蛟河天岗石材产业园区,吉林省,蛟河天岗石材,省政府,工业园区,2003.06,216.98,石材加工、工艺品,126.897429,43.914121,126.891712,43.911953,吉林省吉林市蛟河市天岗石材产业园区,住宅区,ok,514.291,9.6969,5.5321,14295.0473,22.941,4637.0,857.0,3780.0,2923.0,3740.0,8123.1048,852926.0,13993.0,12070.7714,1267431.0,67752.0,21425.5333,2249681.0,100719.0,26857.619,2820050.0,127984.0,31646.3905,3322871.0,2000,2010,1267431.0,2249681.0,982250.0
349,S229041,辽源清洁能源产业开发区,吉林省,辽源清洁能源,省政府,工业园区,2005.11,304.81,新能源、汽车零部件、装备制造,125.088013,42.941898,125.081577,42.939323,吉林省辽源市西安区清洁能源产业开发区,住宅区,ok,357.093,13.0256,25.0071,156019.5747,0.3528,1143.0,67.0,1076.0,1009.0,16975.0,41925.3654,4360238.0,21257.0,48673.9423,5062090.0,44486.0,65268.7212,6787947.0,65258.0,74464.4423,7744302.0,71850.0,78557.4135,8169971.0,2000,2010,5062090.0,6787947.0,1725857.0
355,S229047,柳河工业集中区,吉林省,柳河,省政府,工业园区,2005.07,640.71,医药、食品,115.550214,33.095791,115.544821,33.097719,安徽省阜阳市太和县柳河,住宅区,ok,382.19,,8.4047,30256.8673,0.7696,398.0,0.0,398.0,398.0,8770.0,3952.5,411060.0,15212.0,12203.2404,1269137.0,31662.0,24888.1827,2588371.0,45146.0,33416.6923,3475336.0,76474.0,47323.9808,4921694.0,2000,2010,1269137.0,2588371.0,1319234.0
360,S229049,吉林抚松工业园区,吉林省,抚松,省政府,工业园区,2012.01,1077.61,木制品加工、医药,127.449387,42.221038,127.443231,42.218573,吉林省白山市抚松县,区县,ok,393.703,14.1529,12.3265,21287.9375,31.0681,11028.0,6776.0,4252.0,-2524.0,610.0,4108.0388,423128.0,2533.0,5801.5922,597564.0,39490.0,9532.3981,981837.0,63411.0,11998.8641,1235883.0,85557.0,13578.6602,1398602.0,2010,2015,981837.0,1235883.0,254046.0
364,S229050,扶余工业集中区,吉林省,扶余,省政府,工业园区,2005.11,800.0,建材、农畜产品加工,126.0233,45.0065,126.016908,45.00437,吉林省松原市扶余市工业集中区,住宅区,ok,598.421,,28.6774,155517.4496,0.1659,19.0,5.0,14.0,9.0,130040.0,33613.5769,3495812.0,146568.0,43919.75,4567654.0,178762.0,54353.9808,5652814.0,194055.0,59957.1346,6235542.0,204849.0,62655.1058,6516131.0,2000,2010,4567654.0,5652814.0,1085160.0
372,S229054,龙井工业集中区,吉林省,龙井,省政府,工业园区,2005.12,478.49,医药、农副产品加工,112.247518,30.948986,112.241757,30.951295,湖北省荆门市掇刀区龙井村工业集中区,住宅区,ok,712.427,13.6829,10.5082,90538.521,1.1618,2198.0,65.0,2133.0,2068.0,2125.0,5340.8558,555449.0,2140.0,10315.5385,1072816.0,103727.0,38443.2981,3998103.0,163524.0,56928.9808,5920614.0,173052.0,74726.1731,7771522.0,2000,2010,1072816.0,3998103.0,2925287.0
373,S229055,汪清工业集中区,吉林省,汪清,省政府,工业园区,2005.11,308.75,食品、木竹加工、非金属矿物制品,80.381016,40.660447,80.378629,40.65968,新疆维吾尔自治区阿克苏地区阿瓦提县工业集中区,住宅区,ok,3300.793,23.8799,23.4036,140866.173,0.0031,0.0,0.0,0.0,0.0,37264.0,19530.5253,1933522.0,78876.0,39621.899,3922568.0,111075.0,53558.5758,5302299.0,124117.0,60123.3838,5952215.0,126625.0,61685.0909,6106824.0,2000,2010,3922568.0,5302299.0,1379731.0
375,S239030,哈尔滨香坊工业新区,黑龙江省,哈尔滨香坊,省政府,工业园区,2005.10,1200.9,机械、进出口加工、产品组装,126.662959,45.707871,126.656943,45.705871,黑龙江省哈尔滨市香坊区,区县,ok,689.353,79.7786,84.9674,1004739.8332,0.23,1215.0,52.0,1163.0,1111.0,318870.0,244725.1215,26185588.0,344904.0,273084.9065,29220085.0,347932.0,294219.785,31481517.0,351236.0,306749.1589,32822160.0,361696.0,319001.2804,34133137.0,2000,2010,29220085.0,31481517.0,2261432.0
381,S239032,哈尔滨木兰工业园区,黑龙江省,哈尔滨木兰,省政府,工业园区,2013.05,106.96,农副产品加工,128.081462,45.946971,128.074661,45.944714,黑龙江省哈尔滨市木兰县木兰工业园区,住宅区,ok,757.574,33.43,32.2941,112997.0476,0.2756,375.0,71.0,304.0,233.0,13786.0,23837.8667,2502976.0,19286.0,29376.3429,3084516.0,46416.0,33655.7143,3533850.0,79252.0,36244.3905,3805661.0,126634.0,38530.7714,4045731.0,2010,2015,3533850.0,3805661.0,271811.0
386,S239036,齐齐哈尔铁峰区鹤城科技产业园区,黑龙江省,齐齐哈尔铁峰区鹤城科技,省政府,工业园区,2007.04,1026.44,轨道交通设备、建材、木制品加工,124.03827,47.373652,124.031331,47.371317,黑龙江省齐齐哈尔市铁锋区科技产业园区,住宅区,ok,729.153,16.4393,16.5313,219518.6731,0.0554,109.0,25.0,84.0,59.0,60874.0,92073.4476,9667712.0,74917.0,107099.981,11245498.0,94766.0,124219.2095,13043017.0,109679.0,134093.5524,14079823.0,144978.0,145146.7238,15240406.0,2000,2010,11245498.0,13043017.0,1797519.0
390,S239039,泰来工业示范基地,黑龙江省,泰来,省政府,工业园区,2011.10,272.41,农副产品加工、食品、建材,123.416631,46.393694,123.409758,46.391665,黑龙江省齐齐哈尔市泰来县,区县,ok,612.23,27.2008,4.1481,44849.4669,0.016,204.0,37.0,167.0,130.0,363919.0,31294.4571,3285918.0,370423.0,36807.8571,3864825.0,385515.0,42483.7048,4460789.0,392495.0,45684.4095,4796863.0,397181.0,49355.5429,5182332.0,2010,2015,4460789.0,4796863.0,336074.0
391,S239040,甘南县工业示范基地,黑龙江省,甘南县,省政府,工业园区,2005.05,515.4,乳制品加工、农畜产品加工,123.507935,47.921698,123.501049,47.919546,黑龙江省齐齐哈尔市甘南县,区县,ok,780.225,45.508,9.5044,114946.0486,0.1021,35.0,13.0,22.0,9.0,440707.0,31319.7864,3225938.0,444272.0,37235.466,3835253.0,446824.0,47526.6214,4895242.0,449075.0,53734.068,5534609.0,455224.0,60105.5825,6190875.0,2000,2010,3835253.0,4895242.0,1059989.0
393,S239042,克山县马铃薯产业园区,黑龙江省,克山县马铃薯,省政府,工业园区,2013.12,213.06,农产品加工、乳制品加工,110.063341,40.986892,110.057236,40.985206,内蒙古自治区包头市固阳县马铃薯产业园区,住宅区,ok,687.529,4.055,2.2637,27920.2809,0.0,0.0,0.0,0.0,0.0,2391.0,11167.42,1116742.0,2451.0,16912.78,1691278.0,20023.0,29868.58,2986858.0,32700.0,38275.02,3827502.0,58289.0,42249.04,4224904.0,2010,2015,2986858.0,3827502.0,840644.0
394,S239043,克东工业园区,黑龙江省,克东,省政府,工业园区,2013.08,210.57,乳制品加工、家具、食品,126.249124,48.041562,126.242457,48.039347,黑龙江省齐齐哈尔市克东县,区县,ok,856.127,83.3424,23.3219,123559.5199,0.2086,316.0,18.0,298.0,280.0,379071.0,22816.1509,2418512.0,387938.0,25581.4151,2711630.0,389507.0,32093.3868,3401899.0,390862.0,36311.8868,3849060.0,394503.0,39915.434,4231036.0,2010,2015,3401899.0,3849060.0,447161.0
395,S239044,拜泉工业示范基地,黑龙江省,拜泉,省政府,工业园区,2013.08,215.48,农产品加工、食品,126.09905,47.59586,126.092093,47.593359,黑龙江省齐齐哈尔市拜泉县,区县,ok,806.591,85.3638,77.5659,206868.2112,0.1967,1000.0,25.0,975.0,950.0,183882.0,31002.9596,3069293.0,213387.0,35477.9192,3512314.0,265359.0,44387.8788,4394400.0,290834.0,48960.5051,4847090.0,293253.0,51286.5152,5077365.0,2010,2015,4394400.0,4847090.0,452690.0
398,S239047,鸡东煤电化循环经济示范基地,黑龙江省,鸡东煤电化循环,省政府,工业园区,2012.12,63.36,电力、化工,131.124083,45.260413,131.116195,45.25799,黑龙江省鸡西市鸡东县,区县,ok,840.266,13.1126,11.0197,47825.318,1.0481,562.0,197.0,365.0,168.0,213110.0,37778.7596,3928991.0,233949.0,43388.6058,4512415.0,261247.0,48222.4327,5015133.0,274756.0,51146.5481,5319241.0,288131.0,55440.0577,5765766.0,2010,2015,5015133.0,5319241.0,304108.0
405,S239051,友谊农产品深加工园区,黑龙江省,友谊农产品深加工园区,省政府,工业园区,2013.02,391.3,农产品加工、食品、物流,120.259054,29.753881,120.254625,29.756357,浙江省绍兴市诸暨市农产品深加工园区,住宅区,ok,49.791,23.512,24.4022,200903.0178,5.0655,1349.0,438.0,911.0,473.0,0.0,26812.1176,2734836.0,2469.0,57355.6961,5850281.0,69696.0,91518.451,9334882.0,139029.0,112516.4608,11476679.0,156845.0,120055.6863,12245680.0,2010,2015,9334882.0,11476679.0,2141797.0
408,S239054,肇源工业园区,黑龙江省,肇源,省政府,工业园区,2013.04,391.66,食品、粮食加工、物流,125.078311,45.518982,125.071469,45.516709,黑龙江省大庆市肇源县,区县,ok,565.509,39.4095,13.926,87371.7678,0.0463,26.0,3.0,23.0,20.0,387434.0,36608.699,3770696.0,390361.0,44905.7379,4625291.0,390628.0,53983.6893,5560320.0,391382.0,58561.0097,6031784.0,394622.0,60604.5728,6242271.0,2010,2015,5560320.0,6031784.0,471464.0
409,S239055,大庆德力戈尔工业园区,黑龙江省,大庆德力戈尔,省政府,工业园区,2012.11,390.93,畜产品加工、农副产品加工、新能源,124.496255,46.82862,124.489636,46.826618,黑龙江省大庆市杜尔伯特蒙古族自治县德力戈尔工业园区,住宅区,ok,681.124,8.3848,4.1361,38817.6483,0.0024,220.0,0.0,220.0,220.0,1557.0,22816.3774,2418536.0,22120.0,25707.6604,2725012.0,49501.0,30230.4434,3204427.0,69954.0,34003.6792,3604390.0,112384.0,42491.8585,4504137.0,2010,2015,3204427.0,3604390.0,399963.0
410,S239056,伊春市南岔新能源产业园,黑龙江省,伊春市南岔,省政府,工业园区,2013.08,214.95,农副食品加工、电力、木材加工,129.283584,47.139009,129.275964,47.1367,黑龙江省伊春市南岔县,区县,ok,917.994,29.5582,10.9428,38474.7352,19.5852,1188.0,975.0,213.0,-762.0,251930.0,22434.5189,2378059.0,254113.0,24014.7925,2545568.0,254300.0,25538.6038,2707092.0,254827.0,26512.566,2810332.0,257072.0,28138.4528,2982676.0,2010,2015,2707092.0,2810332.0,103240.0
413,S239059,嘉荫工业示范基地,黑龙江省,嘉荫,省政府,工业园区,2013.12,151.35,木制品加工,130.402406,48.888613,130.394002,48.886194,黑龙江省伊春市嘉荫县,区县,ok,1128.452,13.2092,1.466,10554.9851,17.966,453.0,235.0,218.0,-17.0,187953.0,9984.8962,1058399.0,246962.0,11848.4151,1255932.0,287561.0,13603.0849,1441927.0,309851.0,15130.4906,1603832.0,336031.0,18642.5472,1976110.0,2010,2015,1441927.0,1603832.0,161905.0
418,S239063,桦川工业示范基地,黑龙江省,桦川,省政府,工业园区,2010.03,150.57,农产品加工、机械、食品,130.71908,47.023001,130.711303,47.020749,黑龙江省佳木斯市桦川县,区县,ok,966.689,62.3468,38.0763,83120.4893,0.1652,84.0,13.0,71.0,58.0,385624.0,32011.2913,3297163.0,392579.0,36106.6505,3718985.0,395563.0,41548.3204,4279477.0,396821.0,44673.2621,4601346.0,397145.0,48136.0194,4958010.0,2010,2015,4279477.0,4601346.0,321869.0
419,S239064,汤原县工业园区,黑龙江省,汤原县,省政府,工业园区,2015.12,501.03,农副产品加工、建材、精细化工,129.904747,46.730623,129.897285,46.728704,黑龙江省佳木斯市汤原县,区县,ok,904.341,81.5305,23.4223,91206.2416,0.3581,588.0,154.0,434.0,280.0,373662.0,34465.0283,3653293.0,379326.0,39247.0472,4160187.0,387977.0,43069.066,4565321.0,393505.0,46148.1698,4891706.0,403850.0,52972.4528,5615080.0,2015,2020,4891706.0,5615080.0,723374.0
422,S239065,抚远中俄沿边开放示范区,黑龙江省,抚远中俄沿边开放示范区,省政府,工业园区,2010.09,14.06,农副产品加工、木材加工、建材,134.30786,48.365027,134.300139,48.362616,黑龙江省佳木斯市抚远市,区县,city_only,1255.589,22.4083,13.5075,31864.2157,22.1302,1445.0,571.0,874.0,303.0,332059.0,12003.3529,1224342.0,347839.0,14247.8235,1453278.0,352793.0,17736.0588,1809078.0,357250.0,19973.8333,2037331.0,371257.0,21868.8235,2230620.0,2010,2015,1809078.0,2037331.0,228253.0
424,S239066,勃利工业园区,黑龙江省,勃利,省政府,工业园区,2014.11,528.14,食品、电力、煤化工,130.592009,45.755856,130.584766,45.753832,黑龙江省七台河市勃利县,区县,ok,851.051,44.8611,28.717,127733.0332,0.9482,744.0,234.0,510.0,276.0,314878.0,50559.5347,5106513.0,329926.0,55881.2574,5644007.0,340883.0,61339.4752,6195287.0,349896.0,65180.099,6583190.0,355978.0,71564.3366,7227998.0,2010,2015,6195287.0,6583190.0,387903.0
428,S239069,宁安工业示范基地,黑龙江省,宁安,省政府,工业园区,2011.01,457.15,食品、建材、物流,129.482505,44.340617,129.475228,44.338381,黑龙江省牡丹江市宁安市,区县,ok,676.119,61.6788,29.3631,186661.1814,1.1997,138.0,97.0,41.0,-56.0,315964.0,46872.217,4968455.0,332781.0,54428.6321,5769435.0,338631.0,60261.2453,6387692.0,341889.0,64732.2925,6861623.0,346452.0,74053.0377,7849622.0,2010,2015,6387692.0,6861623.0,473931.0
433,S239070,孙吴工业示范基地,黑龙江省,孙吴,省政府,工业园区,2016.04,154.73,食品、乳制品加工,127.336163,49.425645,127.328818,49.423374,黑龙江省黑河市孙吴县,区县,ok,1029.494,24.3997,9.3363,59481.7062,1.6673,641.0,246.0,395.0,149.0,434803.0,26143.3398,2692764.0,440120.0,30697.534,3161846.0,440999.0,36946.1748,3805456.0,443708.0,41436.8738,4267998.0,455484.0,49628.6796,5111754.0,2015,2020,4267998.0,5111754.0,843756.0
435,S239072,五大连池矿泉工业园区,黑龙江省,五大连池矿泉,省政府,工业园区,2013.09,103.82,矿泉产品、农副产品加工,126.205446,48.517342,126.198611,48.515221,黑龙江省黑河市五大连池市,区县,ok,902.85,53.8563,14.8275,56863.418,0.3152,79.0,43.0,36.0,-7.0,99596.0,18430.0857,1935159.0,105587.0,20617.6762,2164856.0,117135.0,24602.619,2583275.0,126734.0,27087.5524,2844193.0,139323.0,30835.4762,3237725.0,2010,2015,2583275.0,2844193.0,260918.0
437,S239074,兰西工业示范基地,黑龙江省,兰西,省政府,工业园区,2011.08,137.0,纺织,126.287734,46.252966,126.281367,46.250996,黑龙江省绥化市兰西县,区县,ok,737.129,39.8361,20.6198,122955.6066,0.1471,134.0,47.0,87.0,40.0,318351.0,34207.2897,3660180.0,325688.0,41999.6262,4493960.0,337827.0,54006.5701,5778703.0,343200.0,61039.6262,6531240.0,345855.0,67278.3738,7198786.0,2010,2015,5778703.0,6531240.0,752537.0
440,S239077,明水工业示范基地,黑龙江省,明水,省政府,工业园区,2012.09,123.3,医药、化工、新能源,125.90601,47.173649,125.899528,47.171627,黑龙江省绥化市明水县,区县,ok,758.129,66.9085,23.7657,171374.8082,0.0443,459.0,0.0,459.0,459.0,291997.0,28606.8462,2975112.0,315678.0,33747.5385,3509744.0,358576.0,46246.2692,4809612.0,378222.0,53284.7788,5541617.0,383395.0,55965.5769,5820420.0,2010,2015,4809612.0,5541617.0,732005.0
445,S239081,呼玛工业示范基地,黑龙江省,呼玛,省政府,工业园区,2009.12,128.78,食品、农副产品加工,126.651856,51.725924,126.644748,51.724438,黑龙江省大兴安岭地区呼玛县,区县,ok,1247.253,19.222,14.5334,28412.8504,,,,,,84616.0,15872.8119,1603154.0,109647.0,20984.7129,2119456.0,116514.0,22811.3069,2303942.0,119500.0,23701.7327,2393875.0,120708.0,24357.4059,2460098.0,2000,2010,2119456.0,2303942.0,184486.0
446,S239082,塔河工业示范基地,黑龙江省,塔河,省政府,工业园区,2013.11,112.97,林木产品加工、食品、林下资源加工,124.709733,52.334512,124.702015,52.333105,黑龙江省大兴安岭地区塔河县,区县,ok,1278.564,34.0601,19.4625,60995.3751,,,,,,346367.0,24296.0561,2599678.0,348740.0,26762.7103,2863610.0,348740.0,28297.9439,3027880.0,348812.0,29155.8598,3119677.0,349163.0,30115.6542,3222375.0,2010,2015,3027880.0,3119677.0,91797.0
447,S239083,漠河工业示范基地,黑龙江省,漠河,省政府,工业园区,2013.11,180.81,林下资源加工,122.539313,52.972465,122.532287,52.970954,黑龙江省大兴安岭地区漠河市,区县,ok,1332.225,22.7212,14.3116,25360.1478,,,,,,248494.0,13359.4519,1389383.0,284225.0,15856.2981,1649055.0,302665.0,19075.5192,1983854.0,312081.0,20656.1923,2148244.0,318153.0,21306.6635,2215893.0,2010,2015,1983854.0,2148244.0,164390.0
452,S319001,上海市北工业园区,上海市,市北,省政府,工业园区,1996.09,129.7,软件、信息技术、检验检测,121.427647,31.303846,121.423007,31.305664,上海市宝山区上海市北工业园区,住宅区,ok,12.392,114.8046,188.658,2005434.1131,0.0362,9.0,0.0,9.0,9.0,362290.0,246298.0909,24383511.0,389365.0,309156.1414,30606458.0,390989.0,320753.1616,31754563.0,391946.0,327510.9293,32423582.0,393479.0,336339.9394,33297654.0,1990,2000,24383511.0,30606458.0,6222947.0
456,S319003,上海新杨工业园区,上海市,新杨,省政府,工业园区,2006.03,92.36,新材料、环保,121.361262,31.287368,121.356644,31.289212,上海市普陀区新杨工业园区,住宅区,ok,17.529,127.3499,125.2643,1287717.1743,0.0708,59.0,0.0,59.0,59.0,88715.0,126193.4444,12493151.0,137067.0,221198.0,21898602.0,146831.0,260870.9394,25826223.0,151450.0,280730.3737,27792307.0,155003.0,287880.9091,28500210.0,2000,2010,21898602.0,25826223.0,3927621.0
460,S319013,上海莘庄工业园区,上海市,莘庄,省政府,工业园区,2006.08,1640.54,微电子、机械、新材料,121.380181,31.073279,121.375555,31.075206,上海市闵行区莘庄工业园区,住宅区,ok,32.75,122.8206,81.6211,762912.2432,0.0817,6.0,0.0,6.0,6.0,37418.0,46772.3654,4864326.0,222610.0,143683.1058,14943043.0,293279.0,208548.5288,21689047.0,328887.0,241264.0481,25091461.0,340930.0,250917.9135,26095463.0,2000,2010,14943043.0,21689047.0,6746004.0
462,S319004,上海宝山工业园区,上海市,宝山,省政府,工业园区,2006.08,2328.65,金属制品、专用设备、电气机械器材,121.359523,31.31341,121.354906,31.315246,上海市宝山区工业园区,未知,ok,15.186,47.1825,93.7845,916275.0158,0.1105,67.0,0.0,67.0,67.0,30102.0,88757.5152,8786994.0,88643.0,166859.4444,16519085.0,122785.0,219799.2525,21760126.0,137242.0,247899.8182,24542082.0,141685.0,258203.0404,25562101.0,2000,2010,16519085.0,21760126.0,5241041.0
463,S319005,上海月杨工业园区,上海市,月杨,省政府,工业园区,2006.08,767.71,机械、汽车零部件、钢铁延伸加工,121.406536,31.409631,121.401869,31.4114,上海市宝山区月杨工业园区,住宅区,ok,4.348,45.1373,74.3878,707353.1595,0.1658,47.0,0.0,47.0,47.0,26405.0,109305.4369,11258460.0,136235.0,190090.6893,19579341.0,281262.0,241861.6019,24911745.0,339588.0,268185.0388,27623059.0,341160.0,277667.767,28599780.0,2000,2010,19579341.0,24911745.0,5332404.0
464,S319011,上海嘉定工业园区,上海市,嘉定,省政府,工业园区,2006.08,5275.69,汽车零配件、机械、电子,121.218119,31.419008,121.21366,31.420944,上海市嘉定区嘉定工业园区,住宅区,ok,13.763,47.273,40.8279,241823.6589,0.1991,123.0,0.0,123.0,123.0,14088.0,42317.0,4274017.0,45433.0,69498.3762,7019336.0,152378.0,122436.9802,12366135.0,208293.0,153002.901,15453293.0,232807.0,163439.4851,16507388.0,2000,2010,7019336.0,12366135.0,5346799.0
465,S319012,上海嘉定汽车产业园区,上海市,嘉定汽车,省政府,工业园区,2006.08,1888.58,汽车零配件、机械、电子,121.662692,31.278453,121.658416,31.28056,上海市浦东新区汽车产业园,住宅区,ok,3.639,124.816,69.6838,588967.3518,0.0672,33.0,0.0,33.0,33.0,56121.0,36898.9802,3726797.0,262105.0,111611.1782,11272729.0,307617.0,174734.495,17648184.0,330206.0,208814.3465,21090249.0,334074.0,220270.3465,22247305.0,2000,2010,11272729.0,17648184.0,6375455.0
467,S319019,上海浦东康桥工业园区,上海市,浦东康桥,省政府,工业园区,1994.08,2219.38,电子信息、汽车零配件、医疗,121.550889,31.151592,121.546629,31.153785,上海市浦东新区浦东镇康桥工业园区,住宅区,ok,21.394,44.2505,87.404,824481.4992,0.0452,7.0,0.0,7.0,7.0,53983.0,94177.0588,9606060.0,152999.0,178382.2647,18194991.0,239995.0,226565.0196,23109632.0,279646.0,250540.5,25555131.0,285898.0,258882.6863,26406034.0,1990,2000,9606060.0,18194991.0,8588931.0
468,S319020,上海南汇工业园区,上海市,南汇,省政府,工业园区,2006.03,820.0,船舶、汽车、新能源,121.723789,31.026957,121.719436,31.029094,上海市浦东新区南汇工业园区,住宅区,ok,16.886,37.7999,35.9221,239456.7037,0.095,9.0,0.0,9.0,9.0,16618.0,43928.0,4436728.0,54422.0,85393.7822,8624772.0,197955.0,137884.3366,13926318.0,267681.0,166581.5545,16824737.0,276726.0,177930.6238,17970993.0,2000,2010,8624772.0,13926318.0,5301546.0
469,S319008,上海浦东合庆工业园区,上海市,浦东合庆,省政府,工业园区,2006.03,451.56,信息技术、装备制造、新材料,121.692018,31.237994,121.68769,31.240064,上海市浦东新区浦东镇合庆工业园区,住宅区,ok,5.858,67.3767,61.9876,574191.4921,0.0654,25.0,0.0,25.0,25.0,92945.0,53574.8081,5303906.0,271928.0,121266.0505,12005339.0,300104.0,182389.7071,18056581.0,315245.0,213893.1111,21175418.0,323217.0,222820.0909,22059189.0,2000,2010,12005339.0,18056581.0,6051242.0
470,S319009,上海浦东空港工业园区,上海市,浦东空港,省政府,工业园区,2006.08,770.22,电子、机械、航空,121.544346,31.221461,121.540063,31.223606,上海市浦东新区,区县,ok,14.892,76.9388,163.3121,1559140.6089,0.0463,1.0,0.0,1.0,1.0,88279.0,189660.495,19155710.0,158165.0,248868.2277,25135691.0,173433.0,264505.8713,26715093.0,182546.0,272979.198,27570899.0,197575.0,280333.2475,28313658.0,2000,2010,25135691.0,26715093.0,1579402.0
473,S319023,上海金山工业园区,上海市,金山,省政府,工业园区,2006.08,2538.93,新材料、机电、食品,121.33773,30.849653,121.333198,30.851775,上海市金山区工业园区,未知,ok,11.949,44.6495,25.9568,126539.2665,0.8944,261.0,38.0,223.0,185.0,73512.0,11541.451,1177228.0,142273.0,22099.6373,2254163.0,198209.0,52718.7451,5377312.0,234591.0,73534.6569,7500535.0,235765.0,89266.451,9105178.0,2000,2010,2254163.0,5377312.0,3123149.0
474,S319024,上海枫泾工业园区,上海市,枫泾,省政府,工业园区,2006.08,871.28,新能源汽车、装备制造、新材料,121.052029,30.889976,121.047504,30.892052,上海市金山区枫泾工业园区,住宅区,ok,29.228,37.4628,20.8853,158707.2585,0.9343,182.0,2.0,180.0,178.0,556.0,13909.1154,1446548.0,908.0,25549.75,2657174.0,105947.0,54020.75,5618158.0,187180.0,72494.8173,7539461.0,212577.0,86004.5481,8944473.0,2000,2010,2657174.0,5618158.0,2960984.0
475,S319025,上海朱泾工业园区,上海市,朱泾,省政府,工业园区,2006.08,247.33,机械、新材料、纺织服装,121.222323,30.902055,121.217912,30.904246,上海市金山区朱泾工业园区,住宅区,ok,24.258,28.5415,25.3414,108537.2922,1.3153,436.0,3.0,433.0,430.0,3278.0,22661.3592,2334120.0,7811.0,36678.8835,3777925.0,141904.0,65887.8641,6786450.0,230150.0,83371.6214,8587277.0,288696.0,92534.2233,9531025.0,2000,2010,3777925.0,6786450.0,3008525.0
478,S319015,上海青浦工业园区,上海市,青浦,省政府,工业园区,2003.04,4042.87,精密机械、电子信息、印刷,121.123855,31.182869,121.119254,31.184745,上海市青浦区青浦工业园区,住宅区,ok,40.129,126.3696,51.5295,366632.3006,0.1465,219.0,0.0,219.0,219.0,112871.0,27836.74,2783674.0,198853.0,63712.73,6371273.0,282245.0,131749.04,13174904.0,330666.0,171799.03,17179903.0,331277.0,185596.09,18559609.0,2000,2010,6371273.0,13174904.0,6803631.0
479,S319016,上海西郊工业园区,上海市,西郊,省政府,工业园区,2006.08,1642.56,电子、汽车摩托车零部件、机械,121.377045,31.176044,121.372414,31.177919,上海市闵行区西郊村,村庄,ok,26.847,128.1064,164.5973,1697985.9106,0.1135,4.0,0.0,4.0,4.0,199475.0,189720.875,19730971.0,349723.0,276618.1346,28768286.0,356281.0,287660.2981,29916671.0,359238.0,293665.8077,30541244.0,360889.0,299001.2885,31096134.0,2000,2010,28768286.0,29916671.0,1148385.0
481,S319010,上海星火工业园区,上海市,星火,省政府,工业园区,1984.10,740.24,新材料、生物医药,121.486877,31.687568,121.482359,31.689455,上海市崇明区星火,兴趣点,ok,6.525,,9.4432,38670.0227,1.3395,330.0,0.0,330.0,330.0,2900.0,16935.8558,1761329.0,3603.0,25068.2212,2607095.0,5338.0,34390.2115,3576582.0,6675.0,39357.6058,4093191.0,6891.0,42309.1538,4400152.0,1990,1990,1761329.0,1761329.0,
483,S319022,上海奉城工业园区,上海市,奉城,省政府,工业园区,2006.03,161.83,机械、电子、金属制品,121.629173,30.917987,121.624981,30.920342,上海市奉贤区奉城工业园区,住宅区,ok,9.301,32.33,27.1763,147404.0388,0.2548,75.0,36.0,39.0,3.0,28517.0,27437.9901,2771237.0,72941.0,51024.2673,5153451.0,223707.0,88266.9208,8914959.0,300718.0,109343.099,11043653.0,310614.0,119304.4653,12049751.0,2000,2010,5153451.0,8914959.0,3761508.0
485,S319006,上海崇明工业园区,上海市,崇明,省政府,工业园区,1996.02,749.9,非金属矿物制品、金属制品、通用设备,121.386203,31.638328,121.381522,31.640074,上海市崇明区崇明工业园区,住宅区,ok,0.88,22.3464,23.9407,110558.2301,0.2327,109.0,0.0,109.0,109.0,18173.0,30680.3922,3129400.0,31675.0,51002.3039,5202235.0,142007.0,72397.2255,7384517.0,213750.0,84350.3039,8603731.0,290118.0,90275.2059,9208071.0,1990,2000,3129400.0,5202235.0,2072835.0
486,S319007,上海富盛工业园区,上海市,富盛,省政府,工业园区,2006.08,40.0,光电子、机械、船舶制造配套,121.473667,31.230525,121.469144,31.232467,上海市,省,ok,16.536,457.2792,349.5314,3590736.231,0.0656,1.0,0.0,1.0,1.0,242532.0,322622.6733,32584890.0,243910.0,325695.1584,32895211.0,245689.0,326811.7525,33007987.0,249229.0,328217.7327,33149991.0,263371.0,333035.099,33636545.0,2000,2010,32895211.0,33007987.0,112776.0
488,S329110,南京徐庄软件园,江苏省,南京徐庄软件园,省政府,工业园区,2017.08,332.85,软件信息、医疗健康,118.890183,32.087063,118.885156,32.089286,江苏省南京市玄武区南京徐庄软件园,住宅区,ok,69.053,95.4365,66.0915,439442.0926,7.6283,1439.0,841.0,598.0,-243.0,14024.0,40194.2549,4099814.0,42839.0,71237.0392,7266178.0,182067.0,120480.8529,12289047.0,274222.0,147465.4412,15041475.0,286450.0,154680.951,15777457.0,2015,2020,15041475.0,15777457.0,735982.0
494,S329004,南京化学工业园区,江苏省,南京,省政府,工业园区,1993.12,985.91,化工、钢铁、热电,118.814878,32.269568,118.809709,32.271708,江苏省南京市六合区化学工业园区,住宅区,ok,75.513,58.4533,53.8277,473953.0821,0.2014,63.0,0.0,63.0,63.0,65483.0,62104.0192,6458818.0,86696.0,77199.5096,8028749.0,143548.0,128045.0673,13316687.0,169482.0,154733.4327,16092277.0,173071.0,161621.5769,16808644.0,1990,2000,6458818.0,8028749.0,1569931.0
505,S329019,江苏宜兴陶瓷产业园区,江苏省,宜兴,省政府,工业园区,1993.12,275.77,机电、无机非金属、冶金,119.853552,31.276351,119.848818,31.278515,江苏省无锡市宜兴市江苏宜兴陶瓷产业园区,住宅区,ok,75.974,21.7544,23.22,201131.3707,0.5462,848.0,0.0,848.0,848.0,22703.0,43629.3922,4450198.0,48852.0,74551.1765,7604220.0,186348.0,102314.4902,10436078.0,278111.0,119204.1078,12158819.0,293427.0,131387.6765,13401543.0,1990,2000,4450198.0,7604220.0,3154022.0
506,S329021,江苏徐州工业园区,江苏省,徐州,省政府,工业园区,2006.04,397.9,机械、化工、家具,117.457746,34.401765,117.451809,34.402866,江苏省徐州市贾汪区徐州工业园区,住宅区,ok,163.542,7.0017,7.8739,64510.53,0.3927,66.0,1.0,65.0,64.0,58336.0,61363.7788,6381833.0,84935.0,74876.6442,7787171.0,165652.0,91749.0865,9541905.0,217667.0,105618.4808,10984322.0,277968.0,133395.2596,13873107.0,2000,2010,7787171.0,9541905.0,1754734.0
540,S329050,江苏海门工业园区,江苏省,海门,省政府,工业园区,2006.08,188.98,纺织、金属制品、仪器仪表,121.094463,31.965599,121.089783,31.967394,江苏省南通市海门区工业园区,未知,ok,17.131,29.6503,12.9924,95610.8248,0.3197,64.0,0.0,64.0,64.0,13126.0,29083.1939,2850153.0,97173.0,75943.449,7442458.0,222252.0,155545.9898,15243507.0,289746.0,195865.6429,19194833.0,295526.0,204157.2551,20007411.0,2000,2010,7442458.0,15243507.0,7801049.0
547,S329130,灌南工业园区,江苏省,灌南,省政府,工业园区,2005.08,375.68,金属精加工、装备制造、光电,118.006606,24.600094,118.001761,24.602917,福建省厦门市集美区灌南工业园区,住宅区,ok,2.575,133.1985,99.4183,654669.2717,0.5259,2379.0,24.0,2355.0,2331.0,115181.0,63149.9394,6251844.0,193146.0,100166.5354,9916487.0,244436.0,131722.3333,13040511.0,271677.0,148432.3232,14694800.0,286654.0,161496.6364,15988167.0,2000,2010,9916487.0,13040511.0,3124024.0
548,S329062,江苏连云港化工产业园区,江苏省,连云港,省政府,工业园区,2006.05,263.58,化工、钢铁、船舶,119.775327,34.474779,119.770078,34.475923,江苏省连云港市灌云县产业园区,住宅区,ok,2.049,9.599,9.3615,29956.9396,0.024,5.0,1.0,4.0,3.0,17539.0,3684.5922,379513.0,23754.0,4476.068,461035.0,76507.0,17102.8155,1761590.0,111409.0,26884.5631,2769110.0,132260.0,34284.7184,3531326.0,2000,2010,461035.0,1761590.0,1300555.0
550,S329064,江苏淮安工业园区,江苏省,淮安,省政府,工业园区,1995.10,425.55,新材料、节能环保、电子信息,119.026674,33.368903,119.021201,33.37038,江苏省淮安市淮安区淮安工业园区,住宅区,ok,125.532,,10.5744,36957.5082,0.8325,38.0,0.0,38.0,38.0,8595.0,4746.596,469913.0,10357.0,8050.899,797039.0,89551.0,22557.3535,2233178.0,147248.0,34528.1414,3418286.0,152665.0,47996.4242,4751646.0,1990,2000,469913.0,797039.0,327126.0
572,S329084,江苏扬州化学工业园区,江苏省,扬州,省政府,工业园区,2006.05,112.2,石化化工、精细化工,119.163389,32.257269,119.157976,32.259223,江苏省扬州市仪征市扬州化学工业园区,住宅区,ok,42.796,18.164,25.5965,196504.1365,0.1643,111.0,15.0,96.0,81.0,28433.0,64862.0673,6745655.0,81648.0,84245.6731,8761550.0,142899.0,122136.7115,12702218.0,170081.0,143303.2404,14903537.0,170339.0,150762.3365,15679283.0,2000,2010,8761550.0,12702218.0,3940668.0
575,S329089,江苏镇江京口工业园区,江苏省,镇江京口,省政府,工业园区,2006.04,398.71,新材料、新能源、木材加工、粮油加工,119.567802,32.146505,119.562818,32.148712,江苏省镇江市京口区京口工业园区,住宅区,ok,6.724,14.0962,15.78,131021.3514,0.8342,406.0,11.0,395.0,384.0,61496.0,41601.0962,4326514.0,79721.0,62371.6538,6486652.0,146595.0,100679.4615,10470664.0,192559.0,122406.5577,12730282.0,216229.0,130409.9712,13562637.0,2000,2010,6486652.0,10470664.0,3984012.0
581,S329096,江苏泰州海陵工业园区,江苏省,泰州海陵,省政府,工业园区,2006.04,120.77,光电子器件、机械、纺织服装,119.966152,32.477774,119.96136,32.479914,江苏省泰州市海陵区海陵工业园区,住宅区,ok,22.98,22.4364,23.5651,258321.0688,0.1246,322.0,0.0,322.0,322.0,11931.0,57077.9286,5593637.0,35809.0,100582.8673,9857121.0,129392.0,166151.7857,16282875.0,199081.0,204117.1837,20003484.0,217432.0,217776.7449,21342121.0,2000,2010,9857121.0,16282875.0,6425754.0
585,S329100,江苏江阴—靖江工业园区,江苏省,江阴—靖江,省政府,工业园区,2003.06,290.99,造船、炼钢、钢结构,120.292582,31.921628,120.28796,31.923578,江苏省无锡市江阴市靖江工业园区,住宅区,ok,1.002,50.4021,46.6912,367693.1422,0.3039,157.0,0.0,157.0,157.0,42599.0,83491.6019,8599635.0,125683.0,134541.9126,13857817.0,166913.0,181368.8835,18680995.0,185188.0,206137.1748,21232129.0,196108.0,213353.0485,21975364.0,2000,2010,13857817.0,18680995.0,4823178.0
591,S339004,杭州江东工业园区,浙江省,杭州江东,省政府,工业园区,2006.03,330.0,新材料、机械、电子,120.482846,30.345917,120.478442,30.348307,浙江省杭州市钱塘区江东工业园区,住宅区,ok,2.877,13.7429,12.2321,60964.7883,0.371,218.0,0.0,218.0,218.0,2061.0,13545.1262,1395148.0,12408.0,29882.0194,3077848.0,64299.0,54915.9612,5656344.0,109301.0,69493.3689,7157817.0,173400.0,78363.4757,8071438.0,2000,2010,3077848.0,5656344.0,2578496.0
597,S339014,宁波望春工业园区,浙江省,宁波望春,省政府,工业园区,2006.08,619.39,电子信息、新能源、新材料,121.457224,29.835723,121.452769,29.838056,浙江省宁波市海曙区宁波望春工业园区,住宅区,ok,28.168,38.8704,31.9473,270465.5346,0.3572,53.0,1.0,52.0,51.0,2440.0,26742.8155,2754510.0,17242.0,68705.9515,7076713.0,73742.0,120851.5922,12447714.0,112200.0,151606.2233,15615441.0,126338.0,162313.8932,16718331.0,2000,2010,7076713.0,12447714.0,5371001.0
599,S339013,宁波鄞州工业园区,浙江省,宁波鄞州,省政府,工业园区,2006.03,409.94,电气机械、仪器仪表、粉末冶金,121.60497,29.818338,121.600883,29.820974,浙江省宁波市鄞州区鄞州工业园区,住宅区,ok,19.39,47.7027,49.6504,456237.171,0.8337,123.0,10.0,113.0,103.0,26328.0,33296.5545,3362952.0,52769.0,89612.8713,9050900.0,191302.0,147442.1584,14891658.0,272329.0,180959.8614,18276946.0,293236.0,192035.2079,19395556.0,2000,2010,9050900.0,14891658.0,5840758.0
604,S339018,浙江余姚工业园区,浙江省,余姚,省政府,工业园区,2002.01,422.37,服装、装备制造、家用电器,121.149752,30.091568,121.14528,30.093882,浙江省宁波市余姚市工业园区,未知,ok,19.186,30.5107,33.6604,268879.3712,3.8323,993.0,28.0,965.0,937.0,33658.0,46324.3529,4725084.0,121773.0,89304.2941,9109038.0,299507.0,138260.902,14102612.0,381483.0,165747.4706,16906242.0,388032.0,174843.6569,17834053.0,2000,2010,9109038.0,14102612.0,4993574.0
606,S339021,浙江温州鹿城轻工产业园区,浙江省,温州鹿城轻工,省政府,工业园区,2006.03,664.99,装备制造、电子信息,120.553621,28.088741,120.549637,28.092135,浙江省温州市鹿城区轻工产业园区,住宅区,ok,2.34,68.6656,51.6206,145208.7878,17.3882,3458.0,401.0,3057.0,2656.0,53326.0,21075.4653,2128622.0,101326.0,39916.0495,4031521.0,196178.0,53740.7525,5427816.0,243687.0,60960.8812,6157049.0,245468.0,64479.8416,6512464.0,2000,2010,4031521.0,5427816.0,1396295.0
607,S339022,浙江温州滨海工业园区,浙江省,温州滨海,省政府,工业园区,2000.04,1706.12,装备制造、鞋服,120.814244,27.869329,120.810224,27.872613,浙江省温州市龙湾区滨海工业园区,住宅区,ok,3.09,153.1442,69.4509,440804.6185,0.4188,164.0,0.0,164.0,164.0,2834.0,39448.1068,4063155.0,80886.0,72258.4757,7442623.0,214982.0,96941.6602,9984991.0,275030.0,109720.3495,11301196.0,280801.0,115800.932,11927496.0,2000,2010,7442623.0,9984991.0,2542368.0
609,S339029,浙江永嘉工业园区,浙江省,永嘉,省政府,工业园区,2006.08,37.46,泵阀、鞋服、新材料,120.69136,28.153914,120.687304,28.157228,浙江省温州市永嘉县,区县,ok,12.656,117.956,58.6304,106003.719,23.5403,2793.0,51.0,2742.0,2691.0,241092.0,16542.1683,1670759.0,360319.0,26561.7129,2682733.0,382217.0,32536.0891,3286145.0,391052.0,35576.7624,3593253.0,391419.0,37067.0891,3743776.0,2000,2010,2682733.0,3286145.0,603412.0
611,S339030,浙江苍南工业园区,浙江省,苍南,省政府,工业园区,2006.03,241.05,仪器仪表、机械电子、印刷包装,120.456234,27.526346,120.451959,27.529417,浙江省温州市苍南县工业园区,未知,ok,14.984,,55.4928,339449.5737,2.2789,291.0,81.0,210.0,129.0,14384.0,22061.2574,2228187.0,41489.0,60723.7723,6133101.0,138582.0,91225.7921,9213805.0,190202.0,106851.6337,10792015.0,206865.0,113361.2772,11449489.0,2000,2010,6133101.0,9213805.0,3080704.0
614,S339026,浙江乐清工业园区,浙江省,乐清,省政府,工业园区,2006.08,44.26,电子元件、汽车配件、机械,121.020836,28.143245,121.016624,28.146434,浙江省温州市乐清市工业园区,未知,ok,2.597,,52.2455,152452.2694,3.5921,568.0,50.0,518.0,468.0,12138.0,29914.9902,3051329.0,34118.0,54060.6176,5514183.0,148675.0,69326.9608,7071350.0,222639.0,77394.2157,7894210.0,231552.0,80685.4902,8229920.0,2000,2010,5514183.0,7071350.0,1557167.0
615,S339032,浙江嘉兴工业园区,浙江省,嘉兴,省政府,工业园区,2006.03,779.99,信息技术、装备制造,120.842445,30.732377,120.838264,30.734803,浙江省嘉兴市南湖区嘉兴工业园区,住宅区,ok,25.089,35.7278,18.9933,150693.2223,0.3748,110.0,0.0,110.0,110.0,466.0,3456.11,345611.0,3191.0,10980.12,1098012.0,163847.0,55750.71,5575071.0,262388.0,89824.51,8982451.0,282536.0,109133.89,10913389.0,2000,2010,1098012.0,5575071.0,4477059.0
618,S339037,浙江海宁经编产业园区,浙江省,海宁经编,省政府,工业园区,2006.08,402.92,经编针织,120.671246,30.473164,120.667052,30.47567,浙江省嘉兴市海宁市经编产业园区,住宅区,ok,8.176,34.5896,28.3149,160290.9267,0.4414,642.0,0.0,642.0,642.0,5861.0,11946.1731,1242402.0,15587.0,33856.5769,3521084.0,134846.0,94120.5481,9788537.0,206949.0,129900.2115,13509622.0,237143.0,148380.7596,15431599.0,2000,2010,3521084.0,9788537.0,6267453.0
621,S339039,浙江桐乡濮院针织产业园区,浙江省,桐乡濮院针织,省政府,工业园区,2006.08,435.88,针织服装、机械,120.621699,30.66176,120.617572,30.664276,浙江省嘉兴市桐乡市濮院针织产业园区,住宅区,ok,28.623,50.4278,17.5719,182343.9732,0.4128,292.0,0.0,292.0,292.0,714.0,8336.4184,816969.0,38889.0,24076.398,2359487.0,240381.0,75442.1122,7393327.0,354870.0,111438.4388,10920967.0,386913.0,128292.8367,12572698.0,2000,2010,2359487.0,7393327.0,5033840.0
624,S339047,浙江德清工业园区,浙江省,德清,省政府,工业园区,2006.08,349.09,建材、装备制造、食品,120.28464,30.624112,120.280135,30.626454,浙江省湖州市德清县工业园区,未知,ok,29.932,23.606,8.0826,65154.0736,1.0201,78.0,6.0,72.0,66.0,15276.0,17880.5728,1841699.0,57569.0,29569.7476,3045684.0,142522.0,52853.0777,5443867.0,185559.0,65224.5728,6718131.0,187971.0,71545.8932,7369227.0,2000,2010,3045684.0,5443867.0,2398183.0
626,S339056,浙江绍兴滨海工业园区,浙江省,绍兴滨海,省政府,工业园区,2006.03,976.81,纺织、医药化工、金属机械,120.712641,30.224647,120.70839,30.227123,浙江省绍兴市柯桥区滨海工业园区,住宅区,ok,1.304,21.9931,15.308,30034.2344,0.7294,144.0,1.0,143.0,142.0,694.0,377.09,37709.0,8658.0,1914.27,191427.0,103193.0,16509.46,1650946.0,156193.0,27153.9,2715390.0,173013.0,32456.02,3245602.0,2000,2010,191427.0,1650946.0,1459519.0
629,S339059,浙江新昌工业园区,浙江省,新昌,省政府,工业园区,2006.08,117.09,生物医药、管型塑材、轴承,121.0031,29.460737,120.998849,29.463288,浙江省绍兴市新昌县工业园区,未知,ok,41.614,19.3612,13.5832,70592.0006,21.5176,2710.0,182.0,2528.0,2346.0,4064.0,6013.3824,613365.0,7898.0,10273.5196,1047899.0,36246.0,16548.0,1687896.0,59920.0,20599.0686,2101105.0,69084.0,23523.2647,2399373.0,2000,2010,1047899.0,1687896.0,639997.0
631,S339054,浙江诸暨珍珠产业园区,浙江省,诸暨珍珠,省政府,工业园区,2006.08,88.0,珍珠加工,120.238603,29.257681,120.234198,29.260371,浙江省金华市东阳市诸暨珍珠,兴趣点,ok,101.175,91.8569,53.5934,305107.3228,13.5439,2008.0,164.0,1844.0,1680.0,320280.0,34284.9608,3497066.0,420113.0,80366.9706,8197431.0,421681.0,115244.7353,11754963.0,422308.0,132522.5392,13517299.0,422308.0,135898.6275,13861660.0,2000,2010,8197431.0,11754963.0,3557532.0
637,S339070,浙江磐安工业园区,浙江省,磐安,省政府,工业园区,2006.08,67.43,塑料、汽车摩托车零配件、轻工产品,120.726236,29.216179,120.722049,29.218906,浙江省金华市磐安县浙江磐安工业园区,住宅区,ok,58.187,88.1535,41.2078,40053.9373,34.0091,8487.0,583.0,7904.0,7321.0,16698.0,3781.1735,370555.0,56232.0,5732.1224,561748.0,172749.0,10446.9694,1023803.0,234222.0,13357.2143,1309007.0,244770.0,15688.2143,1537445.0,2000,2010,561748.0,1023803.0,462055.0
639,S339067,浙江义乌工业园区,浙江省,义乌,省政府,工业园区,2006.08,487.06,纺织服装、工艺品,120.147065,29.39226,120.142421,29.394728,浙江省金华市义乌市义乌工业园区,住宅区,ok,89.142,44.4595,25.2586,152839.7636,7.8736,1849.0,55.0,1794.0,1739.0,16203.0,23403.6893,2410580.0,30703.0,44589.1359,4592681.0,59103.0,63999.2718,6591925.0,92516.0,73962.699,7618158.0,104498.0,77188.301,7950395.0,2000,2010,4592681.0,6591925.0,1999244.0
641,S339064,浙江东阳横店电子产业园区,浙江省,东阳横店电子,省政府,工业园区,2006.08,585.17,磁性材料、电子产品、红木家具,120.273764,29.167943,120.269382,29.170691,浙江省金华市东阳市横店镇电子产业园区,住宅区,ok,92.36,33.997,29.3026,138132.3506,12.9249,1243.0,102.0,1141.0,1039.0,27420.0,21181.1837,2075756.0,131638.0,53469.6429,5240025.0,220938.0,80180.8878,7857727.0,264538.0,93338.3265,9147156.0,266847.0,96431.5102,9450288.0,2000,2010,5240025.0,7857727.0,2617702.0
645,S339076,浙江常山工业园区,浙江省,常山,省政府,工业园区,2006.03,650.0,纺织、建材、轴承,118.453766,28.871521,118.44865,28.874413,浙江省衢州市常山县工业园区,未知,ok,220.578,15.4727,10.8063,46650.8404,13.5059,12474.0,277.0,12197.0,11920.0,996.0,6297.4563,648638.0,2457.0,10436.8058,1074991.0,34023.0,21284.699,2192324.0,49322.0,28035.0583,2887611.0,58001.0,30380.2136,3129162.0,2000,2010,1074991.0,2192324.0,1117333.0
646,S339077,浙江开化工业园区,浙江省,开,省政府,工业园区,2006.03,111.58,新材料、新能源、食品,118.386929,29.073372,118.381717,29.07605,浙江省衢州市开化县浙江开化工业园区,住宅区,ok,211.454,23.3004,18.7987,55343.5029,39.8248,23804.0,1728.0,22076.0,20348.0,7206.0,2999.7172,296972.0,24866.0,4977.8485,492807.0,74514.0,12941.4141,1281200.0,102357.0,18148.899,1796741.0,120892.0,23631.4242,2339511.0,2000,2010,492807.0,1281200.0,788393.0
647,S339078,浙江龙游工业园区,浙江省,龙游,省政府,工业园区,2006.03,658.52,特种纸、装备制造、家具,119.191087,29.083326,119.186018,29.086107,浙江省衢州市龙游县浙江龙游工业园区,住宅区,ok,154.514,18.3943,11.1495,67030.738,0.7622,2837.0,27.0,2810.0,2783.0,59631.0,30614.2143,3000193.0,139033.0,44541.398,4365057.0,202456.0,62642.1837,6138934.0,228006.0,71762.7551,7032750.0,228940.0,77207.1633,7566302.0,2000,2010,4365057.0,6138934.0,1773877.0
650,S339080,浙江定海工业园区,浙江省,定海,省政府,工业园区,2006.03,356.52,船舶、机械、粮油加工,121.999836,30.149311,121.99564,30.151747,浙江省舟山市定海区浙江定海工业园区,住宅区,ok,0.424,,19.9483,18811.2744,4.5811,1121.0,2.0,1119.0,1117.0,0.0,5761.55,576155.0,93.0,6956.05,695605.0,31011.0,14611.27,1461127.0,59306.0,20079.16,2007916.0,89357.0,24181.38,2418138.0,2000,2010,695605.0,1461127.0,765522.0
655,S339086,浙江路桥工业园区,浙江省,路桥,省政府,工业园区,2006.03,304.89,汽车摩托车零配件、金属制品、模塑,111.540671,32.314993,111.53489,32.317295,湖北省襄阳市谷城县浙江路桥,兴趣点,ok,759.337,7.069,6.6293,49918.4032,3.703,4124.0,59.0,4065.0,4006.0,1346.0,5974.5392,609403.0,1352.0,8513.4216,868369.0,1395.0,12949.2745,1320826.0,1470.0,16088.9902,1641077.0,1769.0,20997.0294,2141697.0,2000,2010,868369.0,1320826.0,452457.0
657,S339091,天台工业园区,浙江省,天台,省政府,工业园区,2006.03,125.0,汽车零部件、机械、橡胶塑料制品,116.212758,27.839373,116.207869,27.842613,江西省抚州市崇仁县天台工业园区,住宅区,ok,342.601,,18.4079,38859.068,1.2799,1745.0,24.0,1721.0,1697.0,24515.0,15471.47,1547147.0,27548.0,18387.48,1838748.0,57513.0,24290.52,2429052.0,79009.0,27546.6,2754660.0,127093.0,30318.12,3031812.0,2000,2010,1838748.0,2429052.0,590304.0
660,S339089,浙江温岭工业园区,浙江省,温岭,省政府,工业园区,2006.08,218.43,通用设备、汽车摩托车配件、制鞋,121.326787,28.40231,121.322478,28.405449,浙江省台州市温岭市温岭工业园区,住宅区,ok,7.155,41.8045,38.4428,217163.6156,16.7552,1351.0,109.0,1242.0,1133.0,20094.0,30262.0,2995938.0,58889.0,73228.6061,7249632.0,168536.0,108795.9697,10770801.0,226265.0,125845.5051,12458705.0,241635.0,128777.1414,12748937.0,2000,2010,7249632.0,10770801.0,3521169.0
662,S339084,浙江台州化学原料药产业园区,浙江省,台州化学原料药,省政府,工业园区,2006.03,394.1,医药化工、机电、汽车摩托车配件,121.324149,28.180893,121.319863,28.184056,浙江省台州市玉环市产业园区,住宅区,ok,1.451,20.8134,34.5481,114077.9839,7.1626,828.0,39.0,789.0,750.0,10282.0,17103.1485,1727418.0,30224.0,34986.8713,3533674.0,45662.0,49161.0792,4965269.0,60001.0,55774.2574,5633200.0,104713.0,57870.2475,5844895.0,2000,2010,3533674.0,4965269.0,1431595.0
664,S339095,浙江丽水工业园区,浙江省,丽水,省政府,工业园区,2006.08,40.49,鞋服、电气机械、通用设备,119.910033,28.453544,119.905628,28.456963,浙江省丽水市莲都区丽水工业园区,住宅区,ok,74.637,77.3566,30.6906,239172.0148,14.2357,2096.0,370.0,1726.0,1356.0,266889.0,22774.902,2323040.0,295922.0,45762.3725,4667762.0,302775.0,72135.8431,7357856.0,305718.0,87193.9412,8893782.0,306716.0,91619.8725,9345227.0,2000,2010,4667762.0,7357856.0,2690094.0
667,S339102,浙江遂昌工业园区,浙江省,遂昌,省政府,工业园区,2006.03,127.08,金属制品、竹木制品,119.363955,28.619124,119.358833,28.622141,浙江省丽水市遂昌县工业园区,未知,ok,130.54,15.4592,15.2801,31538.1982,29.3132,12632.0,1207.0,11425.0,10218.0,3067.0,6576.7059,670824.0,8397.0,9707.7843,990194.0,92505.0,16578.549,1691012.0,144530.0,20925.5098,2134402.0,177247.0,25599.2451,2611123.0,2000,2010,990194.0,1691012.0,700818.0
668,S339101,浙江松阳工业园区,浙江省,松阳,省政府,工业园区,2006.03,222.23,塑料制品、黑色金属冶炼压延加工、茶产品,119.469929,28.468234,119.464929,28.471383,浙江省丽水市松阳县工业园区,未知,ok,114.498,23.0813,16.2205,96203.9206,7.5874,5564.0,518.0,5046.0,4528.0,31940.0,21588.9406,2180483.0,91932.0,34316.5446,3465971.0,194214.0,51076.3366,5158710.0,248746.0,60469.0891,6107378.0,253665.0,65129.505,6578080.0,2000,2010,3465971.0,5158710.0,1692739.0
669,S339103,浙江云和工业园区,浙江省,云和,省政府,工业园区,2006.03,200.24,木制玩具、轴承及压延铸造,119.557731,28.094491,119.553066,28.097905,浙江省丽水市云和县工业园区,未知,ok,98.92,35.3306,29.2299,90378.7379,30.3718,12965.0,1156.0,11809.0,10653.0,16040.0,11367.8485,1125417.0,32420.0,20743.9596,2053652.0,144503.0,34204.9697,3386292.0,216415.0,42118.4949,4169731.0,225707.0,45305.303,4485225.0,2000,2010,2053652.0,3386292.0,1332640.0
670,S339100,浙江庆元工业园区,浙江省,庆元,省政府,工业园区,2006.08,26.48,竹木制品、农副产品加工、文具,118.942541,27.778518,118.93783,27.781891,浙江省丽水市庆元县工业园区,未知,ok,126.756,,14.9845,4989.8309,48.834,14059.0,910.0,13149.0,12239.0,4408.0,2650.8942,275693.0,6410.0,4022.9615,418388.0,8183.0,4485.125,466453.0,10369.0,4764.3462,495492.0,18832.0,5120.2885,532510.0,2000,2010,418388.0,466453.0,48065.0
679,S349007,安徽肥西桃花工业园区,安徽省,肥西桃花,省政府,工业园区,2006.02,1339.5,汽车及配套、家电及配套、智能装备,117.161932,31.784582,117.156363,31.786473,安徽省合肥市肥西县桃花镇,乡镇,ok,235.925,27.253,36.2947,344872.5385,0.0805,1348.0,86.0,1262.0,1176.0,8358.0,19756.48,1975648.0,20110.0,41379.77,4137977.0,147966.0,105461.44,10546144.0,214860.0,146028.17,14602817.0,224907.0,183519.65,18351965.0,2000,2010,4137977.0,10546144.0,6408167.0
688,S349086,安徽繁昌工业园区,安徽省,繁昌,省政府,工业园区,2006.08,600.29,装备制造、汽车零配件、食品、医药,118.198536,31.101766,118.193229,31.103853,安徽省芜湖市繁昌区,区县,ok,180.681,22.1201,11.518,114788.7779,12.1421,6508.0,364.0,6144.0,5780.0,5436.0,16027.4851,1618776.0,14458.0,21051.5545,2126207.0,86134.0,34865.4455,3521410.0,131680.0,43030.198,4346050.0,139882.0,45464.4455,4591909.0,2000,2010,2126207.0,3521410.0,1395203.0
689,S349063,安徽南陵工业园区,安徽省,南陵,省政府,工业园区,2006.02,785.01,装备制造、纺织服装、电子信息,118.25647,30.99165,118.251251,30.993845,安徽省芜湖市南陵县安徽南陵工业园区,住宅区,ok,185.272,14.5975,5.7728,12538.5527,11.2831,8000.0,711.0,7289.0,6578.0,34644.0,4419.6346,459642.0,46003.0,5159.5288,536591.0,57191.0,7413.7212,771027.0,62025.0,9027.1827,938827.0,64086.0,10889.1058,1132467.0,2000,2010,536591.0,771027.0,234436.0
691,S349021,安徽蚌埠工业园区,安徽省,蚌埠,省政府,工业园区,2006.02,265.46,新能源汽车、汽车零配件、电子电器,117.330564,32.971504,117.324826,32.973256,安徽省蚌埠市淮上区蚌埠工业园区,住宅区,ok,225.327,14.1556,20.4369,190819.5871,0.1618,301.0,11.0,290.0,279.0,6985.0,74056.3069,7479687.0,23434.0,89873.7822,9077252.0,292104.0,117648.5941,11882508.0,422788.0,133549.0594,13488455.0,445555.0,143567.604,14500328.0,2000,2010,9077252.0,11882508.0,2805256.0
697,S349087,安徽淮南现代煤化工产业园,安徽省,淮南现代煤,省政府,工业园区,2010.12,1070.97,煤气化工、煤制天然气、精细化工,116.893008,32.682757,116.887852,32.684968,安徽省淮南市潘集区安徽淮南现代煤化工产业园,村庄,ok,258.635,,29.4046,76628.456,0.1969,207.0,1.0,206.0,205.0,26539.0,20686.4412,2110017.0,47835.0,30014.2745,3061456.0,62864.0,43269.4412,4413483.0,72901.0,50853.8333,5187091.0,77065.0,57250.1275,5839513.0,2010,2015,4413483.0,5187091.0,773608.0
699,S349089,安徽寿县新桥国际产业园,安徽省,寿县新桥国际,省政府,工业园区,2011.01,2294.49,机械、农副产品加工、仓储物流,116.798203,32.545027,116.79294,32.547147,安徽省淮南市寿县,区县,ok,266.004,17.9461,14.1131,147750.4174,0.3423,426.0,6.0,420.0,414.0,8439.0,21852.4653,2207099.0,20121.0,29740.703,3003811.0,61645.0,46205.7129,4666777.0,90414.0,56337.8713,5690125.0,119059.0,59807.8317,6040591.0,2010,2015,4666777.0,5690125.0,1023348.0
703,S349056,安徽含山工业园区,安徽省,含山,省政府,工业园区,2006.02,215.09,机械、环保设备,117.958268,31.55969,117.952994,31.561787,安徽省马鞍山市含山县工业园区,未知,ok,171.528,11.3011,8.5619,35412.1897,3.3718,2258.0,153.0,2105.0,1952.0,18277.0,15216.8365,1582551.0,30384.0,18595.3077,1933912.0,126531.0,28217.9712,2934669.0,176930.0,33645.4712,3499129.0,186226.0,38459.0192,3999738.0,2000,2010,1933912.0,2934669.0,1000757.0
722,S349097,安徽黄山工业园区,安徽省,黄山,省政府,工业园区,2006.09,166.43,有色金属冶炼压延加工、生物医药,118.116289,30.284139,118.110865,30.286443,安徽省黄山市黄山区黄山工业园区,住宅区,ok,196.226,14.9107,8.2182,73577.121,34.7073,8459.0,661.0,7798.0,7137.0,9046.0,9863.1111,976448.0,13700.0,13898.7374,1375975.0,78726.0,26713.7374,2644660.0,112720.0,34106.3333,3376527.0,124846.0,37561.2222,3718561.0,2000,2010,1375975.0,2644660.0,1268685.0
728,S349102,苏滁现代产业园,安徽省,苏滁,省政府,工业园区,2012.08,3449.55,装备制造、新材料、电子信息,115.926059,31.748184,115.920963,31.750374,安徽省六安市金寨县金寨现代产业园,住宅区,ok,351.798,62.7524,48.1425,93733.5087,3.1777,9047.0,355.0,8692.0,8337.0,16189.0,6028.9423,627010.0,22383.0,9809.4904,1020187.0,93491.0,25514.5,2653508.0,139536.0,35792.9231,3722464.0,158358.0,48387.4423,5032294.0,2010,2015,2653508.0,3722464.0,1068956.0
731,S349104,安徽定远盐化工业园,安徽省,定远盐,省政府,工业园区,2010.12,1344.07,盐化工、精细化工、新材料,117.275328,32.554086,117.269754,32.556143,安徽省滁州市定远县盐化工业园,住宅区,ok,221.435,,11.0826,54360.2619,0.2127,196.0,3.0,193.0,190.0,7147.0,15949.6058,1658759.0,10219.0,21822.4615,2269536.0,25570.0,38924.7115,4048170.0,32546.0,49387.7981,5136331.0,36255.0,55161.9519,5736843.0,2010,2015,4048170.0,5136331.0,1088161.0
752,S349047,金寨现代产业园区,安徽省,金寨,省政府,工业园区,2012.07,142.0,机械、农副产品加工、电子信息,115.99289,31.745292,115.987647,31.74733,安徽省六安市金寨县现代产业园区,住宅区,ok,345.614,22.2081,19.4911,79133.861,2.3624,10561.0,526.0,10035.0,9509.0,3787.0,3903.8788,386484.0,9158.0,5493.4545,543852.0,15115.0,13571.697,1343598.0,29928.0,19865.8283,1966717.0,93210.0,30466.4343,3016177.0,2010,2015,1343598.0,1966717.0,623119.0
770,S359006,福建福州金山工业园区,福建省,福州金山,省政府,工业园区,2006.03,722.97,电子、服装、医药,118.981346,26.286887,118.97664,26.290213,福建省福州市闽侯县金山,村庄,ok,19.808,,9.2458,1553.2951,42.3382,12374.0,1376.0,10998.0,9622.0,2619.0,764.8416,77249.0,3212.0,1342.6238,135605.0,3253.0,1850.2079,186871.0,3278.0,2124.4257,214567.0,3331.0,2441.6139,246603.0,2000,2010,135605.0,186871.0,51266.0
773,S359002,福建闽侯青口汽车工业园区,福建省,闽侯青口汽车,省政府,工业园区,1998.03,883.44,汽车、机械、电子,119.36982,25.896441,119.364907,25.899296,福建省福州市闽侯县青口,住宅区,ok,4.615,32.4281,27.6181,128976.7342,7.6133,3158.0,0.0,3158.0,3158.0,44283.0,23957.9612,2467670.0,104484.0,53999.7864,5561978.0,170184.0,69655.7573,7174543.0,203402.0,77694.2718,8002510.0,216393.0,81065.4078,8349737.0,1990,2000,2467670.0,5561978.0,3094308.0
778,S359039,福建厦门同安工业园区,福建省,厦门同安,省政府,工业园区,2006.03,345.33,食品、医药、皮革、机械,118.128865,24.686286,118.123911,24.688963,福建省厦门市同安区同安工业园区,住宅区,ok,3.644,69.002,59.0032,401516.9931,1.6539,3452.0,402.0,3050.0,2648.0,28267.0,51991.6373,5303147.0,90990.0,97986.049,9994577.0,241933.0,139255.5,14204061.0,325497.0,161489.9706,16471977.0,326389.0,172688.0196,17614178.0,2000,2010,9994577.0,14204061.0,4209484.0
779,S359038,福建厦门翔安工业园区,福建省,厦门翔安,省政府,工业园区,2006.03,146.63,印刷包装、轻工纺织、电子,118.262156,24.647919,118.25744,24.650758,福建省厦门市翔安区翔安工业园区,住宅区,ok,5.845,,48.8523,277627.7801,0.3222,1367.0,15.0,1352.0,1337.0,72501.0,48631.767,5009072.0,92709.0,72524.4369,7470017.0,149966.0,100140.6505,10314487.0,190623.0,115836.9417,11931205.0,233143.0,128675.9223,13253620.0,2000,2010,7470017.0,10314487.0,2844470.0
792,S359020,福建泰宁工业园区,福建省,泰宁,省政府,工业园区,2006.03,105.26,酿酒、饮料、织纺服装,117.175448,26.900244,117.170319,26.90352,福建省三明市泰宁县,区县,ok,209.257,41.9531,25.5372,53066.3926,43.1128,37323.0,6756.0,30567.0,23811.0,179484.0,7891.0515,765432.0,207659.0,10051.0722,974954.0,216592.0,14453.268,1401967.0,221070.0,17442.0619,1691880.0,222191.0,19485.4124,1890085.0,2000,2010,974954.0,1401967.0,427013.0
795,S359070,福建泉港石化工业园区,福建省,泉港石,省政府,工业园区,2012.03,1916.57,石化,118.935521,25.200788,118.931014,25.20373,福建省泉州市泉港区石化工业园区,住宅区,ok,1.034,,31.2953,139357.8722,0.241,968.0,79.0,889.0,810.0,15924.0,56057.4948,5437577.0,18077.0,77435.732,7511266.0,21662.0,84887.299,8234068.0,24522.0,89103.0928,8643000.0,30500.0,93931.732,9111378.0,2010,2015,8234068.0,8643000.0,408932.0
797,S359032,福建惠安惠东工业园区,福建省,惠安惠东,省政府,工业园区,2006.08,329.32,鞋服箱包、纸制品、建材,118.877549,24.982553,118.873078,24.98553,福建省泉州市惠安县惠东工业园区,住宅区,ok,5.272,,21.1377,112536.8565,0.083,381.0,2.0,379.0,377.0,40123.0,62858.5354,6222995.0,67269.0,84060.6263,8322002.0,119646.0,99247.7172,9825524.0,147260.0,107631.596,10655528.0,177897.0,116510.6364,11534553.0,2000,2010,8322002.0,9825524.0,1503522.0
799,S359036,福建永春工业园区,福建省,永春,省政府,工业园区,1993.08,39.96,轻纺鞋服、机械、橡胶,118.29416,25.321849,118.289373,25.324605,福建省泉州市永春县,区县,ok,56.41,100.813,55.414,240773.6419,21.8801,14331.0,0.0,14331.0,14331.0,264853.0,19165.0926,2069830.0,331565.0,34278.8611,3702117.0,339274.0,44228.6204,4776691.0,343734.0,49875.75,5386581.0,350593.0,54020.1204,5834173.0,1990,2000,2069830.0,3702117.0,1632287.0
800,S359033,福建德化陶瓷产业园区,福建省,德化,省政府,工业园区,2006.03,113.34,陶瓷、商业物流、包装,118.241104,25.492102,118.236321,25.494924,福建省泉州市德化县,区县,ok,69.833,135.4829,91.3511,230935.6151,23.1913,26849.0,3076.0,23773.0,20697.0,163173.0,10062.6667,1026392.0,263569.0,23074.3725,2353586.0,266786.0,32290.2059,3293601.0,269901.0,38713.8039,3948808.0,279034.0,46277.6275,4720318.0,2000,2010,2353586.0,3293601.0,940015.0
807,S359046,福建诏安工业园区,福建省,诏安,省政府,工业园区,1992.08,147.13,食品、电子机械、纺织服装,117.162091,23.721467,117.157173,23.723936,福建省漳州市诏安县工业园区,未知,ok,8.17,95.9191,49.8823,249062.1011,2.0469,3672.0,0.0,3672.0,3672.0,64272.0,32283.0769,3357440.0,119662.0,43629.2596,4537443.0,133244.0,49897.3365,5189323.0,140674.0,53852.7019,5600681.0,149159.0,59504.5769,6188476.0,1990,2000,3357440.0,4537443.0,1180003.0
809,S359044,福建平和工业园区,福建省,平和,省政府,工业园区,2006.03,96.12,陶瓷、新材料、再生资源利用,117.471304,24.47869,117.466272,24.481442,福建省漳州市平和县工业园区,未知,ok,32.983,41.6899,13.9697,16009.2246,34.2368,32153.0,4517.0,27636.0,23119.0,12384.0,2903.3299,281623.0,24803.0,4044.8763,392353.0,153620.0,9652.4227,936285.0,226610.0,13531.8247,1312587.0,245537.0,17719.7938,1718820.0,2000,2010,392353.0,936285.0,543932.0
812,S359011,福建南平工业园区,福建省,南平,省政府,工业园区,2006.03,265.76,机电装备、纺织服装、林产化工,118.284833,26.523434,118.279968,26.526776,福建省南平市延平区南平工业园区,住宅区,ok,91.53,,29.657,18239.0466,33.3305,47486.0,8817.0,38669.0,29852.0,3564.0,5015.12,501512.0,3582.0,7651.53,765153.0,4094.0,10662.01,1066201.0,10171.0,13334.95,1333495.0,46668.0,19228.43,1922843.0,2000,2010,765153.0,1066201.0,301048.0
814,S359072,福建顺昌工业园区,福建省,顺昌,省政府,工业园区,2015.09,120.61,光机电、食品、生物,117.711988,26.715744,117.706927,26.719154,福建省南平市顺昌县顺昌工业园区,住宅区,ok,152.198,,31.3696,13237.9861,45.0959,27916.0,16381.0,11535.0,-4846.0,13871.0,2925.1667,298367.0,18971.0,3375.1667,344267.0,33021.0,4262.5196,434777.0,42065.0,4871.0196,496844.0,49192.0,5676.6667,579020.0,2015,2020,496844.0,579020.0,82176.0
815,S359012,福建浦城工业园区,福建省,浦城,省政府,工业园区,2006.03,113.33,生物制药、轻工轻纺、食品,118.531511,27.950542,118.52673,27.953889,福建省南平市浦城县工业园区,未知,ok,165.692,37.0579,29.8961,133515.8571,15.7265,21095.0,1430.0,19665.0,18235.0,4741.0,20378.2653,1997070.0,55021.0,29154.2551,2857117.0,119464.0,37467.3061,3671796.0,151920.0,42261.5714,4141634.0,167149.0,44450.7347,4356172.0,2000,2010,2857117.0,3671796.0,814679.0
816,S359013,福建光泽工业园区,福建省,光泽,省政府,工业园区,2006.03,125.3,食品、箱包、工艺品,117.333812,27.541061,117.328551,27.544184,福建省南平市光泽县,区县,ok,234.042,24.0447,6.8618,56020.0219,29.585,34182.0,4679.0,29503.0,24824.0,246767.0,13007.1275,1326727.0,259563.0,16348.2647,1667523.0,266051.0,22974.1471,2343363.0,268676.0,27065.2255,2760653.0,268816.0,29832.5196,3042917.0,2000,2010,1667523.0,2343363.0,675840.0
820,S359015,福建建瓯工业园区,福建省,建瓯,省政府,工业园区,2006.08,65.52,机械、林产品加工、农副产品加工,118.304712,27.023233,118.299784,27.026501,福建省南平市建瓯市,区县,ok,125.59,85.8877,28.6326,107057.1492,27.8429,20770.0,3224.0,17546.0,14322.0,82987.0,18913.7959,1853552.0,221957.0,28348.8061,2778183.0,234628.0,35026.6122,3432608.0,240469.0,38971.7755,3819234.0,244384.0,41833.398,4099673.0,2000,2010,2778183.0,3432608.0,654425.0
821,S359053,福建龙州工业园区,福建省,龙州,省政府,工业园区,2006.03,79.45,环保设备、机械,117.003037,25.127539,116.998212,25.130334,福建省龙岩市新罗区福建龙州工业园区,住宅区,ok,108.726,31.3393,20.4437,191393.6944,27.008,14196.0,3758.0,10438.0,6680.0,9799.0,43195.6238,4362758.0,46849.0,63496.3366,6413130.0,173014.0,75716.6634,7647383.0,242624.0,82320.9505,8314416.0,260667.0,86273.4059,8713614.0,2000,2010,6413130.0,7647383.0,1234253.0
822,S359050,福建永定工业园区,福建省,永定,省政府,工业园区,2006.08,473.76,光电信息、生物医药、新材料,116.887474,24.960271,116.882929,24.963278,福建省龙岩市永定区福建永定工业园区,住宅区,ok,107.065,34.4833,23.844,62733.5858,28.7707,12832.0,3817.0,9015.0,5198.0,47016.0,19141.6214,1971587.0,65894.0,24536.9903,2527310.0,99593.0,29761.8738,3065473.0,125776.0,32751.8058,3373436.0,134320.0,34869.9709,3591607.0,2000,2010,2527310.0,3065473.0,538163.0
823,S359051,福建上杭工业园区,福建省,上杭,省政府,工业园区,2006.08,90.0,金属制品、光电、轻纺,116.440176,25.04123,116.435385,25.043896,福建省龙岩市上杭县福建上杭工业园区,住宅区,ok,160.582,33.2977,15.3957,116960.8166,28.2033,11148.0,1232.0,9916.0,8684.0,12101.0,23335.2673,2356862.0,35057.0,32033.4752,3235381.0,69615.0,41366.9703,4178064.0,87274.0,46278.5644,4674135.0,94367.0,48467.3762,4895205.0,2000,2010,3235381.0,4178064.0,942683.0
824,S359054,福建武平工业园区,福建省,武平,省政府,工业园区,2006.08,87.01,不锈钢、农林产品加工、机械,116.111941,25.064325,116.107048,25.066963,福建省龙岩市武平县工业园区,未知,ok,175.887,,15.689,86430.5892,22.231,19283.0,2215.0,17068.0,14853.0,148.0,14187.5288,1475503.0,148.0,21195.8173,2204365.0,257.0,31815.6923,3308832.0,8995.0,37931.2115,3944846.0,57532.0,40828.3365,4246147.0,2000,2010,2204365.0,3308832.0,1104467.0
825,S359055,福建连城工业园区,福建省,连城,省政府,工业园区,2006.03,136.88,电子机械、生物制药、新材料,116.723831,25.717186,116.71912,25.720133,福建省龙岩市连城县福建连城工业园区,住宅区,ok,175.929,18.2618,22.4467,83030.27,18.1281,15200.0,330.0,14870.0,14540.0,5736.0,25888.3039,2640607.0,9174.0,32024.4804,3266497.0,18818.0,38933.8137,3971249.0,22842.0,42347.6275,4319458.0,25416.0,44246.5588,4513149.0,2000,2010,3266497.0,3971249.0,704752.0
826,S359052,福建漳平工业园区,福建省,漳平,省政府,工业园区,2006.03,86.04,轻纺、机械、竹木加工,117.426898,25.331003,117.421713,25.333631,福建省龙岩市漳平市工业园区,未知,ok,102.954,21.7254,18.3654,69531.4279,29.3979,22691.0,3531.0,19160.0,15629.0,92998.0,18006.6346,1872690.0,119211.0,23227.6923,2415680.0,139197.0,30171.2692,3137812.0,148041.0,34151.6442,3551771.0,150093.0,35945.3269,3738314.0,2000,2010,2415680.0,3137812.0,722132.0
829,S359063,福建古田工业园区,福建省,古田,省政府,工业园区,2006.03,45.13,食用菌加工,119.289769,26.641072,119.284936,26.644411,福建省宁德市古田县工业园区,未知,ok,25.539,24.0482,20.5955,9082.6358,33.6552,12600.0,394.0,12206.0,11812.0,42363.0,1524.96,152496.0,53048.0,1938.89,193889.0,74892.0,2640.02,264002.0,88634.0,3063.56,306356.0,111136.0,3694.81,369481.0,2000,2010,193889.0,264002.0,70113.0
830,S359061,福建屏南工业园区,福建省,屏南,省政府,工业园区,2006.03,69.25,化工、竹木加工、食品,118.985759,26.908256,118.980992,26.91164,福建省宁德市屏南县,区县,ok,59.558,75.8946,56.5535,67128.9951,35.3589,17088.0,1563.0,15525.0,13962.0,198997.0,7250.71,725071.0,231084.0,10816.32,1081632.0,239872.0,12882.58,1288258.0,244976.0,14149.02,1414902.0,246536.0,15770.15,1577015.0,2000,2010,1081632.0,1288258.0,206626.0
831,S359062,福建寿宁工业园区,福建省,寿宁,省政府,工业园区,2006.03,81.33,木竹品加工、电机电器、金属制品,119.585262,27.388278,119.580702,27.391675,福建省宁德市寿宁县福建寿宁工业园区,住宅区,ok,64.593,62.8361,43.7692,22541.1589,28.6967,11316.0,880.0,10436.0,9556.0,44143.0,1833.0,185133.0,74409.0,2770.5248,279823.0,109966.0,4167.8911,420957.0,133672.0,5143.2277,519466.0,137514.0,5903.802,596284.0,2000,2010,279823.0,420957.0,141134.0
832,S359065,福建周宁工业园区,福建省,周宁,省政府,工业园区,1995.12,26.01,铸造,119.338998,27.104797,119.33404,27.107967,福建省宁德市周宁县,区县,ok,42.799,67.3403,32.031,65727.5955,33.1097,8651.0,0.0,8651.0,8651.0,192486.0,10443.6429,1023477.0,309235.0,15105.9082,1480379.0,323731.0,17081.0102,1673939.0,329533.0,18179.4898,1781590.0,329545.0,18894.5816,1851669.0,1990,2000,1023477.0,1480379.0,456902.0
835,S359060,福建福鼎工业园区,福建省,福鼎,省政府,工业园区,2006.03,68.54,塑料制品、通用机械、食品,120.198022,27.296867,120.193687,27.300045,福建省宁德市福鼎市福建福鼎工业园区,住宅区,ok,0.326,55.2578,32.5485,173353.1047,17.7113,7399.0,769.0,6630.0,5861.0,16170.0,13290.5644,1342347.0,74476.0,25572.5941,2582832.0,134088.0,35739.5149,3609691.0,162719.0,41403.9604,4181800.0,166070.0,44904.2673,4535331.0,2000,2010,2582832.0,3609691.0,1026859.0
836,S369001,南昌昌南工业园区,江西省,南昌昌南,省政府,工业园区,2006.03,191.05,汽车零部件、医药、服装,115.93868,28.615704,115.933828,28.619078,江西省南昌市青云谱区昌南工业园区,住宅区,ok,415.647,66.9071,65.2011,591895.8091,0.0608,29.0,1.0,28.0,27.0,26959.0,104543.6436,10558908.0,143299.0,152860.7525,15438936.0,339806.0,206411.2772,20847539.0,428130.0,235786.0495,23814391.0,436951.0,249651.9109,25214843.0,2000,2010,15438936.0,20847539.0,5408603.0
837,S369002,南昌昌东工业区,江西省,南昌昌东,省政府,工业园区,2006.03,500.0,服装、电子信息、电商,115.964379,28.624588,115.959476,28.627903,江西省南昌市青山湖区昌东工业区,住宅区,ok,414.382,25.3736,54.0901,479130.4635,0.0782,24.0,2.0,22.0,20.0,31817.0,103036.3786,10612747.0,75301.0,151491.534,15603628.0,162036.0,200515.6019,20653107.0,202056.0,227311.6117,23413096.0,224292.0,240273.6893,24748190.0,2000,2010,15603628.0,20653107.0,5049479.0
838,S369005,江西新建长堎工业园区,江西省,新建长堎,省政府,工业园区,1997.11,1186.3,装备制造、食品、医药,115.733086,28.637007,115.727979,28.640222,江西省南昌市红谷滩区长堎工业园区,住宅区,ok,432.629,20.4463,17.5618,130132.9823,0.1301,7290.0,0.0,7290.0,7290.0,9351.0,9956.8283,985726.0,26100.0,14648.1212,1450164.0,169561.0,36151.5859,3579007.0,251073.0,51418.2828,5090410.0,291486.0,68311.2727,6762816.0,1990,2000,985726.0,1450164.0,464438.0
839,S369006,江西安义工业园区,江西省,安义,省政府,工业园区,2006.03,260.03,建材、纺织服装、精细化工,115.61245,28.847729,115.607489,28.850983,江西省南昌市安义县江西安义工业园区,住宅区,ok,456.583,17.7103,15.8075,64731.7673,1.2516,4547.0,69.0,4478.0,4409.0,17938.0,14659.7087,1509950.0,41738.0,21569.466,2221655.0,89477.0,36387.835,3747947.0,114019.0,46721.0097,4812264.0,125160.0,60030.3689,6183128.0,2000,2010,2221655.0,3747947.0,1526292.0
840,S369089,江西进贤产业园,江西省,进贤,省政府,工业园区,2016.02,1027.06,医疗器械、装备制造、电子信息,116.242468,28.377627,116.237572,28.380924,江西省南昌市进贤县,区县,ok,375.892,31.1382,19.254,154339.8251,0.1464,842.0,266.0,576.0,310.0,58646.0,38393.6634,3877760.0,77998.0,47317.6337,4779081.0,180955.0,68190.1188,6887202.0,232816.0,80158.8614,8096045.0,239170.0,90887.6535,9179653.0,2015,2020,8096045.0,9179653.0,1083608.0
841,S369021,江西景德镇陶瓷工业园区,江西省,景德镇陶瓷,省政府,工业园区,2006.03,646.41,陶瓷制品,117.185589,29.35189,117.180277,29.354492,江西省景德镇市浮梁县陶瓷工业园区,住宅区,ok,301.766,30.9392,26.7757,136502.6565,14.471,29237.0,2616.0,26621.0,24005.0,6166.0,12309.7451,1255594.0,13798.0,27550.6471,2810166.0,104231.0,50483.8137,5149349.0,146713.0,64493.5392,6578341.0,156938.0,72803.4216,7425949.0,2000,2010,2810166.0,5149349.0,2339183.0
842,S369020,江西乐平工业园区,江西省,乐平,省政府,工业园区,2006.03,321.37,精细化工,117.162288,28.963707,117.15697,28.966557,江西省景德镇市乐平市江西乐平工业园区,住宅区,ok,320.277,37.7614,32.2207,230023.8908,1.2406,2468.0,96.0,2372.0,2276.0,26811.0,55108.0196,5621018.0,157388.0,74861.2549,7635848.0,214333.0,100896.598,10291453.0,240514.0,114644.3235,11693721.0,250240.0,119851.1176,12224814.0,2000,2010,7635848.0,10291453.0,2655605.0
843,S369090,江西萍乡湘东产业园,江西省,萍乡湘东,省政府,工业园区,2016.02,438.27,工业陶瓷,113.733047,27.640075,113.727513,27.643352,江西省萍乡市湘东区,区县,ok,496.914,51.7607,26.6083,226968.6214,4.68,2957.0,1270.0,1687.0,417.0,81620.0,46768.8932,4817196.0,190462.0,70615.3592,7273382.0,239676.0,90168.2621,9287331.0,266387.0,101112.3204,10414569.0,276386.0,107999.3204,11123930.0,2015,2020,10414569.0,11123930.0,709361.0
844,S369023,江西莲花工业园区,江西省,莲花,省政府,工业园区,2006.03,166.7,特种材料、建材、矿产,113.944424,27.08791,113.939232,27.091405,江西省萍乡市莲花县江西莲花工业园区,住宅区,ok,436.397,22.2083,18.4826,60696.9401,15.5667,14529.0,1378.0,13151.0,11773.0,28447.0,24340.2,2434020.0,51251.0,31311.85,3131185.0,122693.0,40931.72,4093172.0,153552.0,46437.98,4643798.0,166448.0,51016.62,5101662.0,2000,2010,3131185.0,4093172.0,961987.0
845,S369024,江西芦溪工业园区,江西省,芦溪,省政府,工业园区,2006.03,88.35,电子陶瓷、机械、建材,114.009104,27.661807,114.003722,27.665049,江西省萍乡市芦溪县芦溪工业园区,住宅区,ok,500.227,,26.731,60786.2998,12.2462,12336.0,744.0,11592.0,10848.0,6916.0,19727.05,1972705.0,11038.0,30011.83,3001183.0,49170.0,47351.55,4735155.0,74925.0,57547.53,5754753.0,112419.0,65249.29,6524929.0,2000,2010,3001183.0,4735155.0,1733972.0
846,S369010,江西九江沙城工业园区,江西省,九江沙城,省政府,工业园区,2006.03,927.08,轻工、新材料、装备制造、电子电器,115.894225,29.57579,115.88931,29.578554,江西省九江市柴桑区沙城工业园区,住宅区,ok,416.957,16.3083,26.1442,119897.2973,11.009,9157.0,640.0,8517.0,7877.0,1540.0,22470.1881,2269489.0,3355.0,32896.1287,3322509.0,50006.0,49842.5149,5034094.0,99237.0,60123.5446,6072478.0,145645.0,66762.0297,6742965.0,2000,2010,3322509.0,5034094.0,1711585.0
847,S369011,江西武宁工业园区,江西省,武宁,省政府,工业园区,2006.05,215.93,绿色光电、矿产品加工、生物医药,115.138423,29.206929,115.13305,29.209572,江西省九江市武宁县江西武宁工业园区,住宅区,ok,517.534,11.1143,6.9297,70246.8376,27.0693,6129.0,212.0,5917.0,5705.0,8813.0,4146.1667,422909.0,17270.0,8878.1275,905569.0,131361.0,21612.5196,2204477.0,194644.0,29575.902,3016742.0,225144.0,35831.1863,3654781.0,2000,2010,905569.0,2204477.0,1298908.0
848,S369012,江西修水工业园区,江西省,修水,省政府,工业园区,2006.03,133.88,矿产品加工、机械电子、食品,114.546536,29.026166,114.541529,29.029239,江西省九江市修水县,区县,ok,551.348,108.9421,41.7217,164466.9258,30.6531,4766.0,228.0,4538.0,4310.0,7248.0,7811.7238,820231.0,32584.0,12746.2,1338351.0,116439.0,28778.581,3021751.0,163849.0,39129.2095,4108567.0,171680.0,45745.0381,4803229.0,2000,2010,1338351.0,3021751.0,1683400.0
850,S369014,江西德安工业园区,江西省,德安,省政府,工业园区,2006.03,133.0,轻纺、电子电器、汽车零配件,115.737345,29.396528,115.732175,29.399195,江西省九江市德安县工业园区,未知,ok,435.91,,13.3953,23562.3719,10.41,16778.0,335.0,16443.0,16108.0,3215.0,4810.8061,471459.0,4325.0,6876.5306,673900.0,6360.0,8540.1122,836931.0,8056.0,9783.1327,958747.0,13344.0,12447.949,1219899.0,2000,2010,673900.0,836931.0,163031.0
851,S369016,江西都昌工业园区,江西省,都昌,省政府,工业园区,2006.03,194.37,服装鞋帽、机械、农产品加工,116.212533,29.281529,116.20753,29.284233,江西省九江市都昌县工业园区,未知,ok,394.326,93.0702,28.1951,175514.3846,1.9538,3625.0,27.0,3598.0,3571.0,139043.0,27712.1569,2826640.0,288624.0,39568.7745,4036015.0,353115.0,50235.0882,5123979.0,378916.0,55733.8922,5684857.0,378916.0,59086.4216,6026815.0,2000,2010,4036015.0,5123979.0,1087964.0
853,S369018,江西彭泽工业园区,江西省,彭泽,省政府,工业园区,2006.03,1380.66,石化、机械,116.617984,29.946855,116.613171,29.949545,江西省九江市彭泽县工业园区,未知,ok,341.826,,19.7279,37936.6583,4.4673,2176.0,169.0,2007.0,1838.0,455.0,9054.1456,932577.0,602.0,12118.6311,1248219.0,2373.0,19339.0291,1991920.0,4223.0,24440.4175,2517363.0,12286.0,32089.9223,3305262.0,2000,2010,1248219.0,1991920.0,743701.0
856,S369015,江西庐山工业园区,江西省,庐山,省政府,工业园区,2006.03,233.26,石材、文体用品、汽车配件,116.045118,29.448225,116.039927,29.450733,江西省九江市庐山市,区县,ok,405.524,103.7054,56.5284,90954.1649,2.4179,1394.0,47.0,1347.0,1300.0,270077.0,16802.798,1663477.0,315076.0,23060.2222,2282962.0,325649.0,33221.1616,3288895.0,329881.0,38839.8182,3845142.0,329881.0,42974.5253,4254478.0,2000,2010,2282962.0,3288895.0,1005933.0
857,S369026,江西分宜工业园区,江西省,分宜,省政府,工业园区,2006.03,152.1,新材料、光电信息、机械装备,114.65708,27.802953,114.65218,27.806353,江西省新余市分宜县分宜工业园区,住宅区,ok,485.104,29.9448,17.7316,126000.9224,9.0613,7930.0,681.0,7249.0,6568.0,163012.0,25209.6238,2546172.0,243511.0,36630.6634,3699697.0,283835.0,51102.6931,5161372.0,300005.0,59565.3465,6016100.0,300187.0,63243.4257,6387586.0,2000,2010,3699697.0,5161372.0,1461675.0
858,S369029,江西余江工业园区,江西省,余江,省政府,工业园区,2006.03,122.61,铜材加工、眼镜、雕刻,116.824632,28.204837,116.819778,28.208229,江西省鹰潭市余江区工业园区,未知,ok,320.913,47.6496,19.8049,115699.9455,1.6453,3933.0,176.0,3757.0,3581.0,227946.0,19171.0891,1936280.0,316235.0,27582.9802,2785881.0,328619.0,37162.1287,3753375.0,333695.0,43702.2871,4413931.0,334318.0,51155.2772,5166683.0,2000,2010,2785881.0,3753375.0,967494.0
862,S369035,江西信丰工业园区,江西省,信丰,省政府,工业园区,2006.03,645.21,电子信息、食品、医药,114.910992,25.429974,114.906321,25.432997,江西省赣州市信丰县工业园区,未知,ok,278.198,49.1345,35.5351,150064.9064,1.2661,3925.0,109.0,3816.0,3707.0,54467.0,24560.9208,2480653.0,106605.0,33550.604,3388611.0,174773.0,48873.4554,4936219.0,215894.0,56444.7129,5700916.0,226449.0,59861.2376,6045985.0,2000,2010,3388611.0,4936219.0,1547608.0
863,S369036,江西大余工业园区,江西省,大余,省政府,工业园区,2006.03,200.0,有色金属、新材料、电子信息,114.358053,25.38301,114.352939,25.385698,江西省赣州市大余县大余工业园区,住宅区,ok,255.265,61.5606,33.9535,167798.0328,24.2968,30053.0,3295.0,26758.0,23463.0,106341.0,15046.3529,1534728.0,197192.0,22229.2843,2267387.0,231470.0,29478.0588,3006762.0,245838.0,33684.5,3435819.0,249116.0,38280.4314,3904604.0,2000,2010,2267387.0,3006762.0,739375.0
864,S369037,江西上犹工业园区,江西省,上犹,省政府,工业园区,2006.07,66.77,新材料、精密模具、数控机床,114.570732,25.77,114.566017,25.773155,江西省赣州市上犹县上犹工业园区,住宅区,ok,302.482,,94.1558,111198.0353,25.5398,21086.0,624.0,20462.0,19838.0,0.0,5301.099,535411.0,0.0,9965.2178,1006487.0,90778.0,17650.7525,1782726.0,155648.0,23501.7327,2373675.0,175588.0,29993.5446,3029348.0,2000,2010,1006487.0,1782726.0,776239.0
865,S369091,江西崇义产业园,江西省,崇义,省政府,工业园区,2016.05,147.66,矿产品深加工、食品、竹木加工,114.308135,25.682278,114.303073,25.68516,江西省赣州市崇义县,区县,ok,286.388,104.5395,72.9282,78179.0411,50.206,20831.0,13443.0,7388.0,-6055.0,9227.0,5644.3367,553145.0,63058.0,9662.0306,946879.0,128389.0,14416.6939,1412836.0,155032.0,17232.2041,1688756.0,161025.0,19454.8265,1906573.0,2015,2020,1688756.0,1906573.0,217817.0
866,S369038,江西安远工业园区,江西省,安远,省政府,工业园区,2006.07,464.13,电子、农产品加工、矿产品加工,115.393992,25.136855,115.388875,25.13949,江西省赣州市安远县,区县,ok,222.705,86.8598,57.5874,147769.3865,14.0559,25357.0,8423.0,16934.0,8511.0,284743.0,13699.0288,1424699.0,358965.0,22590.8846,2349452.0,377214.0,31779.9135,3305111.0,384833.0,37316.9038,3880958.0,385173.0,42100.1154,4378412.0,2000,2010,2349452.0,3305111.0,955659.0
867,S369040,江西定南工业园区,江西省,定南,省政府,工业园区,2006.03,332.48,电子、稀土,115.072887,24.775716,115.067844,24.77841,江西省赣州市定南县定南工业园区,住宅区,ok,208.143,24.4448,31.7497,104138.8539,12.0758,24125.0,1234.0,22891.0,21657.0,3856.0,6812.5,681250.0,8381.0,12776.44,1277644.0,85904.0,23468.55,2346855.0,130569.0,29810.91,2981091.0,147359.0,33895.7,3389570.0,2000,2010,1277644.0,2346855.0,1069211.0
868,S369041,江西全南工业园区,江西省,全南,省政府,工业园区,2006.03,146.62,矿产品加工、机械电子、新材料,114.530148,24.742353,114.525404,24.745313,江西省赣州市全南县,区县,ok,193.059,78.2636,67.2098,87171.0752,28.0234,12452.0,400.0,12052.0,11652.0,116842.0,9240.4804,942529.0,155909.0,12195.3824,1243929.0,185716.0,19790.7059,2018652.0,197700.0,24194.8725,2467877.0,198904.0,26330.7745,2685739.0,2000,2010,1243929.0,2018652.0,774723.0
869,S369042,江西宁都工业园区,江西省,宁都,省政府,工业园区,2006.03,490.33,轻纺服装、食品、矿产品加工,116.012107,26.409734,116.007238,26.413053,江西省赣州市宁都县工业园区,未知,ok,280.447,63.3562,62.3294,136376.7088,11.0856,6934.0,846.0,6088.0,5242.0,22453.0,11976.625,1245569.0,31335.0,17492.0096,1819169.0,47607.0,24976.1154,2597516.0,54199.0,29033.1827,3019451.0,55003.0,32854.7596,3416895.0,2000,2010,1819169.0,2597516.0,778347.0
870,S369043,江西于都工业园区,江西省,于都,省政府,工业园区,2006.03,1037.21,服装、机械电子、照明,115.380933,25.951619,115.375765,25.95454,江西省赣州市于都县江西于都工业园区,住宅区,ok,297.838,66.084,52.3195,295343.6012,3.9662,5401.0,162.0,5239.0,5077.0,32168.0,23135.0192,2406042.0,115436.0,33659.6154,3500600.0,239829.0,49422.8269,5139974.0,295728.0,57909.7788,6022617.0,299505.0,63635.2019,6618061.0,2000,2010,3500600.0,5139974.0,1639374.0
872,S369045,江西会昌工业园区,江西省,会昌,省政府,工业园区,2006.03,367.06,氟化工、生物制药、食品,115.809271,25.58734,115.804481,25.59028,江西省赣州市会昌县,区县,ok,241.375,58.0136,44.0477,220546.8831,11.1435,7008.0,277.0,6731.0,6454.0,22513.0,20565.604,2077126.0,66157.0,26422.1782,2668640.0,141763.0,33432.6436,3376697.0,184472.0,37255.4554,3762801.0,243336.0,41577.099,4199287.0,2000,2010,2668640.0,3376697.0,708057.0
873,S369092,江西寻乌产业园,江西省,寻乌,省政府,工业园区,2016.05,450.0,稀土、建材、食品,115.638534,24.969513,115.633833,24.972502,江西省赣州市寻乌县,区县,ok,194.394,96.6128,69.1818,112766.404,11.204,34095.0,20214.0,13881.0,-6333.0,18074.0,11589.37,1158937.0,38472.0,15709.86,1570986.0,118081.0,21279.95,2127995.0,162671.0,24533.44,2453344.0,185694.0,26546.44,2654644.0,2015,2020,2453344.0,2654644.0,201300.0
874,S369093,江西石城产业园,江西省,石城,省政府,工业园区,2016.03,324.91,矿产品加工、轻纺、机械电子,116.347611,26.31491,116.342747,26.318092,江西省赣州市石城县,区县,ok,251.538,111.507,83.2074,134712.7403,14.1495,6285.0,2825.0,3460.0,635.0,53220.0,14978.7476,1542811.0,90328.0,21331.301,2197124.0,171145.0,29029.0777,2989995.0,210074.0,33204.8641,3420101.0,221756.0,36803.7961,3790791.0,2015,2020,3420101.0,3790791.0,370690.0
875,S369066,江西吉州工业园区,江西省,吉州,省政府,工业园区,2006.03,804.26,电子通讯、装备制造,115.00906,27.160978,115.004014,27.164268,江西省吉安市吉州区工业园区,未知,ok,409.08,,20.0678,115209.3442,1.4179,4465.0,149.0,4316.0,4167.0,7980.0,31765.5769,3303620.0,8550.0,43479.4519,4521863.0,14732.0,60342.2404,6275593.0,31912.0,69365.9615,7214060.0,95197.0,73615.1827,7655979.0,2000,2010,4521863.0,6275593.0,1753730.0
877,S369070,江西吉水工业园区,江西省,吉水,省政府,工业园区,2006.03,707.9,食品、林产品加工、化工,115.129199,27.186547,115.123975,27.189691,江西省吉安市吉水县工业园区,未知,ok,403.045,45.8815,26.66,121462.9907,9.245,15177.0,661.0,14516.0,13855.0,111527.0,15378.94,1537894.0,212120.0,24268.91,2426891.0,238156.0,31029.96,3102996.0,248808.0,35225.37,3522537.0,249985.0,39627.56,3962756.0,2000,2010,2426891.0,3102996.0,676105.0
878,S369071,江西峡江工业园区,江西省,峡江,省政府,工业园区,2006.03,206.87,金属制品、生物医药、造纸,115.321179,27.5677,115.315996,27.57087,江西省吉安市峡江县工业园区,未知,ok,423.768,,30.5995,50305.6557,12.0235,12736.0,851.0,11885.0,11034.0,28250.0,10853.0891,1096162.0,49808.0,17863.1683,1804180.0,78834.0,23378.1089,2361189.0,92205.0,26934.604,2720395.0,98297.0,30613.0,3091913.0,2000,2010,1804180.0,2361189.0,557009.0
879,S369072,江西新干工业园区,江西省,新干,省政府,工业园区,2006.03,1189.85,机械、化工、轻工,115.381767,27.719522,115.376463,27.722604,江西省吉安市新干县江西新干工业园区,住宅区,ok,408.376,39.4416,24.8077,115678.4624,3.3128,5797.0,521.0,5276.0,4755.0,23366.0,18690.2885,1943790.0,106721.0,29868.1827,3106291.0,142960.0,40206.4038,4181466.0,158204.0,46254.2019,4810437.0,158911.0,50273.4327,5228437.0,2000,2010,3106291.0,4181466.0,1075175.0
880,S369073,江西永丰工业园区,江西省,永丰,省政府,工业园区,2006.03,462.44,循环经济、石材、生物医药,115.432954,27.272305,115.427701,27.275426,江西省吉安市永丰县工业园区,未知,ok,390.985,,41.4189,76624.9399,12.7771,21996.0,1672.0,20324.0,18652.0,1068.0,16627.3,1662730.0,1068.0,20521.92,2052192.0,1596.0,30679.26,3067926.0,21659.0,37060.17,3706017.0,123872.0,43214.2,4321420.0,2000,2010,2052192.0,3067926.0,1015734.0
881,S369074,江西泰和工业园区,江西省,泰和,省政府,工业园区,2006.03,363.29,电子信息、机械、食品,114.929478,26.845042,114.924688,26.848609,江西省吉安市泰和县工业园区,未知,ok,390.387,29.0052,21.242,81505.6992,3.1652,9906.0,76.0,9830.0,9754.0,45373.0,15085.3846,1568880.0,55505.0,22637.6635,2354317.0,88873.0,32216.6442,3350531.0,117912.0,38239.7115,3976930.0,189019.0,46259.9808,4811038.0,2000,2010,2354317.0,3350531.0,996214.0
882,S369075,江西遂川工业园区,江西省,遂川,省政府,工业园区,2006.03,567.29,林产品加工、电子信息、轻纺,114.571804,26.369285,114.567049,26.37281,江西省吉安市遂川县江西遂川工业园区,住宅区,ok,366.55,52.6521,42.7028,126870.1491,4.2665,8073.0,66.0,8007.0,7941.0,93661.0,27461.4242,2718681.0,138622.0,36541.0404,3617563.0,166148.0,48198.6364,4771665.0,178411.0,54432.2424,5388792.0,185151.0,58185.7172,5760386.0,2000,2010,3617563.0,4771665.0,1154102.0
883,S369076,江西万安工业园区,江西省,万安,省政府,工业园区,2006.03,456.45,电子信息、生物医药、有色金属加工,114.724631,26.460977,114.719711,26.464375,江西省吉安市万安县工业园区,未知,ok,380.455,,33.0445,75143.0928,9.8485,10465.0,105.0,10360.0,10255.0,19792.0,14132.78,1413278.0,22904.0,19133.83,1913383.0,65329.0,25678.37,2567837.0,95174.0,29410.52,2941052.0,135761.0,33766.24,3376624.0,2000,2010,1913383.0,2567837.0,654454.0
884,S369077,江西安福工业园区,江西省,安福,省政府,工业园区,2006.03,582.71,液压机电、食品、电子信息,114.680905,27.40734,114.675987,27.410686,江西省吉安市安福县工业园区,未知,ok,451.286,,21.5451,49165.959,15.6262,23013.0,946.0,22067.0,21121.0,323.0,10624.0,1051776.0,390.0,12980.2929,1285049.0,81125.0,23634.6768,2339833.0,135803.0,30123.6667,2982243.0,171806.0,34530.3636,3418506.0,2000,2010,1285049.0,2339833.0,1054784.0
885,S369078,江西永新工业园区,江西省,永新,省政府,工业园区,2006.03,435.71,皮制品、铜制品、纺织,114.320796,27.026315,114.315617,27.029597,江西省吉安市永新县工业园区,未知,ok,433.354,27.1027,20.5385,45554.2892,10.0562,14782.0,308.0,14474.0,14166.0,10608.0,14459.9505,1460455.0,21277.0,17603.0891,1777912.0,90129.0,26657.4653,2692404.0,131421.0,32207.8614,3252994.0,168231.0,37417.5941,3779177.0,2000,2010,1777912.0,2692404.0,914492.0
886,S369050,江西奉新工业园区,江西省,奉新,省政府,工业园区,2006.03,909.71,纺织服装、新材料、竹木加工,115.414197,28.67438,115.40881,28.677391,江西省宜春市奉新县工业园区,未知,ok,459.805,27.5244,18.1343,90308.752,1.8058,6550.0,309.0,6241.0,5932.0,4417.0,15613.8614,1577000.0,53637.0,22573.396,2279913.0,187210.0,40559.4554,4096505.0,273819.0,52803.8317,5333187.0,294737.0,64504.8713,6514992.0,2000,2010,2279913.0,4096505.0,1816592.0
887,S369051,江西万载工业园区,江西省,万载,省政府,工业园区,2006.03,107.34,食品、环保、电子,114.513858,28.142621,114.508814,28.145992,江西省宜春市万载县江西万载工业园区,住宅区,ok,522.94,,18.2761,89680.6702,13.2845,23595.0,747.0,22848.0,22101.0,2096.0,7840.2475,791865.0,2306.0,10742.1782,1084960.0,7026.0,21078.7822,2128957.0,20090.0,29096.3366,2938730.0,82208.0,40452.3564,4085688.0,2000,2010,1084960.0,2128957.0,1043997.0
888,S369052,江西上高工业园区,江西省,上高,省政府,工业园区,2006.03,250.6,食品、制鞋、机电,114.950158,28.255047,114.945221,28.258509,江西省宜春市上高县工业园区,未知,ok,472.942,17.7186,18.0692,93038.2852,4.8142,11505.0,1377.0,10128.0,8751.0,4522.0,21365.4752,2157913.0,24475.0,33192.4059,3352433.0,172253.0,51409.2673,5192336.0,266097.0,62192.2277,6281415.0,281965.0,69447.6733,7014215.0,2000,2010,3352433.0,5192336.0,1839903.0
889,S369053,江西宜丰工业园区,江西省,宜丰,省政府,工业园区,2006.03,299.98,新能源、食品、建材,114.86032,28.375173,114.855406,28.37864,江西省宜春市宜丰县工业园区,未知,ok,487.116,9.6218,10.5827,78206.1573,9.8989,17719.0,1387.0,16332.0,14945.0,1101.0,5124.5455,507330.0,1222.0,8064.3434,798370.0,11446.0,25275.6162,2502286.0,24640.0,37110.5657,3673946.0,66553.0,49987.8384,4948796.0,2000,2010,798370.0,2502286.0,1703916.0
890,S369054,江西靖安工业园区,江西省,靖安,省政府,工业园区,2006.07,66.63,竹木加工、有色金属、照明,115.382928,28.861911,115.37753,28.864799,江西省宜春市靖安县工业园区,未知,ok,474.904,27.9731,13.924,83015.1273,18.6219,11953.0,673.0,11280.0,10607.0,664.0,10704.8081,1059776.0,1766.0,16516.7172,1635155.0,47573.0,22844.8182,2261637.0,82678.0,27122.6162,2685139.0,95865.0,31128.1818,3081690.0,2000,2010,1635155.0,2261637.0,626482.0
891,S369094,江西丰城循环经济产业园,江西省,丰城循环,省政府,工业园区,2016.02,331.6,再生资源综合利用,115.777961,28.100798,115.772923,28.104123,江西省宜春市丰城市江西丰城循环经济产业园,住宅区,ok,394.266,47.4075,27.0986,55226.8619,1.0211,5638.0,1528.0,4110.0,2582.0,10967.0,15299.4904,1591147.0,28065.0,21002.2788,2184237.0,70197.0,30929.6538,3216684.0,90484.0,37329.7115,3882290.0,97091.0,45407.4231,4722372.0,2015,2020,3882290.0,4722372.0,840082.0
893,S369048,江西樟树工业园区,江西省,樟树,省政府,工业园区,2006.03,289.14,医药、食品、家具,115.476943,28.063782,115.471739,28.067024,江西省宜春市樟树市工业园区,未知,ok,417.455,29.2435,16.543,77603.3298,0.0388,118.0,0.0,118.0,118.0,51005.0,20532.87,2053287.0,77550.0,24691.19,2469119.0,135526.0,33625.56,3362556.0,170323.0,39846.51,3984651.0,218235.0,50021.05,5002105.0,2000,2010,2469119.0,3362556.0,893437.0
894,S369049,江西高安工业园区,江西省,高安,省政府,工业园区,2006.03,465.06,建材、光电、机电,115.366863,28.448054,115.361519,28.451186,江西省宜春市高安市,区县,ok,449.106,15.5508,19.2691,199300.7238,0.1485,2812.0,0.0,2812.0,2812.0,691.0,23404.9208,2363897.0,2796.0,39301.2277,3969424.0,3512.0,58410.0792,5899418.0,29001.0,70579.0891,7128488.0,163179.0,86820.6931,8768890.0,2000,2010,3969424.0,5899418.0,1929994.0
895,S369079,江西抚北工业园区,江西省,抚北,省政府,工业园区,2006.03,309.77,有色金属加工、非金属矿物制品、化工,116.294164,28.007541,116.289271,28.010798,江西省抚州市临川区抚北工业园区,住宅区,ok,346.484,36.3415,25.0636,105567.7463,1.6107,4147.0,83.0,4064.0,3981.0,28302.0,25042.4904,2604419.0,36093.0,30783.1058,3201443.0,150399.0,47527.9519,4942907.0,209673.0,56794.0962,5906586.0,218924.0,61007.1538,6344744.0,2000,2010,3201443.0,4942907.0,1741464.0
897,S369081,江西南城工业园区,江西省,南城,省政府,工业园区,2006.03,294.76,机械、食品、中医药、电子,116.637356,27.586039,116.632696,27.589429,江西省抚州市南城县工业园区,未知,ok,292.189,31.6962,30.9626,114066.0357,7.2043,4939.0,383.0,4556.0,4173.0,37145.0,21036.2673,2124663.0,64493.0,27238.8812,2751127.0,223840.0,46512.4356,4697756.0,300146.0,56425.1188,5698937.0,315848.0,59532.3267,6012765.0,2000,2010,2751127.0,4697756.0,1946629.0
898,S369082,江西黎川工业园区,江西省,黎川,省政府,工业园区,2006.03,261.72,陶瓷制品、合成革、制鞋,116.88632,27.257213,116.881611,27.260665,江西省抚州市黎川县工业园区,未知,ok,252.399,,54.5323,89705.6632,13.5543,24460.0,1911.0,22549.0,20638.0,5916.0,10319.0714,1011269.0,5949.0,13660.8265,1338761.0,7183.0,23544.6224,2307373.0,33474.0,31405.5,3077739.0,167457.0,42616.5306,4176420.0,2000,2010,1338761.0,2307373.0,968612.0
899,S369083,江西南丰工业园区,江西省,南丰,省政府,工业园区,2006.03,140.58,食品、酿酒、饮料、生物医药,116.533755,27.256674,116.529076,27.260047,江西省抚州市南丰县江西南丰工业园区,住宅区,ok,283.481,28.9035,22.1052,80860.9222,6.9411,7873.0,935.0,6938.0,6003.0,27381.0,11892.03,1189203.0,56216.0,18388.77,1838877.0,94674.0,31649.18,3164918.0,110633.0,38695.85,3869585.0,112956.0,42730.47,4273047.0,2000,2010,1838877.0,3164918.0,1326041.0
900,S369084,江西崇仁工业园区,江西省,崇仁,省政府,工业园区,2006.03,415.61,机械、生物医药、有色金属加工,116.134957,27.77031,116.129898,27.773408,江西省抚州市崇仁县工业园区,未知,ok,345.104,,22.3719,52305.5717,2.6714,8741.0,48.0,8693.0,8645.0,5661.0,13984.902,1426460.0,5888.0,16772.8627,1710832.0,46182.0,25331.4804,2583811.0,92444.0,31045.451,3166636.0,182716.0,38062.6275,3882388.0,2000,2010,1710832.0,2583811.0,872979.0
901,S369085,江西宜黄工业园区,江西省,宜黄,省政府,工业园区,2006.03,100.0,塑料制品、汽车零配件、造纸及纸制品,116.279755,27.684286,116.274904,27.687515,江西省抚州市宜黄县江西宜黄工业园区,住宅区,ok,327.949,74.0107,34.6677,61188.5752,15.1566,14171.0,349.0,13822.0,13473.0,2676.0,6423.24,642324.0,4218.0,8767.62,876762.0,80883.0,14869.01,1486901.0,139845.0,19389.89,1938989.0,165271.0,23490.51,2349051.0,2000,2010,876762.0,1486901.0,610139.0
902,S369086,江西金溪工业园区,江西省,金溪,省政府,工业园区,2006.03,260.48,化工、食品、纺织,116.763042,27.922306,116.758142,27.925582,江西省抚州市金溪县江西金溪工业园区,住宅区,ok,304.264,47.8922,32.9879,72276.4138,7.1354,13887.0,655.0,13232.0,12577.0,4173.0,12707.1078,1296125.0,7279.0,20723.6863,2113816.0,112502.0,36174.5196,3689801.0,184695.0,47045.4118,4798632.0,201201.0,56582.3529,5771400.0,2000,2010,2113816.0,3689801.0,1575985.0
903,S369088,江西广昌工业园区,江西省,广昌,省政府,工业园区,2006.03,300.0,电子信息、食品、机械,116.339849,26.872689,116.334958,26.875951,江西省抚州市广昌县江西广昌工业园区,住宅区,ok,304.241,50.2336,43.3907,128349.7888,4.8125,3688.0,94.0,3594.0,3500.0,35903.0,13785.7767,1419935.0,46175.0,19159.7087,1973450.0,71947.0,31045.6893,3197706.0,88096.0,37140.2621,3825447.0,101593.0,40691.3689,4191211.0,2000,2010,1973450.0,3197706.0,1224256.0
906,S369059,江西铅山工业园区,江西省,铅山,省政府,工业园区,2006.03,705.71,有色金属加工、化工,117.698088,28.283803,117.692923,28.287142,江西省上饶市铅山县工业园区,未知,ok,249.345,,73.951,175263.9429,8.2238,6153.0,79.0,6074.0,5995.0,267.0,23730.35,2373035.0,294.0,31831.26,3183126.0,7094.0,40161.79,4016179.0,17462.0,44698.63,4469863.0,40711.0,48159.84,4815984.0,2000,2010,3183126.0,4016179.0,833053.0
910,S369063,江西鄱阳工业园区,江西省,鄱阳,省政府,工业园区,2006.03,84.94,五金、纺织服装、粮食加工,116.691979,29.010013,116.687082,29.013002,江西省上饶市鄱阳县江西鄱阳工业园区,住宅区,ok,376.352,85.94,26.8784,192664.039,0.3957,2646.0,28.0,2618.0,2590.0,7666.0,32046.2308,3332808.0,50336.0,45386.0769,4720152.0,234239.0,65461.4808,6807994.0,326464.0,75236.9135,7824639.0,335571.0,78862.3654,8201686.0,2000,2010,4720152.0,6807994.0,2087842.0
912,S369065,江西婺源工业园区,江西省,婺源,省政府,工业园区,2006.03,96.08,旅游商品、鞋服家纺、家具,117.813342,29.253316,117.808152,29.25611,江西省上饶市婺源县工业园区,未知,ok,249.248,21.9413,22.9766,136113.6379,35.0294,10035.0,838.0,9197.0,8359.0,1975.0,6640.4706,677328.0,3939.0,13355.0588,1362216.0,50501.0,27095.1078,2763701.0,88662.0,35521.7549,3623219.0,111461.0,38486.8235,3925656.0,2000,2010,1362216.0,2763701.0,1401485.0
914,S379003,济南槐荫工业园区,山东省,济南槐荫,省政府,工业园区,2006.03,199.2,智能制造、小家电、新材料,116.935884,36.704287,116.930274,36.704162,山东省济南市槐荫区槐荫工业园区,住宅区,ok,191.491,25.3041,41.7178,375627.0658,0.6302,538.0,178.0,360.0,182.0,120429.0,127208.3529,12975252.0,319601.0,163059.4412,16632063.0,407344.0,211022.7451,21524320.0,443325.0,238472.9118,24324237.0,447747.0,260140.4804,26534329.0,2000,2010,16632063.0,21524320.0,4892257.0
915,S379004,济南新材料产业园区,山东省,济南,省政府,工业园区,2006.03,464.53,通用设备、化工,116.894768,36.793443,116.889203,36.793284,山东省济南市天桥区济南新材料产业园区,住宅区,ok,184.159,,9.1419,59092.977,0.922,1785.0,73.0,1712.0,1639.0,35981.0,21883.6263,2166479.0,40658.0,28130.4141,2784911.0,69014.0,43563.7879,4312815.0,104970.0,55420.4949,5486629.0,220855.0,74318.5354,7357535.0,2000,2010,2784911.0,4312815.0,1527904.0
918,S379008,山东平阴工业园区,山东省,平阴,省政府,工业园区,2006.03,383.48,装备制造、新能源、高性能功能材料,116.426318,36.255997,116.420522,36.255756,山东省济南市平阴县工业园区,未知,ok,256.79,17.1293,22.9829,131944.6173,0.3147,963.0,15.0,948.0,933.0,18886.0,51735.4554,5225281.0,37153.0,63853.1386,6449167.0,113182.0,79770.495,8056820.0,166291.0,90284.3762,9118722.0,196744.0,103833.3366,10487167.0,2000,2010,6449167.0,8056820.0,1607653.0
924,S379010,青岛城阳工业园区,山东省,青岛城阳,省政府,工业园区,2006.03,485.0,轨道交通设备、橡胶、化工,120.396255,36.307624,120.391096,36.307278,山东省青岛市城阳区,区县,ok,8.479,97.1282,48.6781,517204.5394,0.0074,7.0,0.0,7.0,7.0,19761.0,77226.1373,7877066.0,183898.0,135063.1176,13776438.0,214149.0,202824.9118,20688141.0,232472.0,241038.4216,24585919.0,263586.0,257499.598,26264959.0,2000,2010,13776438.0,20688141.0,6911703.0
933,S379024,山东齐鲁化学工业园区,山东省,齐鲁,省政府,工业园区,2003.04,816.97,石化、精细化工、化工新材料,118.205345,36.793374,118.199477,36.792969,山东省淄博市临淄区齐鲁化学工业园区,住宅区,ok,87.77,26.6278,14.6984,132608.8374,0.3866,642.0,0.0,642.0,642.0,119713.0,74277.13,7427713.0,158359.0,95275.41,9527541.0,251032.0,128866.57,12886657.0,335553.0,151139.39,15113939.0,343169.0,167799.47,16779947.0,2000,2010,9527541.0,12886657.0,3359116.0
937,S379026,山东桓台东岳氟硅材料产业园区,山东省,桓台东岳氟硅材料,省政府,工业园区,2006.08,256.15,氟硅材料、精细化工、装备制造,118.097923,36.959794,118.091796,36.959123,山东省淄博市桓台县,区县,ok,85.81,60.8075,14.7389,151015.1195,0.0858,39.0,20.0,19.0,-1.0,229535.0,57418.5098,5856688.0,378463.0,98476.0588,10044558.0,394678.0,126632.7059,12916536.0,406322.0,145663.4706,14857674.0,410383.0,157870.7941,16102821.0,2000,2010,10044558.0,12916536.0,2871978.0
958,S379047,山东莱州工业园区,山东省,莱州,省政府,工业园区,2006.08,263.2,黄金开采加工、生物育种,119.942057,37.178187,119.936842,37.177665,山东省烟台市莱州市,区县,ok,8.334,49.1051,15.5636,158125.8407,0.0174,200.0,3.0,197.0,194.0,407630.0,71415.2157,7284352.0,407746.0,99940.6471,10193946.0,407771.0,133673.6176,13634709.0,408229.0,153941.1176,15701994.0,410460.0,167819.8529,17117625.0,2000,2010,10193946.0,13634709.0,3440763.0
976,S379073,山东兖州工业园区,山东省,兖州,省政府,工业园区,2006.08,343.89,造纸、橡胶、装备制造,116.78365,35.551938,116.778075,35.552121,山东省济宁市兖州区,区县,ok,228.059,32.4604,20.4227,231695.8739,0.0764,988.0,3.0,985.0,982.0,9300.0,71029.3267,7173962.0,27327.0,92416.0396,9334020.0,80102.0,128642.3564,12992878.0,117720.0,152341.3465,15386476.0,152566.0,169667.7822,17136446.0,2000,2010,9334020.0,12992878.0,3658858.0
987,S379075,山东邹城工业园区,山东省,邹城,省政府,工业园区,2006.08,327.7,精细化工、新材料、生物医药,116.807923,35.335661,116.802402,35.336048,山东省济宁市邹城市工业园区,未知,ok,220.929,22.209,17.461,104015.062,0.0559,865.0,3.0,862.0,859.0,27184.0,16946.3942,1762425.0,39164.0,34655.6346,3604186.0,77064.0,47108.9327,4899329.0,107504.0,56517.8942,5877861.0,132812.0,70177.2788,7298437.0,2000,2010,3604186.0,4899329.0,1295143.0
995,S379094,山东文登工业园区,山东省,文登,省政府,工业园区,2006.08,400.0,装备制造、新材料、生物医药,122.08832,37.196032,122.083276,37.195123,山东省威海市文登区,区县,ok,21.396,27.8535,15.1728,144930.9177,0.2983,546.0,237.0,309.0,72.0,64280.0,42816.1359,4410062.0,99848.0,67591.2913,6961903.0,155533.0,99368.9612,10235003.0,181031.0,119548.9612,12313543.0,200386.0,129047.3981,13291882.0,2000,2010,6961903.0,10235003.0,3273100.0
997,S379092,山东荣成工业园区,山东省,荣成,省政府,工业园区,2006.08,132.22,农副食品、交通运输设备、海洋生物,122.439031,37.148221,122.434076,37.147363,山东省威海市荣成市工业园区,未知,ok,1.175,36.4378,20.2803,188120.1909,0.0286,230.0,49.0,181.0,132.0,31525.0,33201.9703,3353399.0,190967.0,57468.6931,5804338.0,298441.0,86797.4554,8766543.0,348754.0,105675.1683,10673192.0,355443.0,115918.505,11707769.0,2000,2010,5804338.0,8766543.0,2962205.0
1003,S379102,山东莱芜工业园区,山东省,莱芜,省政府,工业园区,2006.03,290.4,汽车零配件、橡胶轮胎、精细化工,117.675828,36.214895,117.669949,36.214899,山东省济南市莱芜区,区县,ok,165.881,30.2154,21.3411,237312.9313,0.0997,297.0,0.0,297.0,297.0,161900.0,98040.9314,10000175.0,311425.0,147751.7157,15070675.0,314658.0,191330.3333,19515694.0,319184.0,218016.3529,22237668.0,335105.0,236110.8529,24083307.0,2000,2010,15070675.0,19515694.0,4445019.0
1038,S379144,山东无棣工业园区,山东省,无棣,省政府,工业园区,2006.03,186.59,化工、轻工、机械,117.625846,37.770579,117.619884,37.769971,山东省滨州市无棣县,区县,ok,58.784,12.2311,7.0373,81224.6361,0.2232,39.0,11.0,28.0,17.0,1552.0,37134.2095,3899092.0,2400.0,56695.8857,5953068.0,25296.0,77631.1143,8151267.0,52726.0,92288.0381,9690244.0,69191.0,107534.2476,11291096.0,2000,2010,5953068.0,8151267.0,2198199.0
1042,S379153,山东定陶工业园区,山东省,定陶,省政府,工业园区,2006.03,299.82,农副产品加工、生物医药、机电,115.583172,35.105742,115.577644,35.106509,山东省菏泽市定陶区,区县,ok,330.005,13.2516,17.316,138355.1538,0.4728,751.0,0.0,751.0,751.0,0.0,28321.8155,2917147.0,1682.0,49364.1942,5084512.0,73988.0,78561.8447,8091870.0,134250.0,97728.699,10066056.0,231202.0,115001.1456,11845118.0,2000,2010,5084512.0,8091870.0,3007358.0
1043,S379149,山东曹县工业园区,山东省,曹县,省政府,工业园区,2006.03,299.9,农副产品加工、能源化工、生物医药,115.551974,34.884505,115.546411,34.885477,山东省菏泽市曹县工业园区,住宅区,ok,333.017,21.4293,17.7589,131416.015,0.3161,1574.0,0.0,1574.0,1574.0,18204.0,35751.3069,3610882.0,23392.0,53196.6535,5372862.0,113432.0,95079.7624,9603056.0,166180.0,119165.703,12035736.0,187775.0,132991.8416,13432176.0,2000,2010,5372862.0,9603056.0,4230194.0
1044,S379154,山东单县工业园区,山东省,单县,省政府,工业园区,2006.03,400.0,农产品加工、机械、循环经济,116.106396,34.779282,116.100667,34.780034,山东省菏泽市单县,区县,ok,282.702,52.2186,25.8486,236488.4397,0.186,860.0,1.0,859.0,858.0,87117.0,56405.1442,5866135.0,147591.0,87384.8846,9088028.0,258999.0,136477.9135,14193703.0,312957.0,163045.6538,16956748.0,319568.0,179650.5769,18683660.0,2000,2010,9088028.0,14193703.0,5105675.0
1045,S379148,山东成武工业园区,山东省,成武,省政府,工业园区,2006.03,397.27,机电、农副产品加工、医疗器械,115.929164,34.942314,115.923767,34.943245,山东省菏泽市成武县工业园区,未知,ok,298.555,24.0329,13.0096,135833.6689,0.2687,294.0,0.0,294.0,294.0,4983.0,35198.2816,3625423.0,12356.0,63446.6796,6535008.0,100997.0,94009.534,9682982.0,161115.0,111672.8155,11502300.0,174425.0,121348.6699,12498913.0,2000,2010,6535008.0,9682982.0,3147974.0
1046,S379151,山东巨野工业园区,山东省,巨野,省政府,工业园区,2006.03,297.68,煤电化工、建材、木材产品,116.111328,35.400653,116.105539,35.400758,山东省菏泽市巨野县工业园区,未知,ok,284.622,30.6277,19.87,174796.0169,0.072,340.0,0.0,340.0,340.0,11408.0,48617.6569,4959001.0,42973.0,65240.5294,6654534.0,167273.0,100047.5392,10204849.0,232334.0,122073.4216,12451489.0,252346.0,134331.1471,13701777.0,2000,2010,6654534.0,10204849.0,3550315.0
1047,S379152,山东郓城工业园区,山东省,郓城,省政府,工业园区,2006.03,351.95,纺织、机械、包装,115.982874,35.579315,115.977294,35.579526,山东省菏泽市郓城县工业园区,未知,ok,299.463,11.0502,15.3443,143959.7571,0.2131,264.0,4.0,260.0,256.0,12959.0,44808.8627,4570504.0,24726.0,64780.9608,6607658.0,205558.0,114388.0588,11667582.0,305033.0,145174.3333,14807782.0,332984.0,168102.7157,17146477.0,2000,2010,6607658.0,11667582.0,5059924.0
1048,S379150,山东鄄城工业园区,山东省,鄄城,省政府,工业园区,2006.03,399.93,纺织、医药化工、农副产品加工,115.555452,35.553499,115.54983,35.553828,山东省菏泽市鄄城县鄄城工业园区,住宅区,ok,364.4,28.7943,19.7608,158600.5808,0.2395,236.0,0.0,236.0,236.0,23184.0,31510.9515,3245628.0,42444.0,52314.3107,5388374.0,155686.0,87491.3398,9011608.0,225491.0,110696.534,11401743.0,247399.0,131051.1068,13498264.0,2000,2010,5388374.0,9011608.0,3623234.0
1049,S379155,山东东明工业园区,山东省,东明,省政府,工业园区,2006.03,297.6,建材、家居,115.107402,35.275664,115.101427,35.275899,山东省菏泽市东明县,区县,ok,412.71,18.0806,21.7159,209363.0626,0.197,429.0,0.0,429.0,429.0,123144.0,56145.76,5614576.0,148363.0,75916.31,7591631.0,270456.0,104877.98,10487798.0,344333.0,122995.2,12299520.0,379208.0,136296.36,13629636.0,2000,2010,7591631.0,10487798.0,2896167.0
1050,S419024,郑州马寨产业集聚区,河南省,郑州马寨,省政府,工业园区,2010.12,891.5,食品、装备制造,113.321922,34.5569,113.315523,34.558005,河南省郑州市新密市马寨,村庄,ok,578.894,10.6458,16.29,122907.8777,0.4098,806.0,13.0,793.0,780.0,13285.0,27642.6373,2819549.0,61693.0,54261.1569,5534638.0,93832.0,70140.2941,7154310.0,111169.0,77885.9314,7944365.0,113676.0,82172.6471,8381610.0,2010,2015,7154310.0,7944365.0,790055.0
1053,S419026,郑州中牟汽车产业集聚区,河南省,郑州中牟汽车,省政府,工业园区,2016.04,820.23,汽车及零配件,114.008746,34.690298,114.00273,34.691332,河南省郑州市中牟县中牟汽车产业集聚区,住宅区,ok,475.042,18.3729,23.703,166537.5755,0.0305,31.0,16.0,15.0,-1.0,50653.0,50502.86,5050286.0,59078.0,72263.94,7226394.0,194319.0,95301.81,9530181.0,273008.0,111241.29,11124129.0,329766.0,131640.95,13164095.0,2015,2020,11124129.0,13164095.0,2039966.0
1054,S419027,巩义市产业集聚区,河南省,巩义市,省政府,工业园区,2010.12,872.33,装备制造、铝加工,112.871367,34.682036,112.86537,34.683291,河南省郑州市巩义市产业集聚区,兴趣点,ok,597.195,44.408,25.5054,139029.8505,0.087,323.0,0.0,323.0,323.0,351810.0,57667.6569,5882101.0,388361.0,76544.4216,7807531.0,389912.0,97048.1176,9898908.0,390710.0,108039.0686,11019985.0,391603.0,116056.6078,11837774.0,2010,2015,9898908.0,11019985.0,1121077.0
1055,S419028,新郑市新港产业集聚区,河南省,新郑市新港,省政府,工业园区,2010.12,1147.2,粮油储运加工、电子,113.789093,34.380631,113.783008,34.381954,河南省郑州市新郑市产业集聚区,住宅区,ok,497.586,16.4259,17.0598,145844.4614,0.2278,492.0,4.0,488.0,484.0,75575.0,38191.9903,3933775.0,95558.0,63444.9223,6534827.0,195976.0,87699.5049,9033049.0,266921.0,103271.7767,10636993.0,288135.0,119220.3495,12279696.0,2010,2015,9033049.0,10636993.0,1603944.0
1056,S419029,登封市产业集聚区,河南省,登封市,省政府,工业园区,2010.12,356.35,铝加工、装备制造、新材料,113.12292,34.45573,113.116455,34.456821,河南省郑州市登封市产业集聚区,住宅区,ok,599.455,15.5282,16.1805,101208.9834,0.572,650.0,5.0,645.0,640.0,12942.0,19595.4554,1979141.0,35103.0,33494.9406,3382989.0,69333.0,50091.1881,5059210.0,87620.0,60863.6337,6147227.0,109015.0,74543.5743,7528901.0,2010,2015,5059210.0,6147227.0,1088017.0
1057,S419030,汴东产业集聚区,河南省,汴东,省政府,工业园区,2010.12,446.38,机械设备,114.432211,34.795673,114.426301,34.796457,河南省开封市顺河回族区汴东产业集聚区,住宅区,ok,435.676,,15.6805,154985.9993,0.2601,824.0,1.0,823.0,822.0,118792.0,114957.46,11495746.0,123087.0,131418.73,13141873.0,126044.0,144061.14,14406114.0,129718.0,151144.35,15114435.0,145932.0,157032.41,15703241.0,2010,2015,14406114.0,15114435.0,708321.0
1058,S419031,开封市精细化工产业集聚区,河南省,开封市精细,省政府,工业园区,2010.12,476.81,精细化工、新材料,114.411936,34.727551,114.406002,34.728386,河南省开封市禹王台区精细化工产业集聚区,住宅区,ok,437.991,22.6778,12.2309,113245.9123,0.1519,1591.0,1.0,1590.0,1589.0,51468.0,57525.068,5925082.0,79223.0,74623.0388,7686173.0,213423.0,90057.0194,9275873.0,268901.0,99578.6893,10256605.0,277914.0,108356.9903,11160770.0,2010,2015,9275873.0,10256605.0,980732.0
1059,S419032,开封黄龙产业集聚区,河南省,开封黄龙,省政府,工业园区,2010.12,365.07,农产品加工、物流,114.459517,34.717416,114.453689,34.718329,河南省开封市祥符区黄龙产业集聚区,住宅区,ok,433.654,15.2223,11.368,85521.3773,0.2064,1133.0,0.0,1133.0,1133.0,48399.0,42976.3663,4340613.0,51312.0,58236.1287,5881849.0,57701.0,73002.7228,7373275.0,60633.0,82115.4851,8293664.0,62740.0,89463.3564,9035799.0,2010,2015,7373275.0,8293664.0,920389.0
1060,S419033,杞县产业集聚区,河南省,杞县,省政府,工业园区,2010.12,1189.31,农副产品加工、新材料、新能源,114.782629,34.549731,114.777029,34.550917,河南省开封市杞县,区县,ok,404.954,67.0143,19.7309,223492.3518,0.1752,349.0,0.0,349.0,349.0,363175.0,42650.71,4265071.0,385745.0,72246.93,7224693.0,395449.0,95867.97,9586797.0,401041.0,110039.86,11003986.0,409592.0,121163.04,12116304.0,2010,2015,9586797.0,11003986.0,1417189.0
1061,S419034,通许县产业集聚区,河南省,通许县,省政府,工业园区,2010.12,886.31,机电、农副产品加工,114.49349,34.488085,114.487811,34.489282,河南省开封市通许县产业集聚区,住宅区,ok,431.966,18.5167,15.5689,135512.0205,0.24,663.0,1.0,662.0,661.0,776.0,35561.5842,3591720.0,1252.0,58039.6832,5862008.0,78579.0,80282.8515,8108568.0,132097.0,93834.8812,9477323.0,159689.0,101533.6139,10254895.0,2010,2015,8108568.0,9477323.0,1368755.0
1062,S419035,尉氏县产业集聚区,河南省,尉氏县,省政府,工业园区,2010.12,703.15,纺织、农副产品加工,114.19305,34.411437,114.18717,34.412653,河南省开封市尉氏县,区县,ok,460.269,53.2058,17.2096,189994.2688,0.4823,1581.0,4.0,1577.0,1573.0,358093.0,40107.8515,4050893.0,390358.0,65744.5545,6640200.0,391386.0,91659.3366,9257593.0,392167.0,107501.3168,10857633.0,393984.0,118953.7723,12014331.0,2010,2015,9257593.0,10857633.0,1600040.0
1063,S419036,兰考县产业集聚区,河南省,兰考县,省政府,工业园区,2010.12,1206.55,机械、农副产品加工,114.78634,34.789569,114.780721,34.790541,河南省开封市兰考县产业集聚区,住宅区,ok,403.58,14.5673,14.5093,150606.9992,0.3957,332.0,0.0,332.0,332.0,8796.0,43899.949,4302195.0,10998.0,54664.2959,5357101.0,23465.0,74333.2245,7284656.0,43433.0,88170.9796,8640756.0,110933.0,107713.9796,10555970.0,2010,2015,7284656.0,8640756.0,1356100.0
1064,S419003,河南洛阳工业园区,河南省,洛阳,省政府,工业园区,2003.04,1314.48,装备制造、新材料、生物,112.373414,34.702201,112.367103,34.703112,河南省洛阳市西工区洛阳工业园区,住宅区,ok,630.374,43.7063,33.8147,351808.4327,0.1025,126.0,0.0,126.0,126.0,52710.0,127660.2549,13021346.0,132593.0,164010.7157,16729093.0,230589.0,199082.2157,20306386.0,294879.0,218697.0,22307094.0,332717.0,235081.1471,23978277.0,2000,2010,16729093.0,20306386.0,3577293.0
1065,S419037,洛阳市石化产业集聚区,河南省,洛阳市石化,省政府,工业园区,2010.12,1296.67,石化、新能源,112.270296,34.557718,112.264185,34.558916,河南省洛阳市宜阳县产业集聚区,住宅区,ok,647.406,12.9754,15.5584,73778.0444,0.1482,309.0,10.0,299.0,289.0,20759.0,18112.6,1811260.0,44055.0,26978.56,2697856.0,88662.0,42144.16,4214416.0,119540.0,52399.9,5239990.0,171856.0,63378.51,6337851.0,2010,2015,4214416.0,5239990.0,1025574.0
1066,S419038,孟津县华阳产业集聚区,河南省,孟津县华阳,省政府,工业园区,2010.12,683.14,装备制造、新材料,112.555125,34.849357,112.54917,34.850427,河南省洛阳市孟津区华阳产业集聚区,住宅区,ok,607.044,12.1678,9.9209,44108.3196,0.1853,839.0,5.0,834.0,829.0,30471.0,19692.7184,2028350.0,48940.0,27590.4175,2841813.0,110279.0,37934.0777,3907210.0,157601.0,45004.6796,4635482.0,181144.0,53430.9612,5503389.0,2010,2015,3907210.0,4635482.0,728272.0
1067,S419039,新安县产业集聚区,河南省,新安县,省政府,工业园区,2010.04,1412.41,铝加工、新材料、仓储物流,112.13246,34.728909,112.126122,34.729805,河南省洛阳市新安县,区县,ok,648.609,57.1653,16.4085,115778.3554,0.225,616.0,7.0,609.0,602.0,7909.0,20109.23,2010923.0,140463.0,35155.21,3515521.0,270392.0,51741.66,5174166.0,327868.0,60985.19,6098519.0,345073.0,67809.15,6780915.0,2010,2015,5174166.0,6098519.0,924353.0
1068,S419040,栾川县产业集聚区,河南省,栾川县,省政府,工业园区,2010.12,148.41,旅游商品、轻工产品,111.713904,33.780388,111.707839,33.781926,河南省洛阳市栾川县产业集聚区,住宅区,ok,696.887,25.2342,14.625,63472.4024,36.6572,2682.0,351.0,2331.0,1980.0,4007.0,3215.3267,324748.0,7124.0,5401.5842,545560.0,37002.0,13678.9505,1381574.0,63988.0,18485.297,1867015.0,75811.0,20836.5842,2104495.0,2010,2015,1381574.0,1867015.0,485441.0
1069,S419041,嵩县产业集聚区,河南省,嵩县,省政府,工业园区,2010.12,292.29,矿产品加工、生物医药,112.085432,34.134639,112.079123,34.135883,河南省洛阳市嵩县,区县,ok,691.296,23.4248,12.397,131656.5457,0.7874,352.0,46.0,306.0,260.0,184913.0,12012.5588,1225281.0,378055.0,20995.7843,2141570.0,401551.0,35799.6373,3651563.0,412037.0,43661.8627,4453510.0,417460.0,47307.8824,4825404.0,2010,2015,3651563.0,4453510.0,801947.0
1070,S419042,汝阳县产业集聚区,河南省,汝阳县,省政府,工业园区,2010.12,278.98,建材、特种金属材料、新材料,112.473013,34.154283,112.466867,34.155617,河南省洛阳市汝阳县,区县,ok,664.641,74.6575,30.6883,125607.238,0.6924,207.0,0.0,207.0,207.0,194385.0,16596.0,1676196.0,365807.0,24311.1386,2455425.0,380117.0,30899.6733,3120867.0,386666.0,35444.9802,3579943.0,390956.0,39996.2772,4039624.0,2010,2015,3120867.0,3579943.0,459076.0
1071,S419043,宜阳县产业集聚区,河南省,宜阳县,省政府,工业园区,2010.12,901.19,装备制造、食品,112.213713,34.54263,112.207575,34.543824,河南省洛阳市宜阳县产业集聚区,住宅区,ok,652.738,,22.7732,132266.6683,0.2076,208.0,6.0,202.0,196.0,14387.0,31833.0198,3215135.0,21880.0,47723.2574,4820049.0,93334.0,68053.1782,6873371.0,142950.0,80559.9406,8136554.0,158317.0,90264.0099,9116665.0,2010,2015,6873371.0,8136554.0,1263183.0
1072,S419044,洛宁县产业集聚区,河南省,洛宁县,省政府,工业园区,2010.12,539.81,轻工、有色金属加工,111.683264,34.384638,111.677201,34.386042,河南省洛阳市洛宁县产业集聚区,住宅区,ok,704.745,32.6902,17.7738,156320.2686,0.5631,707.0,25.0,682.0,657.0,6950.0,16601.4554,1676747.0,17723.0,28977.4158,2926719.0,137095.0,53870.8317,5440954.0,209679.0,67053.1881,6772372.0,222207.0,73182.1089,7391393.0,2010,2015,5440954.0,6772372.0,1331418.0
1073,S419045,伊川县产业集聚区,河南省,伊川县,省政府,工业园区,2010.12,900.53,铝及铝制品加工、新能源,112.537469,34.407631,112.531514,34.40904,河南省洛阳市伊川县伊川产业集聚区,住宅区,ok,640.377,,20.3986,90243.3303,0.0801,582.0,0.0,582.0,582.0,11597.0,18879.9118,1925751.0,16785.0,29620.4412,3021285.0,72542.0,50362.2059,5136945.0,104448.0,61697.1667,6293111.0,121884.0,68039.5196,6940031.0,2010,2015,5136945.0,6293111.0,1156166.0
1074,S419046,偃师市产业集聚区,河南省,偃师市,省政府,工业园区,2010.12,437.76,机械、新材料,112.741437,34.694569,112.735283,34.69565,河南省洛阳市偃师区偃师市产业集聚区,住宅区,ok,604.758,14.941,16.973,158340.7788,0.0586,460.0,0.0,460.0,460.0,46581.0,64154.5922,6607923.0,86929.0,99316.7573,10229626.0,244492.0,127426.3495,13124914.0,339173.0,144016.2913,14833678.0,352150.0,157322.767,16204245.0,2010,2015,13124914.0,14833678.0,1708764.0
1075,S419047,平顶山平新产业集聚区,河南省,平顶山平新,省政府,工业园区,2010.12,976.57,装备制造,112.946967,33.750678,112.941007,33.752319,河南省平顶山市鲁山县产业集聚区,住宅区,ok,585.634,16.486,21.9389,168600.2948,0.3031,502.0,23.0,479.0,456.0,13885.0,50664.1845,5218411.0,25562.0,64582.8932,6652038.0,87504.0,78491.4757,8084622.0,131225.0,87594.2816,9022211.0,164785.0,98430.7864,10138371.0,2010,2015,8084622.0,9022211.0,937589.0
1076,S419048,平顶山市石龙产业集聚区,河南省,平顶山市石龙,省政府,工业园区,2010.12,415.62,精细化工,112.946967,33.750678,112.941007,33.752319,河南省平顶山市鲁山县产业集聚区,住宅区,ok,585.634,16.486,21.9389,168600.2948,0.3031,502.0,23.0,479.0,456.0,13885.0,50664.1845,5218411.0,25562.0,64582.8932,6652038.0,87504.0,78491.4757,8084622.0,131225.0,87594.2816,9022211.0,164785.0,98430.7864,10138371.0,2010,2015,8084622.0,9022211.0,937589.0
1078,S419050,叶县产业集聚区,河南省,叶县,省政府,工业园区,2010.03,601.78,精制盐、物流、机械,113.357476,33.627437,113.351099,33.628821,河南省平顶山市叶县,区县,ok,551.835,56.3252,15.7897,172471.2814,0.1923,315.0,9.0,306.0,297.0,290497.0,49988.91,4998891.0,337262.0,70836.79,7083679.0,348957.0,86961.42,8696142.0,354990.0,97112.89,9711289.0,361765.0,107300.1,10730010.0,2010,2015,8696142.0,9711289.0,1015147.0
1079,S419051,鲁山县产业集聚区,河南省,鲁山县,省政府,工业园区,2010.12,470.25,非金属矿物制品、轻纺,112.947067,33.758344,112.941106,33.759983,河南省平顶山市鲁山县产业集聚区,住宅区,ok,585.443,36.2163,22.4444,157671.6158,0.3028,562.0,21.0,541.0,520.0,128144.0,50191.297,5069321.0,152841.0,63372.3564,6400608.0,196595.0,76629.5446,7739584.0,221777.0,85361.9703,8621559.0,242885.0,95938.8317,9689822.0,2010,2015,7739584.0,8621559.0,881975.0
1081,S419053,舞钢市产业集聚区,河南省,舞钢市,省政府,工业园区,2010.03,307.85,装备制造、钢铁,113.49978,33.334152,113.493628,33.33582,河南省平顶山市舞钢市舞钢产业集聚区,住宅区,ok,548.086,8.8379,8.3439,69613.371,6.762,1553.0,233.0,1320.0,1087.0,2192.0,23050.31,2305031.0,11311.0,39951.67,3995167.0,68872.0,51721.76,5172176.0,103251.0,59022.76,5902276.0,123097.0,65350.44,6535044.0,2010,2015,5172176.0,5902276.0,730100.0
1082,S419054,汝州市产业集聚区,河南省,汝州市,省政府,工业园区,2010.12,1049.86,机械、环保建材,112.844696,34.16717,112.838712,34.168697,河南省平顶山市汝州市,区县,ok,586.775,81.7861,29.2194,235187.0719,0.142,88.0,0.0,88.0,88.0,456029.0,49905.6827,5190191.0,465750.0,79946.375,8314423.0,465750.0,102006.7692,10608704.0,465750.0,116268.7692,12091952.0,465750.0,134642.7212,14002843.0,2010,2015,10608704.0,12091952.0,1483248.0
1083,S419055,安阳市纺织产业集聚区,河南省,安阳市纺织,省政府,工业园区,2010.12,817.86,纺织、装备制造,114.387573,36.158225,114.381477,36.15804,河南省安阳市北关区纺织产业集聚区,住宅区,ok,386.459,14.0719,22.0964,150189.2816,0.2614,53.0,23.0,30.0,7.0,38823.0,68133.3663,6881470.0,83272.0,95838.8218,9679721.0,133392.0,111891.6733,11301059.0,161247.0,123629.2574,12486555.0,198481.0,143469.7921,14490449.0,2010,2015,11301059.0,12486555.0,1185496.0
1084,S419056,安阳市产业集聚区,河南省,安阳市,省政府,工业园区,2010.04,446.55,装备制造、新材料,114.405617,35.903036,114.399553,35.902906,河南省安阳市汤阴县产业集聚区,住宅区,ok,402.822,,19.6839,129421.8864,0.5131,74.0,12.0,62.0,50.0,3868.0,43988.6893,4530835.0,13921.0,63185.7379,6508131.0,87252.0,78507.8835,8086312.0,143629.0,91402.3495,9414442.0,212726.0,112395.6214,11576749.0,2010,2015,8086312.0,9414442.0,1328130.0
1085,S419057,安阳县产业集聚区,河南省,安阳县,省政府,工业园区,2010.04,939.13,钢铁及加工、装备制造,114.462953,36.09211,114.456992,36.092014,河南省安阳市安阳县,区县,ok,385.157,17.5123,16.5818,121279.1512,0.332,137.0,3.0,134.0,131.0,12946.0,37359.7549,3810695.0,28629.0,66557.5294,6788868.0,54498.0,91623.6373,9345611.0,87931.0,109613.1471,11180541.0,190671.0,131553.6765,13418475.0,2010,2015,9345611.0,11180541.0,1834930.0
1086,S419058,汤阴县产业集聚区,河南省,汤阴县,省政府,工业园区,2010.04,352.93,食品、医药,114.401484,35.903312,114.395418,35.903182,河南省安阳市汤阴县产业集聚区,住宅区,ok,403.07,13.3856,20.4694,141361.8143,0.5123,74.0,12.0,62.0,50.0,3868.0,44848.6117,4619407.0,13921.0,64729.1262,6667100.0,87252.0,81096.932,8352984.0,143629.0,94936.4369,9778453.0,212726.0,116966.8058,12047581.0,2010,2015,8352984.0,9778453.0,1425469.0
1087,S419059,滑县产业集聚区,河南省,滑县,省政府,工业园区,2010.04,1020.53,食品、装备制造,114.545311,35.548467,114.539716,35.548798,河南省安阳市滑县产业集聚区,住宅区,ok,422.587,54.527,30.709,300456.8308,0.1729,139.0,2.0,137.0,135.0,63188.0,48130.1359,4957404.0,103184.0,66214.5825,6820102.0,218077.0,94777.6408,9762097.0,293891.0,116433.2621,11992626.0,295978.0,147497.1165,15192203.0,2010,2015,9762097.0,11992626.0,2230529.0
1088,S419060,内黄县产业集聚区,河南省,内黄县,省政府,工业园区,2010.12,745.19,机械、陶瓷,114.885729,35.95799,114.88017,35.958201,河南省安阳市内黄县产业集聚区,住宅区,ok,368.184,38.6098,29.2512,247787.2644,0.5003,60.0,0.0,60.0,60.0,20345.0,48984.9223,5045447.0,35380.0,64073.8252,6599604.0,100539.0,83486.6019,8599120.0,143466.0,98256.2136,10120390.0,186453.0,123804.1553,12751828.0,2010,2015,8599120.0,10120390.0,1521270.0
1089,S419061,鹤壁市宝山循环经济产业集聚区,河南省,鹤壁市宝山循环,省政府,工业园区,2010.04,842.87,化工、建材,114.165507,35.878495,114.15939,35.878455,河南省鹤壁市山城区鹤壁市宝山循环经济产业集聚区,住宅区,ok,420.915,30.7493,19.4262,147930.5938,0.2542,555.0,140.0,415.0,275.0,30314.0,68131.9612,7017592.0,35985.0,79421.1165,8180375.0,117907.0,91533.0777,9427907.0,174629.0,98874.2621,10184049.0,184397.0,104342.8155,10747310.0,2010,2015,9427907.0,10184049.0,756142.0
1090,S419062,浚县产业集聚区,河南省,浚县,省政府,工业园区,2010.04,418.73,食品、家居用品,114.565075,35.700162,114.559514,35.700446,河南省鹤壁市浚县产业集聚区,兴趣点,ok,408.839,21.9215,21.2583,200911.7342,0.3464,58.0,1.0,57.0,56.0,2947.0,51496.4466,5304134.0,4151.0,63369.7961,6527089.0,76623.0,82743.3786,8522568.0,141504.0,97797.1262,10073104.0,195511.0,120725.9126,12434769.0,2010,2015,8522568.0,10073104.0,1550536.0
1091,S419063,鹤淇产业集聚区,河南省,鹤淇,省政府,工业园区,2010.04,275.06,装备制造、食品加工,114.2157,35.646164,114.209749,35.646299,河南省鹤壁市淇县鹤淇产业集聚区,住宅区,ok,435.036,11.2597,19.3792,130635.1788,0.1831,163.0,28.0,135.0,107.0,2065.0,39477.9118,4026747.0,2467.0,60895.3824,6211329.0,9702.0,75740.5098,7725532.0,27100.0,87398.1765,8914614.0,36539.0,104948.5882,10704756.0,2010,2015,7725532.0,8914614.0,1189082.0
1092,S419064,新乡电源产业集聚区,河南省,新乡电源,省政府,工业园区,2010.12,633.5,电池,113.653156,35.24626,113.647021,35.246863,河南省新乡市获嘉县产业集聚区,住宅区,ok,502.492,27.1596,20.5278,169415.9239,0.0303,415.0,0.0,415.0,415.0,107798.0,57163.7184,5887863.0,132370.0,72793.7864,7497760.0,204124.0,92131.767,9489572.0,245288.0,105408.9223,10857119.0,281539.0,117929.5631,12146745.0,2010,2015,9489572.0,10857119.0,1367547.0
1094,S419065,获嘉县产业集聚区,河南省,获嘉县,省政府,工业园区,2010.12,731.96,煤化工、装备制造,113.653156,35.24626,113.647021,35.246863,河南省新乡市获嘉县产业集聚区,住宅区,ok,502.492,27.1596,20.5278,169415.9239,0.0303,415.0,0.0,415.0,415.0,107798.0,57163.7184,5887863.0,132370.0,72793.7864,7497760.0,204124.0,92131.767,9489572.0,245288.0,105408.9223,10857119.0,281539.0,117929.5631,12146745.0,2010,2015,9489572.0,10857119.0,1367547.0
1095,S419066,原阳县产业集聚区,河南省,原阳县,省政府,工业园区,2010.12,802.92,农副产品加工、汽车零部件,113.939829,35.066873,113.933937,35.067687,河南省新乡市原阳县,区县,ok,499.047,27.1552,11.9798,117641.7483,0.1814,204.0,2.0,202.0,200.0,22240.0,45655.3762,4611193.0,32592.0,60978.5446,6158833.0,89839.0,84464.9901,8530964.0,132820.0,101793.6832,10281162.0,182984.0,121620.9505,12283716.0,2010,2015,8530964.0,10281162.0,1750198.0
1096,S419067,延津县产业集聚区,河南省,延津县,省政府,工业园区,2010.12,1061.86,食品、机械、化工,114.164879,35.167702,114.158836,35.168141,河南省新乡市延津县延津县产业集聚区(公交站),公交地铁站点,ok,477.175,14.9836,10.2627,108538.7957,0.0831,207.0,4.0,203.0,199.0,65778.0,32436.6634,3276103.0,77784.0,44466.2574,4491092.0,89992.0,55857.5644,5641614.0,97880.0,65035.0099,6568536.0,112395.0,80349.0792,8115257.0,2010,2015,5641614.0,6568536.0,926922.0
1097,S419068,封丘县产业集聚区,河南省,封丘县,省政府,工业园区,2010.12,664.54,食品、纺织服装,114.418907,35.041237,114.412949,35.041738,河南省新乡市封丘县,区县,ok,473.436,56.1851,16.6355,187765.4334,0.225,218.0,2.0,216.0,214.0,247622.0,34698.1165,3573906.0,326635.0,58439.466,6019265.0,393146.0,76804.7379,7910888.0,432111.0,91139.5437,9387373.0,437007.0,112871.1942,11625733.0,2010,2015,7910888.0,9387373.0,1476485.0
1098,S419069,长垣县产业集聚区,河南省,长垣县,省政府,工业园区,2010.12,1668.25,机械、物流、汽车,114.66885,35.201628,114.663282,35.202229,河南省新乡市长垣市,区县,ok,445.406,78.3881,31.537,285567.8509,0.2973,1455.0,0.0,1455.0,1455.0,31145.0,44515.1176,4540542.0,219218.0,64843.2059,6614007.0,267510.0,98255.9216,10022104.0,287413.0,121726.4902,12416102.0,291361.0,147040.549,14998136.0,2010,2015,10022104.0,12416102.0,2393998.0
1099,S419070,卫辉市产业集聚区,河南省,卫辉市,省政府,工业园区,2010.04,1041.39,食品、建材,114.064584,35.398357,114.058374,35.398523,河南省新乡市卫辉市,区县,ok,464.327,68.4005,24.4282,181721.731,0.0475,18.0,2.0,16.0,14.0,88535.0,63780.2427,6569365.0,211397.0,77628.4369,7995729.0,267031.0,90772.2233,9349539.0,295864.0,99530.3786,10251629.0,305375.0,109258.699,11253646.0,2010,2015,9349539.0,10251629.0,902090.0
1100,S419071,辉县市产业集聚区,河南省,辉县市,省政府,工业园区,2010.12,363.63,装备制造、汽车及零配件,113.77458,35.482823,113.768348,35.4831,河南省新乡市辉县市产业集聚区,住宅区,ok,476.299,36.3422,22.6625,184495.7913,0.0641,54.0,20.0,34.0,14.0,19221.0,71522.1748,7366784.0,129472.0,104758.1068,10790085.0,278444.0,125524.767,12929051.0,350024.0,136958.0388,14106678.0,364657.0,144419.7961,14875239.0,2010,2015,12929051.0,14106678.0,1177627.0
1101,S419072,焦作市工业产业集聚区,河南省,焦作市,省政府,工业园区,2010.12,1904.85,化工、汽车零配件、铝及铝加工,113.442779,35.083763,113.436252,35.084266,河南省焦作市武陟县产业集聚区,住宅区,ok,528.826,18.0137,18.2623,163904.0825,0.0814,855.0,0.0,855.0,855.0,3068.0,49014.2574,4950440.0,6465.0,73590.5842,7432649.0,182827.0,109561.0792,11065669.0,282765.0,133898.4059,13523739.0,297681.0,152211.7426,15373386.0,2010,2015,11065669.0,13523739.0,2458070.0
1102,S419073,修武县产业集聚区,河南省,修武县,省政府,工业园区,2010.03,594.53,装备制造、食品、农副产品加工,113.45044,35.196406,113.44392,35.196802,河南省焦作市修武县修武产业集聚区,住宅区,ok,519.573,,11.168,74847.7322,0.0265,323.0,0.0,323.0,323.0,5620.0,44985.7788,4678521.0,43391.0,64827.8558,6742097.0,207098.0,85955.4904,8939371.0,297442.0,99540.9519,10352259.0,331204.0,109133.1538,11349848.0,2010,2015,8939371.0,10352259.0,1412888.0
1103,S419074,博爱县产业集聚区,河南省,博爱县,省政府,工业园区,2010.03,569.24,汽车零配件、装备制造,113.064701,35.170332,113.058189,35.170735,河南省焦作市博爱县,区县,ok,548.771,47.274,21.9114,210918.9544,0.4275,35.0,4.0,31.0,27.0,361485.0,62163.6286,6527181.0,376785.0,94329.2857,9904575.0,379142.0,128699.2762,13513424.0,380108.0,148678.5905,15611252.0,380214.0,161576.5048,16965533.0,2010,2015,13513424.0,15611252.0,2097828.0
1105,S419076,温县产业集聚区,河南省,温县,省政府,工业园区,2010.12,471.27,农副产品加工、装备制造、仓储物流,113.081804,34.901561,113.075294,34.902242,河南省焦作市温县产业集聚区,住宅区,ok,566.466,21.9397,16.7989,126579.8668,0.0203,18.0,2.0,16.0,14.0,73057.0,37176.3235,3791985.0,93940.0,55278.1176,5638368.0,190937.0,78482.5882,8005224.0,238781.0,90534.5588,9234525.0,250875.0,97783.0098,9973867.0,2010,2015,8005224.0,9234525.0,1229301.0
1108,S419014,河南濮阳工业园区,河南省,濮阳,省政府,工业园区,2006.04,165.89,玻璃制品、精细化工、农副产品加工,115.176965,35.752124,115.171046,35.752129,河南省濮阳市华龙区濮阳工业园区,住宅区,ok,369.0,11.4128,12.5466,130534.8742,0.1863,806.0,0.0,806.0,806.0,5828.0,37609.7525,3798585.0,8021.0,51846.4356,5236490.0,15700.0,70868.2178,7157690.0,32925.0,84767.9406,8561562.0,77778.0,107052.5149,10812304.0,2000,2010,5236490.0,7157690.0,1921200.0
1109,S419079,清丰县产业集聚区,河南省,清丰县,省政府,工业园区,2010.03,647.0,食品、家具,115.104602,35.886694,115.09856,35.886556,河南省濮阳市清丰县,区县,ok,361.322,24.5086,16.6389,147953.4648,0.4823,664.0,0.0,664.0,664.0,70763.0,45289.5196,4619531.0,86443.0,63061.1373,6432236.0,173193.0,89277.2157,9106276.0,238184.0,106685.0784,10881878.0,291169.0,128503.0196,13107308.0,2010,2015,9106276.0,10881878.0,1775602.0
1110,S419080,南乐县产业集聚区,河南省,南乐县,省政府,工业园区,2010.04,494.6,食品、装备制造、生物,115.242321,36.088632,115.236458,36.088626,河南省濮阳市南乐县产业集聚区,住宅区,ok,336.128,18.7912,23.6805,161050.8857,0.3607,436.0,1.0,435.0,434.0,19018.0,37978.301,3911765.0,23008.0,53200.8447,5479687.0,53554.0,72912.8544,7510024.0,81821.0,84960.165,8750897.0,104194.0,96075.5146,9895778.0,2010,2015,7510024.0,8750897.0,1240873.0
1111,S419081,范县产业集聚区,河南省,范县,省政府,工业园区,2010.04,734.35,精细化工、有色金属加工,115.383184,35.771469,115.377127,35.77137,河南省濮阳市范县产业集聚区,住宅区,ok,353.518,11.9752,11.6014,121547.4697,0.2478,723.0,0.0,723.0,723.0,19400.0,35785.7941,3650151.0,24994.0,49641.0,5063382.0,68145.0,76156.2353,7767936.0,107610.0,91280.8333,9310645.0,162058.0,102556.6275,10460776.0,2010,2015,7767936.0,9310645.0,1542709.0
1112,S419082,台前县产业集聚区,河南省,台前县,省政府,工业园区,2010.04,430.85,羽绒制品加工、化工,115.853812,35.953949,115.848244,35.954104,河南省濮阳市台前县产业集聚区,住宅区,ok,312.453,23.5722,16.2903,114993.3269,0.0995,995.0,1.0,994.0,993.0,764.0,25053.1165,2580471.0,4610.0,46142.9612,4752725.0,152163.0,78643.4854,8100279.0,244192.0,98163.7282,10110864.0,267451.0,109525.5922,11281136.0,2010,2015,8100279.0,10110864.0,2010585.0
1113,S419083,濮阳县产业集聚区,河南省,濮阳县,省政府,工业园区,2010.03,507.88,光电子、医用新材料,115.029165,35.713113,115.02328,35.713137,河南省濮阳市濮阳县,区县,ok,380.589,42.743,25.5844,178297.7777,0.3606,530.0,0.0,530.0,530.0,251060.0,78200.8235,7976484.0,375522.0,103477.9314,10554749.0,406366.0,130645.2157,13325812.0,418703.0,149944.5784,15294347.0,418703.0,174671.8824,17816532.0,2010,2015,13325812.0,15294347.0,1968535.0
1115,S419085,鄢陵县产业集聚区,河南省,鄢陵县,省政府,工业园区,2010.04,575.05,纺织、箱包、装备制造,114.177329,34.102985,114.171434,34.104298,河南省许昌市鄢陵县,区县,ok,466.427,41.5644,13.4429,135813.813,1.2275,10837.0,0.0,10837.0,10837.0,73112.0,31969.9899,3165029.0,237584.0,54911.2121,5436210.0,321032.0,78404.7071,7762066.0,355846.0,91851.2424,9093273.0,363001.0,100279.1111,9927632.0,2010,2015,7762066.0,9093273.0,1331207.0
1116,S419086,襄城县产业集聚区,河南省,襄城县,省政府,工业园区,2010.04,539.67,鞋服、卫生用品,113.506904,33.851609,113.500727,33.853096,河南省许昌市襄城县,区县,ok,532.614,68.1244,20.8268,190815.2224,0.2053,758.0,2.0,756.0,754.0,177087.0,56955.9307,5752549.0,257264.0,76240.6634,7700307.0,313894.0,91913.4356,9283257.0,340105.0,101542.2574,10255768.0,345846.0,111907.8119,11302689.0,2010,2015,9283257.0,10255768.0,972511.0
1117,S419087,禹州市产业集聚区,河南省,禹州市,省政府,工业园区,2010.12,831.21,装备制造、医药,113.488715,34.142442,113.482437,34.143806,河南省许昌市禹州市,区县,ok,528.434,62.9856,22.3057,247950.2983,0.1516,326.0,10.0,316.0,306.0,123018.0,75568.5149,7632420.0,251720.0,114889.3168,11603821.0,295295.0,143112.2574,14454338.0,319839.0,161004.3762,16261442.0,326297.0,173627.9109,17536419.0,2010,2015,14454338.0,16261442.0,1807104.0
1119,S419089,漯河市沙澧产业集聚区,河南省,漯河市沙澧,省政府,工业园区,2010.04,701.0,商贸物流、生物医药,113.987478,33.546817,113.981637,33.548406,河南省漯河市源汇区漯河市沙澧产业集聚区,住宅区,ok,497.845,35.1113,34.095,321959.1875,0.1162,1719.0,0.0,1719.0,1719.0,38930.0,70927.0594,7163633.0,56575.0,106704.2673,10777131.0,252054.0,129933.5644,13123290.0,349118.0,144006.4356,14544650.0,359102.0,155339.1089,15689250.0,2010,2015,13123290.0,14544650.0,1421360.0
1120,S419090,舞阳县产业集聚区,河南省,舞阳县,省政府,工业园区,2010.04,1125.09,盐化工,113.609327,33.438259,113.603421,33.44005,河南省漯河市舞阳县,区县,ok,534.968,78.9736,18.1112,193609.1114,0.2825,821.0,0.0,821.0,821.0,354000.0,30104.1538,3130832.0,423683.0,60905.9327,6334217.0,425166.0,80120.4135,8332523.0,425760.0,91265.7692,9491640.0,425760.0,98301.7788,10223385.0,2010,2015,8332523.0,9491640.0,1159117.0
1124,S419093,渑池县产业集聚区,河南省,渑池县,省政府,工业园区,2010.12,340.18,铝及铝加工、家电,111.78372,34.793307,111.777546,34.794327,河南省三门峡市渑池县产业集聚区,住宅区,ok,667.419,7.2957,9.6832,107783.3891,0.1434,215.0,10.0,205.0,195.0,18487.0,24890.9238,2613547.0,25673.0,45673.2571,4795692.0,41727.0,63188.3714,6634779.0,50977.0,72067.5714,7567095.0,64476.0,75417.2476,7918811.0,2010,2015,6634779.0,7567095.0,932316.0
1125,S419094,卢氏县产业集聚区,河南省,卢氏县,省政府,工业园区,2010.04,142.18,金属制品、农副产品加工、医药,111.086843,34.066938,111.080854,34.068216,河南省三门峡市卢氏县产业集聚区,住宅区,ok,768.93,16.4787,16.0677,119929.2746,0.68,943.0,33.0,910.0,877.0,5676.0,16672.8163,1633936.0,6651.0,22167.8776,2172452.0,29365.0,35237.8469,3453309.0,52869.0,42274.5408,4142905.0,62962.0,46413.9898,4548571.0,2010,2015,3453309.0,4142905.0,689596.0
1126,S419095,义马市煤化工产业集聚区,河南省,义马市煤,省政府,工业园区,2010.12,589.49,煤化工、新材料,111.959811,34.72529,111.953773,34.726467,河南省三门峡市义马市煤化工产业集聚区,住宅区,ok,660.423,6.7806,9.3476,90063.8382,0.3364,867.0,9.0,858.0,849.0,9646.0,17028.7921,1719908.0,11006.0,22670.3762,2289708.0,51049.0,29134.2475,2942559.0,74368.0,32454.4356,3277898.0,80498.0,34154.1683,3449571.0,2010,2015,2942559.0,3277898.0,335339.0
1127,S419096,灵宝市产业集聚区,河南省,灵宝市,省政府,工业园区,2010.04,1237.93,有色金属采冶、农副产品加工,111.035435,34.70701,111.02953,34.708007,河南省三门峡市灵宝市三门峡产业集聚区,住宅区,ok,726.119,13.2058,11.0046,75557.242,0.089,66.0,0.0,66.0,66.0,36996.0,33498.2816,3450323.0,45783.0,50340.3883,5185060.0,92964.0,75802.068,7807613.0,117104.0,89143.165,9181746.0,131581.0,97636.2621,10056535.0,2010,2015,7807613.0,9181746.0,1374133.0
1129,S419098,南召县产业集聚区,河南省,南召县,省政府,工业园区,2010.12,531.63,柞蚕、中药材加工、非金属材料,112.455036,33.451149,112.448908,33.452647,河南省南阳市南召县产业集聚区,住宅区,ok,637.849,17.1375,16.8479,118676.7722,0.8753,3990.0,79.0,3911.0,3832.0,428.0,14621.8265,1432939.0,428.0,20672.1837,2025874.0,16412.0,29525.8061,2893529.0,34448.0,35350.8673,3464385.0,78508.0,44051.2857,4317026.0,2010,2015,2893529.0,3464385.0,570856.0
1130,S419099,方城县产业集聚区,河南省,方城县,省政府,工业园区,2010.04,778.02,新能源、机械,112.983226,33.223877,112.977198,33.225674,河南省南阳市方城县产业集聚区,住宅区,ok,597.625,22.7585,18.4807,165180.064,0.1525,195.0,0.0,195.0,195.0,19624.0,34000.5196,3468053.0,31461.0,50349.9804,5135698.0,89965.0,66409.1667,6773735.0,132359.0,75828.9902,7734557.0,208339.0,87236.2843,8898101.0,2010,2015,6773735.0,7734557.0,960822.0
1132,S419101,镇平县产业集聚区,河南省,镇平县,省政府,工业园区,2010.12,1183.39,针织、机电,112.209607,33.044837,112.203612,33.046692,河南省南阳市镇平县产业集聚区,住宅区,ok,672.417,29.3313,26.3439,220155.8551,0.0582,210.0,9.0,201.0,192.0,9400.0,38353.03,3835303.0,46020.0,66916.8,6691680.0,162249.0,92704.82,9270482.0,224309.0,108223.79,10822379.0,242743.0,120832.65,12083265.0,2010,2015,9270482.0,10822379.0,1551897.0
1133,S419102,内乡县产业集聚区,河南省,内乡县,省政府,工业园区,2010.04,723.55,机械、建材,111.849354,33.044698,111.843492,33.046722,河南省南阳市内乡县,区县,ok,704.544,36.3434,13.8125,138207.9867,0.1903,271.0,4.0,267.0,263.0,398696.0,35984.4902,3670418.0,414670.0,55349.902,5645690.0,414934.0,76870.0392,7840744.0,415559.0,90075.9216,9187744.0,418155.0,101986.3333,10402606.0,2010,2015,7840744.0,9187744.0,1347000.0
1134,S419103,淅川县产业集聚区,河南省,淅川县,省政府,工业园区,2010.03,1243.63,食品、中医药、机械,111.795989,32.69854,111.790043,32.700681,河南省南阳市淅川县产业集聚区,住宅区,ok,721.519,28.5276,12.3641,42631.3644,0.1255,545.0,2.0,543.0,541.0,37634.0,7172.5882,731604.0,114886.0,10566.9608,1077830.0,171031.0,17613.4216,1796569.0,215666.0,23316.9608,2378330.0,263068.0,32156.9216,3280006.0,2010,2015,1796569.0,2378330.0,581761.0
1135,S419104,社旗县产业集聚区,河南省,社旗县,省政府,工业园区,2010.04,479.32,食品、机械,112.911867,33.040417,112.906039,33.042476,河南省南阳市社旗县产业集聚区,住宅区,ok,610.41,16.0563,18.1345,164770.1799,0.1706,113.0,0.0,113.0,113.0,2904.0,26754.18,2675418.0,11183.0,42352.16,4235216.0,30109.0,59336.6,5933660.0,48492.0,72030.47,7203047.0,91451.0,91141.19,9114119.0,2010,2015,5933660.0,7203047.0,1269387.0
1136,S419105,唐河县产业集聚区,河南省,唐河县,省政府,工业园区,2010.03,1133.95,装备电子、农副产品加工,112.846013,32.663387,112.840178,32.665617,河南省南阳市唐河县产业集聚区,住宅区,ok,631.261,18.2442,17.5912,179148.3941,0.107,363.0,6.0,357.0,351.0,8214.0,35932.466,3701044.0,29198.0,59055.9029,6082758.0,192413.0,78651.4757,8101102.0,288281.0,93131.6214,9592557.0,336518.0,115947.165,11942558.0,2010,2015,8101102.0,9592557.0,1491455.0
1137,S419106,新野县产业集聚区,河南省,新野县,省政府,工业园区,2010.04,862.0,纺织服装、光电电子,112.374803,32.49948,112.368713,32.501471,河南省南阳市新野县产业集聚区,住宅区,ok,679.12,20.2878,18.6623,169882.966,0.1326,267.0,3.0,264.0,261.0,10325.0,33648.7476,3465821.0,43786.0,63622.1165,6553078.0,188549.0,81731.233,8418317.0,275346.0,93649.932,9645943.0,310609.0,108354.7476,11160539.0,2010,2015,8418317.0,9645943.0,1227626.0
1138,S419107,桐柏县产业集聚区,河南省,桐柏县,省政府,工业园区,2010.12,691.92,机械、农副产品加工,113.44071,32.365329,113.434463,32.367336,河南省南阳市桐柏县产业集聚区,住宅区,ok,581.606,22.3024,14.1971,131493.1121,4.5911,1799.0,32.0,1767.0,1735.0,9552.0,16580.56,1658056.0,9573.0,24135.29,2413529.0,45643.0,39954.12,3995412.0,78589.0,49190.93,4919093.0,104249.0,53463.08,5346308.0,2010,2015,3995412.0,4919093.0,923681.0
1139,S419108,邓州市产业集聚区,河南省,邓州市,省政府,工业园区,2010.04,306.44,食品、纺织服装,112.10776,32.654669,112.101602,32.656604,河南省南阳市邓州市产业集聚区,住宅区,ok,695.886,34.8206,25.9965,251879.9251,0.1124,438.0,16.0,422.0,406.0,6945.0,50443.5146,5195682.0,37447.0,76582.5437,7888002.0,142114.0,97256.7282,10017443.0,222027.0,111981.1262,11534056.0,257467.0,132747.6214,13673005.0,2010,2015,10017443.0,11534056.0,1516613.0
1141,S419109,商丘市睢阳产业集聚区,河南省,商丘市睢阳,省政府,工业园区,2010.04,833.62,纺织服装、化工,115.654362,34.322976,115.648866,34.324395,河南省商丘市睢阳区睢阳产业集聚区,住宅区,ok,328.118,8.547,9.8554,91093.6161,0.2377,286.0,0.0,286.0,286.0,11696.0,19527.91,1952791.0,20926.0,35046.67,3504667.0,98767.0,64195.66,6419566.0,144567.0,81937.01,8193701.0,157739.0,98026.14,9802614.0,2010,2015,6419566.0,8193701.0,1774135.0
1143,S419111,睢县产业集聚区,河南省,睢县,省政府,工业园区,2010.04,800.79,纺织服装、电子信息,115.071957,34.446572,115.066092,34.447636,河南省商丘市睢县,区县,ok,379.51,17.5706,12.495,134071.8462,0.3306,1134.0,0.0,1134.0,1134.0,66517.0,40110.7723,4051188.0,100693.0,63281.4059,6391422.0,124249.0,91285.099,9219795.0,134184.0,107232.1089,10830443.0,138175.0,117373.396,11854713.0,2010,2015,9219795.0,10830443.0,1610648.0
1144,S419112,宁陵县产业集聚区,河南省,宁陵县,省政府,工业园区,2010.04,725.07,化工、家居用品,115.308318,34.455405,115.30255,34.456571,河南省商丘市宁陵县产业集聚区,住宅区,ok,357.796,28.1277,10.6354,110970.0033,0.5384,1308.0,0.0,1308.0,1308.0,57960.0,39548.32,3954832.0,212004.0,56919.25,5691925.0,333627.0,77038.52,7703852.0,390233.0,88672.11,8867211.0,391744.0,93836.18,9383618.0,2010,2015,7703852.0,8867211.0,1163359.0
1146,S419114,虞城县产业集聚区,河南省,虞城县,省政府,工业园区,2010.05,857.66,五金电子、纺织服装,115.839405,34.384521,115.833959,34.385893,河南省商丘市虞城县产业集聚区,住宅区,ok,310.267,13.8299,11.7484,127352.1256,0.4754,932.0,0.0,932.0,932.0,10766.0,44726.1881,4517345.0,21634.0,63125.6139,6375687.0,206025.0,98410.6931,9939480.0,297678.0,119050.5446,12024105.0,313699.0,131305.2871,13261834.0,2010,2015,9939480.0,12024105.0,2084625.0
1147,S419115,夏邑县产业集聚区,河南省,夏邑县,省政府,工业园区,2010.04,1143.85,纺织服装、农副产品加工,116.152208,34.20026,116.146619,34.201462,河南省商丘市夏邑县产业集聚区,住宅区,ok,285.637,18.9586,12.5024,122660.8066,0.4592,226.0,2.0,224.0,222.0,11097.0,28573.549,2914502.0,36874.0,53502.3529,5457240.0,137190.0,83722.5686,8539702.0,203164.0,102366.2157,10441354.0,247944.0,115509.1863,11781937.0,2010,2015,8539702.0,10441354.0,1901652.0
1149,S419117,信阳金牛物流产业集聚区,河南省,信阳金牛物流,省政府,工业园区,2010.05,302.91,物流、食品,114.066156,32.179474,114.060272,32.181446,河南省信阳市浉河区金牛街道物流产业集聚区,住宅区,ok,522.904,,16.1312,73703.5807,2.5956,5899.0,87.0,5812.0,5725.0,31102.0,23913.3431,2439161.0,40895.0,31411.3137,3203954.0,102555.0,52805.3824,5386149.0,141279.0,65843.3627,6716023.0,161669.0,73329.3333,7479592.0,2010,2015,5386149.0,6716023.0,1329874.0
1151,S419119,罗山县产业集聚区,河南省,罗山县,省政府,工业园区,2010.05,788.56,农副产品加工、机械,114.549844,32.192359,114.544581,32.194622,河南省信阳市罗山县产业集聚区,住宅区,ok,477.211,25.6903,16.6945,159282.0367,0.4281,299.0,0.0,299.0,299.0,79297.0,25886.8218,2614569.0,115531.0,32727.0792,3305435.0,146015.0,46583.3564,4704919.0,165407.0,55700.3465,5625735.0,170955.0,62779.7921,6340759.0,2010,2015,4704919.0,5625735.0,920816.0
1152,S419120,光山县官渡河产业集聚区,河南省,光山县官渡河,省政府,工业园区,2010.12,500.23,农副产品加工、服装,114.910335,31.974409,114.905157,31.97667,河南省信阳市光山县官渡河产业集聚区,住宅区,ok,444.419,27.1257,19.9145,159953.5769,0.1735,635.0,4.0,631.0,627.0,28655.0,34390.5941,3473450.0,68884.0,43321.1485,4375436.0,211099.0,59836.4158,6043478.0,276794.0,70342.7723,7104620.0,300811.0,84010.7624,8485087.0,2010,2015,6043478.0,7104620.0,1061142.0
1153,S419121,新县产业集聚区,河南省,新县,省政府,工业园区,2010.05,346.58,医药、农副产品加工,114.879309,31.643914,114.874153,31.646114,河南省信阳市新县,区县,ok,451.622,27.0197,9.6787,95489.8553,25.9553,6645.0,2850.0,3795.0,945.0,57865.0,12444.0,1269288.0,189364.0,19262.1275,1964737.0,236904.0,31553.0882,3218415.0,260285.0,38363.6471,3913092.0,260614.0,42738.1078,4359287.0,2010,2015,3218415.0,3913092.0,694677.0
1154,S419122,商城县产业集聚区,河南省,商城县,省政府,工业园区,2010.12,376.28,食品、装备制造,115.406894,31.79832,115.401231,31.800168,河南省信阳市商城县,区县,ok,399.734,38.7652,14.894,130277.4574,2.47,2967.0,31.0,2936.0,2905.0,315782.0,20220.0909,2001789.0,328156.0,27242.0,2696958.0,350192.0,41242.5354,4083011.0,359805.0,49872.3131,4937359.0,363799.0,60932.1414,6032282.0,2010,2015,4083011.0,4937359.0,854348.0
1155,S419123,固始县产业集聚区,河南省,固始县,省政府,工业园区,2012.12,815.63,装备制造、食品,115.641502,32.196172,115.636228,32.198433,河南省信阳市固始县产业集聚区,住宅区,ok,374.293,17.9505,18.1778,158819.767,0.1368,220.0,2.0,218.0,216.0,22323.0,41302.0693,4171509.0,34566.0,66389.3366,6705323.0,137398.0,104156.7525,10519832.0,200965.0,126134.6436,12739599.0,208141.0,138309.5248,13969262.0,2010,2015,10519832.0,12739599.0,2219767.0
1157,S419124,淮滨县产业集聚区,河南省,淮滨县,省政府,工业园区,2010.04,507.37,轻纺、食品,115.420101,32.474772,115.414382,32.476711,河南省信阳市淮滨县,区县,ok,395.136,,24.1887,118718.1684,0.4753,666.0,29.0,637.0,608.0,11969.0,30195.3636,2989341.0,29169.0,41118.9394,4070775.0,103968.0,60866.2828,6025762.0,169958.0,73979.8384,7324004.0,185908.0,87076.697,8620593.0,2010,2015,6025762.0,7324004.0,1298242.0
1158,S419125,息县产业集聚区,河南省,息县,省政府,工业园区,2010.04,548.6,农副产品加工,114.765056,32.371403,114.759646,32.373545,河南省信阳市息县产业集聚区,住宅区,ok,456.909,27.8382,20.1943,175912.1488,0.9367,272.0,5.0,267.0,262.0,16413.0,31075.2157,3169672.0,20235.0,38772.6765,3954813.0,115971.0,52515.3333,5356564.0,178837.0,61754.7647,6298986.0,195290.0,73091.4608,7455329.0,2010,2015,5356564.0,6298986.0,942422.0
1160,S419126,扶沟县产业集聚区,河南省,扶沟县,省政府,工业园区,2010.12,679.37,机械、纺织、制鞋,114.394666,34.060062,114.388791,34.061283,河南省周口市扶沟县,区县,ok,447.567,35.8154,12.3228,110005.7392,0.1618,1401.0,0.0,1401.0,1401.0,367029.0,41653.5385,4331968.0,374278.0,58451.0288,6078907.0,379484.0,72641.9615,7554764.0,382563.0,81729.0769,8499824.0,386743.0,93150.4423,9687646.0,2010,2015,7554764.0,8499824.0,945060.0
1162,S419128,商水县产业集聚区,河南省,商水县,省政府,工业园区,2010.12,1081.62,纺织服装、食品加工,114.608135,33.562072,114.602818,33.563789,河南省周口市商水县,区县,ok,442.185,17.1081,14.7568,163637.8216,0.4304,829.0,2.0,827.0,825.0,18500.0,52693.7476,5427456.0,50493.0,77181.8738,7949733.0,179228.0,106622.0194,10982068.0,257524.0,124193.068,12791886.0,292919.0,136187.8544,14027349.0,2010,2015,10982068.0,12791886.0,1809818.0
1163,S419129,沈丘县产业集聚区,河南省,沈丘县,省政府,工业园区,2010.12,820.1,农副产品加工、机械,115.08935,33.371093,115.083573,33.37253,河南省周口市沈丘县产业集聚区,住宅区,ok,407.641,32.2926,17.0452,149162.8145,1.1958,1216.0,14.0,1202.0,1188.0,98907.0,35979.5941,3633939.0,179302.0,63439.3069,6407370.0,220632.0,99156.1386,10014770.0,237930.0,120031.495,12123181.0,238867.0,134028.099,13536838.0,2010,2015,10014770.0,12123181.0,2108411.0
1164,S419130,郸城县产业集聚区,河南省,郸城县,省政府,工业园区,2010.12,759.54,食品,115.177141,33.64601,115.171439,33.647419,河南省周口市郸城县,区县,ok,389.193,28.7431,10.7951,112117.6013,0.657,270.0,15.0,255.0,240.0,30453.0,37407.2621,3852948.0,143319.0,63063.5243,6495543.0,260652.0,90133.7282,9283774.0,323057.0,106070.7767,10925290.0,330263.0,116333.9806,11982400.0,2010,2015,9283774.0,10925290.0,1641516.0
1165,S419131,淮阳县产业集聚区,河南省,淮阳县,省政府,工业园区,2010.12,982.58,塑料制品、食品,114.843202,33.706272,114.837803,33.707875,河南省周口市淮阳区产业集聚区,住宅区,ok,416.693,,9.343,86413.071,0.763,661.0,18.0,643.0,625.0,12604.0,29183.2828,2889145.0,26555.0,51224.596,5071235.0,207856.0,80647.1616,7984069.0,311894.0,96833.4747,9586514.0,325211.0,104064.8182,10302417.0,2010,2015,7984069.0,9586514.0,1602445.0
1166,S419132,太康县产业集聚区,河南省,太康县,省政府,工业园区,2010.12,745.44,装备制造、纺织服装,114.827342,34.032352,114.821878,34.033848,河南省周口市太康县产业集聚区,住宅区,ok,408.994,10.2158,12.3667,124433.6339,0.9224,2049.0,0.0,2049.0,2049.0,12596.0,42657.7921,4308437.0,22688.0,56921.2673,5749048.0,101705.0,82490.8614,8331577.0,161094.0,98402.0792,9938610.0,188267.0,111717.2871,11283446.0,2010,2015,8331577.0,9938610.0,1607033.0
1167,S419133,鹿邑县产业集聚区,河南省,鹿邑县,省政府,工业园区,2010.12,967.09,食品、纺织服装,115.492276,33.894415,115.486608,33.895814,河南省周口市鹿邑县产业集聚区,住宅区,ok,353.159,10.5796,12.5358,137141.1387,0.2742,592.0,28.0,564.0,536.0,7603.0,28179.2727,2789748.0,18288.0,54555.5657,5401001.0,123620.0,86691.0101,8582410.0,179626.0,105242.1414,10418972.0,202210.0,119611.1818,11841507.0,2010,2015,8582410.0,10418972.0,1836562.0
1168,S419134,项城市产业集聚区,河南省,项城市,省政府,工业园区,2010.12,969.96,食品、医药,114.942546,33.440333,114.937188,33.442067,河南省周口市项城市产业集聚区,住宅区,ok,417.419,21.4145,14.3517,141020.2296,0.6895,431.0,16.0,415.0,399.0,52661.0,38426.3495,3957914.0,62163.0,68151.6311,7019618.0,140793.0,90088.4272,9279108.0,184834.0,101987.3107,10504693.0,214840.0,109844.6408,11313998.0,2010,2015,9279108.0,10504693.0,1225585.0
1170,S419135,西平县产业集聚区,河南省,西平县,省政府,工业园区,2010.12,946.72,农副产品加工、装备制造,114.014311,33.35376,114.008415,33.355365,河南省驻马店市西平县产业集聚区,住宅区,ok,501.927,25.3432,17.6834,147426.7882,0.1025,296.0,0.0,296.0,296.0,10503.0,45344.9712,4715877.0,76796.0,72939.4904,7585707.0,158789.0,92864.0962,9657866.0,202323.0,104933.5,10913084.0,230498.0,115735.5673,12036499.0,2010,2015,9657866.0,10913084.0,1255218.0
1171,S419136,上蔡县产业集聚区,河南省,上蔡县,省政府,工业园区,2010.12,599.69,农副产品加工、纺织、制鞋,114.264381,33.262439,114.258725,33.264136,河南省驻马店市上蔡县,区县,ok,483.453,47.0984,18.5834,188231.397,0.2461,754.0,0.0,754.0,754.0,267522.0,49838.43,4983843.0,318785.0,72097.18,7209718.0,328068.0,92704.87,9270487.0,331783.0,105166.18,10516618.0,331783.0,114784.8,11478480.0,2010,2015,9270487.0,10516618.0,1246131.0
1172,S419137,平舆县产业集聚区,河南省,平舆县,省政府,工业园区,2010.12,949.66,皮革皮具、电子信息,114.618537,32.96344,114.613269,32.965517,河南省驻马店市平舆县,区县,ok,466.203,23.0557,12.6264,123915.7041,0.226,1120.0,0.0,1120.0,1120.0,34554.0,27957.7767,2879651.0,57183.0,47722.7767,4915446.0,133976.0,75741.6019,7801385.0,182396.0,92993.5825,9578339.0,234503.0,107740.6117,11097283.0,2010,2015,7801385.0,9578339.0,1776954.0
1173,S419138,正阳县产业集聚区,河南省,正阳县,省政府,工业园区,2010.12,822.13,农副产品加工、机械铸造,114.359573,32.592823,114.353864,32.594777,河南省驻马店市正阳县产业集聚区(公交站),公交地铁站点,ok,495.031,14.432,14.14,125888.0442,0.243,364.0,0.0,364.0,364.0,4543.0,24051.0874,2477262.0,4617.0,33569.2233,3457630.0,30242.0,50276.4175,5178471.0,54077.0,61413.2524,6325565.0,98196.0,70119.1845,7222276.0,2010,2015,5178471.0,6325565.0,1147094.0
1174,S419139,确山县产业集聚区,河南省,确山县,省政府,工业园区,2010.12,465.01,生物科技、建材,114.047607,32.827951,114.041685,32.82982,河南省驻马店市确山县先进制造业开发区,住宅区,ok,520.951,14.7351,6.8712,64953.068,0.3806,946.0,35.0,911.0,876.0,16457.0,37734.9798,3735763.0,23267.0,48457.8081,4797323.0,63901.0,61761.9192,6114430.0,90121.0,70347.303,6964383.0,108235.0,79015.7576,7822560.0,2010,2015,6114430.0,6964383.0,849953.0
1175,S419140,泌阳县产业集聚区,河南省,泌阳县,省政府,工业园区,2010.12,572.6,农副产品加工、电子电器,113.327144,32.723974,113.320923,32.725948,河南省驻马店市泌阳县,区县,ok,587.207,45.7876,11.1951,119317.6177,0.1833,260.0,2.0,258.0,256.0,317989.0,25566.2524,2633324.0,408274.0,46226.9709,4761378.0,410300.0,73403.7864,7560590.0,411619.0,89806.301,9250049.0,414157.0,101605.0194,10465317.0,2010,2015,7560590.0,9250049.0,1689459.0
1176,S419141,汝南县产业集聚区,河南省,汝南县,省政府,工业园区,2010.12,636.03,装备制造、建材,114.345789,32.978069,114.340063,32.979838,河南省驻马店市汝南县产业集聚区,住宅区,ok,488.629,12.1671,12.1582,123016.2862,0.3134,1298.0,7.0,1291.0,1284.0,16140.0,37407.4949,3703342.0,18685.0,46684.6667,4621782.0,137151.0,61607.3939,6099132.0,212649.0,71179.5657,7046777.0,271187.0,81173.1515,8036142.0,2010,2015,6099132.0,7046777.0,947645.0
1177,S419142,遂平县产业集聚区,河南省,遂平县,省政府,工业园区,2010.04,864.43,装备制造、农副产品加工,114.013323,33.146316,114.00745,33.148059,河南省驻马店市遂平县,区县,ok,509.946,37.2579,11.2053,118540.857,0.1372,1742.0,0.0,1742.0,1742.0,223031.0,42459.3627,4330855.0,302454.0,55988.8235,5710860.0,355709.0,70925.6275,7234414.0,377013.0,80317.0392,8192338.0,377013.0,88573.2745,9034474.0,2010,2015,7234414.0,8192338.0,957924.0
1178,S419143,新蔡县产业集聚区,河南省,新蔡县,省政府,工业园区,2010.12,645.46,纺织服装、食品、医药,114.965519,32.74488,114.960162,32.747008,河南省驻马店市新蔡县,区县,ok,448.962,61.8751,22.8184,184212.6559,0.355,347.0,5.0,342.0,337.0,48751.0,31676.9703,3199374.0,156119.0,42336.8614,4276023.0,193322.0,59602.5545,6019858.0,216762.0,73387.8812,7412176.0,249449.0,98368.901,9935259.0,2010,2015,6019858.0,7412176.0,1392318.0
1180,S419145,济源市玉川产业集聚区,河南省,济源市玉川,省政府,工业园区,2010.12,383.67,能源、有色金属加工,112.655313,35.134478,112.649286,35.135213,河南省济源市玉川产业集聚区,住宅区,ok,582.978,14.009,10.9395,52071.7823,1.4575,258.0,49.0,209.0,160.0,114578.0,26088.6931,2634958.0,140138.0,40904.2772,4131332.0,152149.0,58927.2178,5951649.0,160538.0,70049.2277,7074972.0,167176.0,82284.4257,8310727.0,2010,2015,5951649.0,7074972.0,1123323.0
1193,S429090,湖北西塞山工业园区,湖北省,西塞山,省政府,工业园区,2008.08,740.13,特钢加工、生物医药,115.20127,30.193623,115.195931,30.19611,湖北省黄石市西塞山区工业园区,未知,ok,475.203,23.912,16.2069,84227.1766,3.3781,2893.0,40.0,2853.0,2813.0,70737.0,20792.86,2079286.0,94845.0,30889.42,3088942.0,137374.0,40337.92,4033792.0,155409.0,45081.83,4508183.0,162878.0,47518.45,4751845.0,2000,2010,3088942.0,4033792.0,944850.0
1197,S429020,湖北郧西工业园区,湖北省,郧西,省政府,工业园区,2006.08,73.05,农副产品加工、建材、机械,110.405644,33.0051,110.400275,33.006857,湖北省十堰市郧西县工业园区,未知,ok,835.081,54.391,37.1512,255748.9947,9.8375,4683.0,23.0,4660.0,4637.0,17180.0,14919.39,1491939.0,21991.0,18734.85,1873485.0,33247.0,28965.41,2896541.0,41017.0,34716.68,3471668.0,52699.0,38450.92,3845092.0,2000,2010,1873485.0,2896541.0,1023056.0
1199,S429021,湖北竹溪工业园区,湖北省,竹溪,省政府,工业园区,2006.08,66.67,生物医药、农产品加工、电子,109.738186,32.323799,109.733152,32.326019,湖北省十堰市竹溪县工业园区,未知,ok,917.487,,44.8472,106063.6399,14.0537,4935.0,52.0,4883.0,4831.0,61528.0,12355.1275,1260223.0,81313.0,17164.0098,1750729.0,149785.0,27921.7549,2848019.0,187877.0,33648.8431,3432182.0,201910.0,35767.7941,3648315.0,2000,2010,1750729.0,2848019.0,1097290.0
1200,S429019,湖北房县工业园区,湖北省,房县,省政府,工业园区,2006.08,22.89,生物医药、食品饮料、纺织,110.726754,32.04017,110.721508,32.042339,湖北省十堰市房县,区县,ok,841.868,13.1509,9.2461,88707.5443,16.8299,2619.0,28.0,2591.0,2563.0,60027.0,25991.6275,2651146.0,90124.0,33177.7451,3384130.0,126206.0,47060.4902,4800170.0,142634.0,54192.2353,5527608.0,146530.0,58298.1961,5946416.0,2000,2010,3384130.0,4800170.0,1416040.0
1203,S429071,湖北伍家岗工业园区,湖北省,伍家岗,省政府,工业园区,2006.04,368.68,光电、装备制造、生物制品,111.401665,30.639464,111.39575,30.641764,湖北省宜昌市伍家岗区工业园区,未知,ok,859.719,29.3453,20.6052,186642.2564,7.7379,9920.0,49.0,9871.0,9822.0,18032.0,22702.0099,2292903.0,39025.0,32260.8218,3258343.0,185235.0,54438.4554,5498284.0,257298.0,69051.2277,6974174.0,273162.0,84532.9703,8537830.0,2000,2010,3258343.0,5498284.0,2239941.0
1204,S429092,湖北点军工业园区,湖北省,点军,省政府,工业园区,2008.02,101.28,电子材料、电子装备,111.268338,30.69343,111.262712,30.695886,湖北省宜昌市点军区,区县,ok,868.697,37.3535,30.9238,275995.1753,5.9326,6246.0,110.0,6136.0,6026.0,57454.0,72608.6162,7188253.0,74840.0,87585.8687,8671001.0,91358.0,101548.7172,10053323.0,100178.0,109870.9596,10877225.0,111276.0,120306.1212,11910306.0,2000,2010,8671001.0,10053323.0,1382322.0
1206,S429078,湖北远安工业园区,湖北省,远安,省政府,工业园区,2006.03,67.82,精细磷化工、农产品加工、生物医药,111.640329,31.060904,111.634676,31.063308,湖北省宜昌市远安县,区县,ok,766.431,23.5252,9.4601,84487.7862,26.7211,5133.0,96.0,5037.0,4941.0,174477.0,12830.42,1283042.0,196626.0,17054.49,1705449.0,210843.0,26861.53,2686153.0,216869.0,32370.55,3237055.0,218242.0,36330.5,3633050.0,2000,2010,1705449.0,2686153.0,980704.0
1210,S429076,湖北五峰工业园区,湖北省,五峰,省政府,工业园区,2006.03,250.76,化工、食品,111.07374,30.156741,111.068131,30.159157,湖北省宜昌市五峰土家族自治县,区县,ok,816.627,136.4663,137.5658,66306.7306,47.7746,3126.0,40.0,3086.0,3046.0,13236.0,4387.3725,447512.0,18132.0,6471.9902,660143.0,55711.0,10553.098,1076416.0,78010.0,13110.0098,1337221.0,98895.0,15819.4216,1613581.0,2000,2010,660143.0,1076416.0,416273.0
1224,S429096,湖北东宝工业园区,湖北省,东宝,省政府,工业园区,2008.02,521.49,森工、电子信息,112.22416,31.068016,112.218371,31.070244,湖北省荆门市东宝区工业园区,未知,ok,711.739,12.6697,16.3132,132071.3918,1.9078,2048.0,220.0,1828.0,1608.0,30621.0,58870.0196,6004742.0,39653.0,70993.049,7241291.0,50402.0,88520.098,9029050.0,57102.0,100028.8235,10202940.0,70017.0,116723.7843,11905826.0,2000,2010,7241291.0,9029050.0,1787759.0
1245,S429047,湖北蕲春李时珍医药工业园区,湖北省,蕲春李时珍医药,省政府,工业园区,2006.03,321.05,中医药、纺织服装、光电子,115.366596,30.251958,115.3611,30.254321,湖北省黄冈市蕲春县李时珍医药工业园区,住宅区,ok,458.169,,6.3714,51875.7046,0.6594,3779.0,2.0,3777.0,3775.0,12064.0,14563.7087,1500062.0,13745.0,19566.767,2015377.0,17586.0,27777.767,2861110.0,24458.0,32838.5631,3382372.0,52622.0,40019.9903,4122059.0,2000,2010,2015377.0,2861110.0,845733.0
1251,S429100,湖北崇阳工业园区,湖北省,崇阳,省政府,工业园区,2008.02,500.0,钒加工、生物科技、智能装备,114.045697,29.514094,114.040081,29.516597,湖北省咸宁市崇阳县工业园区,未知,ok,622.26,13.3828,10.2198,97681.2273,5.7584,7859.0,377.0,7482.0,7105.0,3362.0,29513.697,2921856.0,5767.0,39567.9192,3917224.0,82684.0,57647.1818,5707071.0,128962.0,68233.8586,6755152.0,139017.0,75696.8586,7493989.0,2000,2010,3917224.0,5707071.0,1789847.0
1256,S429102,湖北建始工业园区,湖北省,建始,省政府,工业园区,2008.08,289.62,清洁能源、建材、农产品加工,109.722333,30.602195,109.717449,30.604734,湖北省恩施土家族苗族自治州建始县,区县,ok,909.334,67.5475,33.8316,121827.4133,13.7273,4363.0,76.0,4287.0,4211.0,228900.0,7943.3301,818163.0,335830.0,15173.4078,1562861.0,360281.0,27268.8058,2808687.0,372630.0,35332.6602,3639264.0,385474.0,44139.4272,4546361.0,2000,2010,1562861.0,2808687.0,1245826.0
1258,S429089,湖北宣恩工业园区,湖北省,宣恩,省政府,工业园区,2006.08,40.0,农副产品加工、厨具、五金,109.448126,30.02894,109.44317,30.031413,湖北省恩施土家族苗族自治州宣恩县湖北宣恩工业园区,住宅区,ok,864.155,63.1968,51.6034,13778.0957,21.5856,3887.0,28.0,3859.0,3831.0,648.0,3196.0303,316407.0,3360.0,5055.0303,500448.0,31480.0,8522.0808,843686.0,44431.0,11275.8485,1116309.0,51700.0,15262.6061,1510998.0,2000,2010,500448.0,843686.0,343238.0
1259,S429104,湖北咸丰工业园区,湖北省,咸丰,省政府,工业园区,2008.08,188.06,建材、食品,109.140163,29.665215,109.135379,29.66771,湖北省恩施土家族苗族自治州咸丰县,区县,ok,856.666,50.761,25.1531,111830.8916,30.641,2440.0,118.0,2322.0,2204.0,13393.0,6587.951,671971.0,41743.0,10341.3235,1054815.0,59173.0,14109.2549,1439144.0,67259.0,16538.6078,1686938.0,74326.0,19660.4706,2005368.0,2000,2010,1054815.0,1439144.0,384329.0
1264,S429105,湖北神农架林区盘水生态产业园区,湖北省,神农架林区盘水生态,省政府,工业园区,2012.12,126.65,酿酒、中药材、农林产品,109.449249,30.029085,109.444295,30.031561,湖北省恩施土家族苗族自治州宣恩县生态产业园区,住宅区,ok,864.118,63.915,51.5381,14276.059,21.3324,3935.0,232.0,3703.0,3471.0,648.0,3195.5354,316358.0,3360.0,5054.3737,500383.0,31480.0,8532.5253,844720.0,44431.0,11291.2727,1117836.0,51700.0,15247.4949,1509502.0,2010,2015,844720.0,1117836.0,273116.0
1267,S439074,长沙岳麓工业集中区,湖南省,长沙岳麓,省政府,工业园区,2012.11,573.51,检验检测、生物医药、电子信息,112.930116,28.234202,112.924683,28.237722,湖南省长沙市岳麓区,区县,ok,568.167,31.3684,60.8887,458735.2994,2.3211,3425.0,668.0,2757.0,2089.0,16306.0,62401.5769,6489764.0,63043.0,109166.1827,11353283.0,181691.0,158192.4423,16452014.0,246637.0,186141.2212,19358687.0,265662.0,197138.8173,20502437.0,2010,2015,16452014.0,19358687.0,2906673.0
1270,S439075,长沙临空产业集聚区,湖南省,长沙临空,省政府,工业园区,2012.11,535.91,工程机械、汽车零部件、印刷,112.938882,28.228304,112.933432,28.231811,湖南省长沙市,市,ok,567.399,93.6603,71.8107,553947.7644,2.0613,2006.0,344.0,1662.0,1318.0,86329.0,85503.0385,8892316.0,275419.0,133337.5385,13867104.0,329168.0,175283.0385,18229436.0,350761.0,198906.6538,20686292.0,352647.0,208184.2019,21651157.0,2010,2015,18229436.0,20686292.0,2456856.0
1273,S439078,荷塘工业集中区,湖南省,荷塘,省政府,工业园区,2012.12,324.82,轨道交通装备、生物医药、复合新材料,113.198468,27.858624,113.192751,27.861882,湖南省株洲市荷塘区荷塘工业集中区(公交站),公交地铁站点,ok,523.642,26.9492,42.339,249927.0922,11.8298,6131.0,780.0,5351.0,4571.0,2096.0,65419.9286,6411153.0,4251.0,91753.9388,8991886.0,49115.0,112079.8673,10983827.0,86079.0,123322.602,12085615.0,137307.0,131480.3673,12885076.0,2010,2015,10983827.0,12085615.0,1101788.0
1276,S439079,攸县工业集中区,湖南省,攸县,省政府,工业园区,2012.11,575.64,生物医药、食品、轻工机械,80.381016,40.660447,80.378629,40.65968,新疆维吾尔自治区阿克苏地区阿瓦提县工业集中区,住宅区,ok,3300.793,23.8799,23.4036,140866.173,0.0031,0.0,0.0,0.0,0.0,37264.0,19530.5253,1933522.0,78876.0,39621.899,3922568.0,111075.0,53558.5758,5302299.0,124117.0,60123.3838,5952215.0,126625.0,61685.0909,6106824.0,2010,2015,5302299.0,5952215.0,649916.0
1278,S439080,炎陵工业集中区,湖南省,炎陵,省政府,工业园区,2012.11,386.97,有色金属冶炼加工、纺织、农林产品加工,80.381016,40.660447,80.378629,40.65968,新疆维吾尔自治区阿克苏地区阿瓦提县工业集中区,住宅区,ok,3300.793,23.8799,23.4036,140866.173,0.0031,0.0,0.0,0.0,0.0,37264.0,19530.5253,1933522.0,78876.0,39621.899,3922568.0,111075.0,53558.5758,5302299.0,124117.0,60123.3838,5952215.0,126625.0,61685.0909,6106824.0,2010,2015,5302299.0,5952215.0,649916.0
1284,S439082,衡山工业集中区,湖南省,衡山,省政府,工业园区,2014.07,182.79,专用设备、医药,80.381016,40.660447,80.378629,40.65968,新疆维吾尔自治区阿克苏地区阿瓦提县工业集中区,住宅区,ok,3300.793,23.8799,23.4036,140866.173,0.0031,0.0,0.0,0.0,0.0,37264.0,19530.5253,1933522.0,78876.0,39621.899,3922568.0,111075.0,53558.5758,5302299.0,124117.0,60123.3838,5952215.0,126625.0,61685.0909,6106824.0,2010,2015,5302299.0,5952215.0,649916.0
1287,S439083,衡南工业集中区,湖南省,衡南,省政府,工业园区,2012.11,454.22,电子、装备制造、文化、家居,112.655545,26.737569,112.650257,26.741131,湖南省衡阳市衡南县工业集中区,住宅区,ok,411.037,26.8808,29.3538,67249.594,3.3532,7603.0,2248.0,5355.0,3107.0,5893.0,8423.0381,884419.0,8150.0,13030.4476,1368197.0,102303.0,28203.4095,2961358.0,169982.0,38194.5524,4010428.0,208445.0,47760.5905,5014862.0,2010,2015,2961358.0,4010428.0,1049070.0
1294,S439084,大祥工业集中区,湖南省,大祥,省政府,工业园区,2012.12,88.14,汽车配件、非金属矿物制品,80.381016,40.660447,80.378629,40.65968,新疆维吾尔自治区阿克苏地区阿瓦提县工业集中区,住宅区,ok,3300.793,23.8799,23.4036,140866.173,0.0031,0.0,0.0,0.0,0.0,37264.0,19530.5253,1933522.0,78876.0,39621.899,3922568.0,111075.0,53558.5758,5302299.0,124117.0,60123.3838,5952215.0,126625.0,61685.0909,6106824.0,2010,2015,5302299.0,5952215.0,649916.0
1297,S439085,邵阳县工业集中区,湖南省,邵阳县,省政府,工业园区,2012.12,332.34,农副食品、电气机械、皮革制品,111.345649,27.031158,111.340128,27.034426,湖南省邵阳市邵阳县工业集中区,住宅区,ok,483.883,,24.7027,67759.6142,6.85,3063.0,984.0,2079.0,1095.0,32125.0,8928.495,901778.0,43225.0,11138.8911,1125028.0,94653.0,17479.495,1765429.0,131815.0,22551.1881,2277670.0,180575.0,31879.8812,3219868.0,2010,2015,1765429.0,2277670.0,512241.0
1298,S439086,隆回工业集中区,湖南省,隆回,省政府,工业园区,2012.11,275.87,农副食品、皮革制品、电子设备,111.060889,27.096573,111.055552,27.099798,湖南省邵阳市隆回县工业集中区,住宅区,ok,503.323,43.1382,43.3853,246081.6843,3.2335,2955.0,442.0,2513.0,2071.0,3338.0,24546.4898,2405556.0,8604.0,36001.8878,3528185.0,35687.0,45143.9898,4424111.0,73583.0,52724.8469,5167035.0,155475.0,67550.4694,6619946.0,2010,2015,4424111.0,5167035.0,742924.0
1300,S439087,绥宁工业集中区,湖南省,绥宁,省政府,工业园区,2014.07,181.69,木竹制品、家具,80.381016,40.660447,80.378629,40.65968,新疆维吾尔自治区阿克苏地区阿瓦提县工业集中区,住宅区,ok,3300.793,23.8799,23.4036,140866.173,0.0031,0.0,0.0,0.0,0.0,37264.0,19530.5253,1933522.0,78876.0,39621.899,3922568.0,111075.0,53558.5758,5302299.0,124117.0,60123.3838,5952215.0,126625.0,61685.0909,6106824.0,2010,2015,5302299.0,5952215.0,649916.0
1301,S439088,新宁工业集中区,湖南省,新宁,省政府,工业园区,2012.12,156.99,农副食品、木竹加工、机电设备,107.759402,35.311247,107.75453,35.31177,甘肃省庆阳市宁县新宁镇工业集中区,住宅区,ok,945.278,,7.9153,27521.37,0.4407,712.0,687.0,25.0,-662.0,1502.0,3146.5149,317798.0,1682.0,4653.5446,470008.0,1782.0,7577.396,765317.0,3148.0,9262.3564,935498.0,9768.0,11146.3762,1125784.0,2010,2015,765317.0,935498.0,170181.0
1302,S439089,城步工业集中区,湖南省,城步,省政府,工业园区,2014.07,149.02,农副食品加工、木竹藤棕草制品,80.381016,40.660447,80.378629,40.65968,新疆维吾尔自治区阿克苏地区阿瓦提县工业集中区,住宅区,ok,3300.793,23.8799,23.4036,140866.173,0.0031,0.0,0.0,0.0,0.0,37264.0,19530.5253,1933522.0,78876.0,39621.899,3922568.0,111075.0,53558.5758,5302299.0,124117.0,60123.3838,5952215.0,126625.0,61685.0909,6106824.0,2010,2015,5302299.0,5952215.0,649916.0
1305,S439030,湖南岳阳绿色化工产业园,湖南省,岳阳绿色,省政府,工业园区,2003.07,298.33,石化、化工、医药,113.263913,29.477721,113.2581,29.480372,湖南省岳阳市云溪区湖南岳阳绿色化工产业园,住宅区,ok,701.908,62.7493,31.6763,156354.0281,7.0464,13970.0,29.0,13941.0,13912.0,12724.0,14499.4272,1493441.0,104173.0,21814.7087,2246915.0,153865.0,31842.9515,3279824.0,181642.0,38658.9223,3981869.0,184653.0,45155.8252,4651050.0,2000,2010,2246915.0,3279824.0,1032909.0
1306,S439091,君山工业集中区,湖南省,君山,省政府,工业园区,2012.12,508.46,食品、农副产品加工,106.047295,31.337048,106.043317,31.339128,四川省南充市南部县君山村工业集中区,住宅区,ok,1068.605,35.796,32.4086,174423.069,5.4364,2729.0,860.0,1869.0,1009.0,45745.0,9141.43,914143.0,153657.0,23620.82,2362082.0,246974.0,41539.85,4153985.0,294721.0,51791.64,5179164.0,309534.0,56236.27,5623627.0,2010,2015,4153985.0,5179164.0,1025179.0
1308,S439093,华容工业集中区,湖南省,华容,省政府,工业园区,2012.11,925.01,纺织服装、食品、医药,112.687716,29.539823,112.682132,29.542524,湖南省岳阳市华容县工业集中区,住宅区,ok,714.682,25.2315,13.6959,20489.0663,3.7716,3354.0,1115.0,2239.0,1124.0,2613.0,4413.8384,436970.0,7432.0,6118.7172,605753.0,63749.0,9141.2727,904986.0,93537.0,11648.9798,1153249.0,122816.0,17440.5556,1726615.0,2010,2015,904986.0,1153249.0,248263.0
1311,S439031,湖南汨罗循环经济产业园区,湖南省,汨罗循环,省政府,工业园区,1994.03,919.13,再生资源、电子信息、机械,113.177994,28.763668,113.172164,28.76675,湖南省岳阳市汨罗市循环经济产业园区,住宅区,ok,623.674,18.9538,14.3386,107596.9553,4.4494,10472.0,0.0,10472.0,10472.0,1822.0,10475.9216,1068544.0,3417.0,21440.3431,2186915.0,37749.0,43009.8333,4387003.0,58509.0,55032.0588,5613270.0,92600.0,62220.1078,6346451.0,1990,2000,1068544.0,2186915.0,1118371.0
1312,S439032,湖南临湘工业园区,湖南省,临湘,省政府,工业园区,2006.04,435.46,建材、化工、有色冶金,113.438176,29.440688,113.432197,29.443202,湖南省岳阳市临湘市湖南临湘工业园区,住宅区,ok,696.907,10.8379,14.809,113214.787,24.405,8134.0,567.0,7567.0,7000.0,1163.0,19383.3981,1996490.0,1163.0,30290.9612,3119969.0,145352.0,41020.6699,4225129.0,246756.0,46910.8835,4831821.0,277442.0,49288.3301,5076698.0,2000,2010,3119969.0,4225129.0,1105160.0
1313,S439094,安乡工业集中区,湖南省,安乡,省政府,工业园区,2012.11,592.95,农副产品加工、机械、建材,80.381016,40.660447,80.378629,40.65968,新疆维吾尔自治区阿克苏地区阿瓦提县工业集中区,住宅区,ok,3300.793,23.8799,23.4036,140866.173,0.0031,0.0,0.0,0.0,0.0,37264.0,19530.5253,1933522.0,78876.0,39621.899,3922568.0,111075.0,53558.5758,5302299.0,124117.0,60123.3838,5952215.0,126625.0,61685.0909,6106824.0,2010,2015,5302299.0,5952215.0,649916.0
1317,S439095,桃源工业集中区,湖南省,桃源,省政府,工业园区,2012.11,890.0,有色金属冶炼加工、电子信息,117.741497,26.075329,117.736465,26.078487,福建省三明市大田县桃源镇工业集中区,住宅区,ok,135.907,32.1903,21.9498,6453.2388,43.5932,17204.0,3622.0,13582.0,9960.0,118.0,1830.2577,177535.0,3057.0,2737.0928,265498.0,14941.0,3388.6289,328697.0,19695.0,3693.5979,358279.0,21880.0,3933.3608,381536.0,2010,2015,328697.0,358279.0,29582.0
1321,S439097,慈利工业集中区,湖南省,慈利,省政府,工业园区,2012.11,159.89,金属及非金属材料加工、机械电子,111.170248,29.433292,111.1647,29.435899,湖南省张家界市慈利县工业集中区,住宅区,ok,737.416,28.6478,19.6747,153226.7164,12.9151,2018.0,299.0,1719.0,1420.0,4711.0,24957.2449,2445810.0,7290.0,31380.449,3075284.0,39216.0,37783.2449,3702758.0,53847.0,41817.0714,4098073.0,60477.0,47184.4388,4624075.0,2010,2015,3702758.0,4098073.0,395315.0
1322,S439098,桑植工业集中区,湖南省,桑植,省政府,工业园区,2012.11,234.11,农副产品加工、建材、生物医药,80.381016,40.660447,80.378629,40.65968,新疆维吾尔自治区阿克苏地区阿瓦提县工业集中区,住宅区,ok,3300.793,23.8799,23.4036,140866.173,0.0031,0.0,0.0,0.0,0.0,37264.0,19530.5253,1933522.0,78876.0,39621.899,3922568.0,111075.0,53558.5758,5302299.0,124117.0,60123.3838,5952215.0,126625.0,61685.0909,6106824.0,2010,2015,5302299.0,5952215.0,649916.0
1329,S439055,湖南桂阳工业园区,湖南省,桂阳,省政府,工业园区,2006.08,561.29,有色金属冶炼加工、非金属矿物制品、食品,112.730886,25.690143,112.725526,25.693109,湖南省郴州市桂阳县湖南桂阳工业园区,住宅区,ok,295.997,59.0732,39.9013,83473.4928,13.7496,14722.0,1652.0,13070.0,11418.0,5924.0,17860.2353,1821744.0,12173.0,25844.5196,2636141.0,21220.0,31825.9118,3246243.0,30118.0,35361.9314,3606917.0,54736.0,38830.2843,3960689.0,2000,2010,2636141.0,3246243.0,610102.0
1333,S439056,湖南临武工业园区,湖南省,临武,省政府,工业园区,2006.08,342.89,有色金属冶炼、农副食品、电子,112.57925,25.264353,112.574139,25.267372,湖南省郴州市临武县工业园区,未知,ok,255.207,49.4743,45.8903,108576.4993,6.4114,11233.0,1412.0,9821.0,8409.0,20819.0,16303.6311,1679274.0,43411.0,22220.1068,2288671.0,70178.0,30805.767,3172994.0,90375.0,36098.8058,3718177.0,93170.0,40089.7184,4129241.0,2000,2010,2288671.0,3172994.0,884323.0
1335,S439099,桂东工业集中区,湖南省,桂东,省政府,工业园区,2012.12,186.9,纺织服装、木材加工、金属冶炼,110.493668,24.493923,110.489078,24.496804,广西壮族自治区桂林市荔浦市桂东村,村庄,ok,317.438,9.8968,13.6205,21847.2104,27.2979,23973.0,5413.0,18560.0,13147.0,8807.0,8320.3235,848673.0,10040.0,10851.6078,1106864.0,13777.0,13520.7549,1379117.0,15614.0,14877.5588,1517511.0,17225.0,15657.1667,1597031.0,2010,2015,1379117.0,1517511.0,138394.0
1336,S439100,安仁工业集中区,湖南省,安仁,省政府,工业园区,2012.11,358.86,电子、服装、皮具,113.277862,26.591851,113.272271,26.595265,湖南省郴州市安仁县工业集中区,住宅区,ok,383.254,14.9817,12.1892,28120.5849,20.845,16681.0,5938.0,10743.0,4805.0,12393.0,7810.9604,788907.0,15910.0,11253.0495,1136558.0,21545.0,14838.6832,1498707.0,26543.0,16986.2772,1715614.0,41348.0,20199.9703,2040197.0,2010,2015,1498707.0,1715614.0,216907.0
1338,S439058,湖南零陵工业园区,湖南省,零陵,省政府,工业园区,2006.04,469.38,生物医学、电子、锰冶炼加工,111.581617,26.204771,111.576393,26.208253,湖南省永州市零陵区零陵工业园区,住宅区,ok,391.779,23.4372,17.6644,129939.2804,9.2961,8784.0,667.0,8117.0,7450.0,4531.0,22618.8163,2216644.0,7052.0,32046.4184,3140549.0,64708.0,40254.3878,3944930.0,110328.0,45811.2653,4489504.0,167472.0,51753.4286,5071836.0,2000,2010,3140549.0,3944930.0,804381.0
1342,S439101,双牌工业集中区,湖南省,双牌,省政府,工业园区,2012.12,118.51,农林产品加工、医药、化工,111.665486,26.031854,111.660177,26.03515,湖南省永州市双牌县工业集中区,住宅区,ok,370.94,12.7009,10.5771,50621.8689,10.7311,6528.0,3542.0,2986.0,-556.0,4161.0,5836.8384,577847.0,4508.0,8675.5758,858882.0,16544.0,12228.8485,1210656.0,25927.0,14372.1919,1422847.0,39823.0,16280.4545,1611765.0,2010,2015,1210656.0,1422847.0,212191.0
1343,S439102,道县工业集中区,湖南省,道县,省政府,工业园区,2012.11,477.23,电子信息、轻纺制鞋、先进制造,111.632275,25.552927,111.627066,25.555997,湖南省永州市道县工业集中区,住宅区,ok,327.423,,19.0063,84121.9991,1.1575,4586.0,1028.0,3558.0,2530.0,216.0,15144.6,1514460.0,216.0,22184.87,2218487.0,593.0,33250.92,3325092.0,15166.0,39882.73,3988273.0,87387.0,46689.07,4668907.0,2010,2015,3325092.0,3988273.0,663181.0
1344,S439103,江永工业集中区,湖南省,江永,省政府,工业园区,2012.12,177.3,食品、有色金属冶炼加工、新材料,80.381016,40.660447,80.378629,40.65968,新疆维吾尔自治区阿克苏地区阿瓦提县工业集中区,住宅区,ok,3300.793,23.8799,23.4036,140866.173,0.0031,0.0,0.0,0.0,0.0,37264.0,19530.5253,1933522.0,78876.0,39621.899,3922568.0,111075.0,53558.5758,5302299.0,124117.0,60123.3838,5952215.0,126625.0,61685.0909,6106824.0,2010,2015,5302299.0,5952215.0,649916.0
1345,S439061,湖南宁远工业园区,湖南省,宁远,省政府,工业园区,2006.04,105.79,电气机械、建材、金属冶炼加工,111.970445,25.648677,111.965153,25.651709,湖南省永州市宁远县湖南宁远工业园区,住宅区,ok,319.026,,22.4476,97243.077,2.9884,2400.0,78.0,2322.0,2244.0,173.0,12709.8614,1283696.0,173.0,17261.297,1743391.0,8147.0,25467.4257,2572210.0,28713.0,30010.604,3031071.0,108865.0,33394.8911,3372884.0,2000,2010,1743391.0,2572210.0,828819.0
1347,S439104,新田工业集中区,湖南省,新田,省政府,工业园区,2012.11,420.66,家具、机械、富硒农产品加工,112.192234,25.894396,112.186807,25.897429,湖南省永州市新田县工业集中区,住宅区,ok,334.326,31.3984,33.6853,142657.1465,2.1904,3289.0,489.0,2800.0,2311.0,10017.0,17038.3846,1771992.0,23547.0,26958.5865,2803693.0,103730.0,35779.5096,3721069.0,149269.0,40791.4327,4242309.0,172224.0,46234.6635,4808405.0,2010,2015,3721069.0,4242309.0,521240.0
1351,S439105,沅陵工业集中区,湖南省,沅陵,省政府,工业园区,2012.12,300.09,新材料、电气机械、食品,110.431213,28.396903,110.426225,28.400103,湖南省怀化市沅陵县工业集中区,住宅区,ok,659.633,,100.8338,73104.5064,26.3258,3969.0,1125.0,2844.0,1719.0,724.0,1113.4369,114684.0,896.0,2637.3592,271648.0,19612.0,4529.0971,466497.0,40260.0,6095.7961,627867.0,99313.0,8798.0971,906204.0,2010,2015,466497.0,627867.0,161370.0
1352,S439106,辰溪工业集中区,湖南省,辰溪,省政府,工业园区,2012.11,217.84,非金属矿制品、电子元器件,80.381016,40.660447,80.378629,40.65968,新疆维吾尔自治区阿克苏地区阿瓦提县工业集中区,住宅区,ok,3300.793,23.8799,23.4036,140866.173,0.0031,0.0,0.0,0.0,0.0,37264.0,19530.5253,1933522.0,78876.0,39621.899,3922568.0,111075.0,53558.5758,5302299.0,124117.0,60123.3838,5952215.0,126625.0,61685.0909,6106824.0,2010,2015,5302299.0,5952215.0,649916.0
1353,S439107,溆浦工业集中区,湖南省,溆浦,省政府,工业园区,2012.12,324.74,化纤、农副食品、建材,80.381016,40.660447,80.378629,40.65968,新疆维吾尔自治区阿克苏地区阿瓦提县工业集中区,住宅区,ok,3300.793,23.8799,23.4036,140866.173,0.0031,0.0,0.0,0.0,0.0,37264.0,19530.5253,1933522.0,78876.0,39621.899,3922568.0,111075.0,53558.5758,5302299.0,124117.0,60123.3838,5952215.0,126625.0,61685.0909,6106824.0,2010,2015,5302299.0,5952215.0,649916.0
1354,S439108,会同工业集中区,湖南省,会同,省政府,工业园区,2012.12,201.19,木材加工、有色金属冶炼加工,119.933192,31.020493,119.928576,31.022811,浙江省湖州市长兴县会同村,村庄,ok,86.323,22.3869,22.4548,224637.85,1.4308,441.0,185.0,256.0,71.0,8335.0,24502.1176,2499216.0,19677.0,47942.2549,4890110.0,160774.0,106883.2451,10902091.0,267967.0,143140.0,14600280.0,317884.0,155927.2157,15904576.0,2010,2015,10902091.0,14600280.0,3698189.0
1355,S439109,麻阳工业集中区,湖南省,麻阳,省政府,工业园区,2012.12,213.87,建材、冶金、农副食品,110.144938,35.317519,110.13946,35.317847,陕西省渭南市合阳县麻阳村,村庄,ok,754.024,8.386,8.0811,32405.0484,0.0723,143.0,23.0,120.0,97.0,33741.0,12138.69,1213869.0,36378.0,13014.88,1301488.0,47580.0,17156.68,1715668.0,53761.0,19168.99,1916899.0,53893.0,19977.92,1997792.0,2010,2015,1715668.0,1916899.0,201231.0
1356,S439110,新晃工业集中区,湖南省,新晃,省政府,工业园区,2012.11,400.73,农副食品、非金属矿物制品、电气机械,80.381016,40.660447,80.378629,40.65968,新疆维吾尔自治区阿克苏地区阿瓦提县工业集中区,住宅区,ok,3300.793,23.8799,23.4036,140866.173,0.0031,0.0,0.0,0.0,0.0,37264.0,19530.5253,1933522.0,78876.0,39621.899,3922568.0,111075.0,53558.5758,5302299.0,124117.0,60123.3838,5952215.0,126625.0,61685.0909,6106824.0,2010,2015,5302299.0,5952215.0,649916.0
1357,S439111,芷江工业集中区,湖南省,芷江,省政府,工业园区,2012.12,187.02,农副产品加工、橡胶制品、塑料,109.809591,27.520321,109.804975,27.523697,湖南省怀化市芷江侗族自治县芷江镇工业集中区,住宅区,ok,629.631,,40.1202,22226.5753,14.0227,4535.0,1473.0,3062.0,1589.0,5932.0,1573.2727,155754.0,16173.0,2412.202,238808.0,48679.0,3336.7879,330342.0,66524.0,3975.2121,393546.0,84735.0,5142.5455,509112.0,2010,2015,330342.0,393546.0,63204.0
1358,S439112,靖州工业集中区,湖南省,靖州,省政府,工业园区,2012.12,306.11,农副产品加工、新材料、木材加工,109.67686,26.614365,109.672339,26.617919,湖南省怀化市靖州苗族侗族自治县靖州工业集中区,住宅区,ok,528.728,11.0806,15.7894,55010.2026,23.2542,21416.0,15264.0,6152.0,-9112.0,9586.0,11565.866,1121889.0,10994.0,15747.7423,1527531.0,13712.0,19451.7526,1886820.0,17063.0,21481.8557,2083740.0,30001.0,23912.7526,2319537.0,2010,2015,1886820.0,2083740.0,196920.0
1359,S439113,通道工业集中区,湖南省,通道,省政府,工业园区,2012.12,198.57,农副产品加工、木材加工,105.87147,32.429243,105.867808,32.431686,四川省广元市利州区通大道,道路,ok,1190.301,27.3173,12.7535,100943.6705,11.7151,5089.0,309.0,4780.0,4471.0,67453.0,23447.1881,2368166.0,148733.0,43534.4752,4396982.0,239138.0,65456.5545,6611112.0,280644.0,76507.198,7727227.0,281418.0,80374.5347,8117828.0,2010,2015,6611112.0,7727227.0,1116115.0
1360,S439114,洪江工业集中区,湖南省,洪江,省政府,工业园区,2012.11,471.57,基础化工、精细化工、建材,108.246187,27.838285,108.241989,27.841645,贵州省铜仁市思南县洪江村,村庄,ok,653.184,,24.4877,8325.8337,8.0351,1221.0,320.0,901.0,581.0,6143.0,2642.3365,274803.0,10526.0,4098.0865,426201.0,28304.0,6822.1635,709505.0,41998.0,9273.5096,964445.0,59939.0,14339.2788,1491285.0,2010,2015,709505.0,964445.0,254940.0
1368,S439116,凤凰工业集中区,湖南省,凤凰,省政府,工业园区,2012.12,373.25,旅游产品加工、农副产品加工,119.151654,30.492815,119.14638,30.49511,安徽省宣城市宁国市凤凰村工业集中区,住宅区,ok,101.666,14.1217,8.1376,9350.1274,48.1678,12798.0,5364.0,7434.0,2070.0,1501.0,1773.396,179113.0,1511.0,2611.0792,263719.0,28502.0,5038.1683,508855.0,51380.0,6619.0396,668523.0,67856.0,8132.505,821383.0,2010,2015,508855.0,668523.0,159668.0
1369,S439117,花垣工业集中区,湖南省,花垣,省政府,工业园区,2012.11,726.76,金属冶炼加工,109.434353,28.581118,109.429481,28.584273,湖南省湘西土家族苗族自治州花垣县工业集中区,住宅区,ok,739.764,19.0777,22.392,83857.8544,3.465,1741.0,132.0,1609.0,1477.0,936.0,11028.0707,1091779.0,2927.0,19479.2626,1928447.0,33783.0,27830.7374,2755243.0,57840.0,32605.9495,3227989.0,68977.0,35880.3636,3552156.0,2010,2015,2755243.0,3227989.0,472746.0
1370,S439118,保靖工业集中区,湖南省,保靖,省政府,工业园区,2012.11,278.76,矿产品、农副产品加工、电子信息,117.203599,31.525111,117.198122,31.527068,安徽省六安市舒城县保靖村,村庄,ok,239.666,7.2306,13.3164,22278.3789,0.5453,626.0,100.0,526.0,426.0,1649.0,8084.8,848904.0,2140.0,11260.5714,1182360.0,3281.0,18502.3238,1942744.0,3797.0,24707.0,2594235.0,3822.0,36326.3524,3814267.0,2010,2015,1942744.0,2594235.0,651491.0
1371,S439119,古丈工业集中区,湖南省,古丈,省政府,工业园区,2012.12,185.35,建材、农产品加工、食品,80.381016,40.660447,80.378629,40.65968,新疆维吾尔自治区阿克苏地区阿瓦提县工业集中区,住宅区,ok,3300.793,23.8799,23.4036,140866.173,0.0031,0.0,0.0,0.0,0.0,37264.0,19530.5253,1933522.0,78876.0,39621.899,3922568.0,111075.0,53558.5758,5302299.0,124117.0,60123.3838,5952215.0,126625.0,61685.0909,6106824.0,2010,2015,5302299.0,5952215.0,649916.0
1373,S439120,龙山工业集中区,湖南省,龙山,省政府,工业园区,2012.12,103.96,农产品加工、建材、中药材,114.313365,26.316069,114.30825,26.319336,江西省吉安市遂川县龙山,村庄,ok,355.491,,35.8932,19490.0252,38.5359,5782.0,356.0,5426.0,5070.0,9500.0,2754.2039,283683.0,11710.0,3432.534,353551.0,21583.0,5383.6602,554517.0,27289.0,6648.4951,684795.0,29008.0,8634.0097,889303.0,2010,2015,554517.0,684795.0,130278.0
1374,S449001,广州白云工业园区,广东省,广州白云,省政府,工业园区,2006.05,159.06,铝材加工、化妆品、电子信息,106.623069,26.677932,106.619512,26.68161,贵州省贵阳市白云区,区县,ok,557.488,98.9451,47.62,411151.1126,3.139,3066.0,98.0,2968.0,2870.0,99252.0,34310.4455,3465355.0,177315.0,52190.5545,5271246.0,235846.0,90020.4653,9092067.0,266877.0,110240.8119,11134322.0,269576.0,117802.1485,11898017.0,2000,2010,5271246.0,9092067.0,3820821.0
1375,S449002,广州云埔工业园区,广东省,广州云埔,省政府,工业园区,2006.08,771.81,智能装备、食品饮料,113.534109,23.127548,113.528917,23.130325,广东省广州市黄埔区云埔街道,乡镇,ok,5.045,204.2186,87.5331,630151.0214,8.3831,4552.0,761.0,3791.0,3030.0,7585.0,36539.5842,3690498.0,144673.0,99268.0891,10026077.0,226274.0,142852.7327,14428126.0,259933.0,167644.2277,16932067.0,268095.0,177358.8911,17913248.0,2000,2010,10026077.0,14428126.0,4402049.0
1380,S449021,广东始兴工业园区,广东省,始兴,省政府,工业园区,1993.06,450.0,新材料、电子机械、玩具,114.061998,24.953908,114.056715,24.956604,广东省韶关市始兴县,区县,ok,202.427,29.8785,19.5735,79546.734,10.7553,10767.0,0.0,10767.0,10767.0,13645.0,21831.1881,2204950.0,26468.0,28857.8713,2914645.0,55302.0,37011.4257,3738154.0,66918.0,41217.9208,4163010.0,69874.0,42816.5149,4324468.0,1990,2000,2204950.0,2914645.0,709695.0
1381,S449070,广东仁化县产业转移工业园区,广东省,仁化县,省政府,工业园区,2015.09,121.93,有色金属冶炼、有色金属深加工、木材加工,113.749175,25.085764,113.743838,25.088603,广东省韶关市仁化县,区县,ok,213.898,38.5447,20.0168,58869.34,29.6481,19248.0,12643.0,6605.0,-6038.0,90733.0,12242.9706,1248783.0,114232.0,18505.4608,1887557.0,201841.0,26345.7157,2687263.0,244329.0,30428.549,3103712.0,269109.0,32587.7843,3323954.0,2015,2020,3103712.0,3323954.0,220242.0
1384,S449071,广东新丰县产业转移工业园区,广东省,新丰县,省政府,工业园区,2010.06,258.11,新材料、建材,114.206641,24.059909,114.201655,24.062603,广东省韶关市新丰县,区县,ok,110.657,27.7609,26.1904,52014.1281,30.8562,14913.0,5153.0,9760.0,4607.0,90928.0,10979.7273,1086993.0,112819.0,17582.6061,1740678.0,134558.0,23754.9798,2351743.0,143664.0,26770.6364,2650293.0,145224.0,28342.6768,2805925.0,2010,2015,2351743.0,2650293.0,298550.0
1386,S449072,广东南雄市产业转移工业园区,广东省,南雄市,省政府,工业园区,2010.03,559.24,精细化工、新材料,114.31184,25.117653,114.306813,25.12042,广东省韶关市南雄市,区县,ok,225.977,70.6637,24.4335,117696.1724,2.4217,343.0,109.0,234.0,125.0,323393.0,28658.3922,2923156.0,334170.0,35415.7647,3612408.0,334593.0,46574.8824,4750638.0,337671.0,53183.0784,5424674.0,353421.0,58585.8333,5975755.0,2010,2015,4750638.0,5424674.0,674036.0
1387,S449008,广东珠海富山工业园区,广东省,珠海富山,省政府,工业园区,2006.08,104.47,装备制造、电子信息、家用电器,113.147184,22.19041,113.141788,22.193088,广东省珠海市斗门区富山工业园区,住宅区,ok,2.984,20.0676,14.1685,57396.4887,3.4779,2872.0,86.0,2786.0,2700.0,5475.0,7537.4851,761286.0,42807.0,13223.7723,1335601.0,165509.0,27711.9307,2798905.0,234399.0,36751.099,3711861.0,239298.0,41532.2574,4194758.0,2000,2010,1335601.0,2798905.0,1463304.0
1388,S449007,广东珠海金湾联港工业园区,广东省,珠海金湾联港,省政府,工业园区,2006.08,502.43,电子电器、生物制药、装备制造,113.27267,22.091776,113.267402,22.094544,广东省珠海市金湾区联港工业园区,住宅区,ok,0.033,19.4835,10.9765,62445.2031,5.4151,1076.0,632.0,444.0,-188.0,73.0,3245.3431,331025.0,10948.0,7746.402,790133.0,146540.0,18385.7157,1875343.0,225133.0,25505.8235,2601594.0,246425.0,29258.7549,2984393.0,2000,2010,790133.0,1875343.0,1085210.0
1389,S449011,广东汕头龙湖工业园区,广东省,汕头龙湖,省政府,工业园区,2006.08,245.49,机械、电子、玩具、珠宝,116.749832,23.387084,116.745256,23.389659,广东省汕头市龙湖区汕头龙湖工业园区(北门),兴趣点,ok,4.414,121.8043,95.8295,831129.436,0.1505,53.0,16.0,37.0,21.0,209475.0,121505.9901,12272105.0,355337.0,192742.9802,19467041.0,378746.0,200853.6337,20286217.0,388343.0,205850.0396,20790854.0,389514.0,212125.0693,21424632.0,2000,2010,19467041.0,20286217.0,819176.0
1390,S449010,广东汕头金平工业园区,广东省,汕头金平,省政府,工业园区,2006.08,302.8,食品、机械、印刷,116.662299,23.393582,116.657875,23.396269,广东省汕头市金平区金平工业园区,住宅区,ok,4.243,89.424,74.7677,519934.5023,1.2772,308.0,95.0,213.0,118.0,12817.0,108574.83,10857483.0,94849.0,157379.34,15737934.0,211792.0,167751.93,16775193.0,278278.0,173188.84,17318884.0,283275.0,177358.02,17735802.0,2000,2010,15737934.0,16775193.0,1037259.0
1391,S449073,汕头市潮阳区贵屿循环经济产业园区,广东省,汕头市潮阳区贵屿循环,省政府,工业园区,2010.03,166.47,电器拆解、塑料造粒,116.367755,23.325676,116.363067,23.328105,广东省汕头市潮阳区贵屿循环经济产业园区,住宅区,ok,17.265,,47.0495,348918.8625,0.4967,226.0,120.0,106.0,-14.0,127.0,48980.0784,4995968.0,2438.0,114339.2451,11662603.0,32291.0,136359.8627,13908706.0,55275.0,147690.6373,15064445.0,85603.0,150758.3627,15377353.0,2010,2015,13908706.0,15064445.0,1155739.0
1392,S449074,广东省汕头市澄海岭海工业园,广东省,省汕头市澄海岭海,省政府,工业园区,2003.07,475.15,玩具、毛衫、木制品,116.843313,23.432946,116.838827,23.435636,广东省汕头市澄海区岭海工业园,住宅区,ok,1.112,,38.766,118468.7553,0.371,142.0,9.0,133.0,124.0,8871.0,21862.2828,2164366.0,15174.0,36865.3333,3649668.0,25618.0,41089.3636,4067847.0,31011.0,43214.0707,4278193.0,36656.0,45422.5657,4496834.0,2000,2010,3649668.0,4067847.0,418179.0
1397,S449017,广东佛山三水工业园区,广东省,佛山三水,省政府,工业园区,2006.08,431.33,机械装备、金属加工及制品、电子电器,113.022099,23.234357,113.016745,23.236935,广东省佛山市三水区三水工业园区,住宅区,ok,41.22,39.2032,26.6107,127092.7402,1.1593,927.0,244.0,683.0,439.0,17545.0,18308.9802,1849207.0,94043.0,38634.3663,3902071.0,191932.0,85504.7624,8635981.0,248660.0,113041.495,11417191.0,258592.0,128058.2772,12933886.0,2000,2010,3902071.0,8635981.0,4733910.0
1398,S449016,广东佛山高明沧江工业园区,广东省,佛山高明沧江,省政府,工业园区,2006.08,1220.16,食品、纺织、新材料,112.835408,22.892494,112.830321,22.895386,广东省佛山市高明区沧江工业园区,住宅区,ok,39.273,25.6419,28.6515,152540.8402,6.0197,3101.0,509.0,2592.0,2083.0,0.0,18386.64,1838664.0,109148.0,45476.07,4547607.0,277917.0,73864.11,7386411.0,367264.0,92368.67,9236867.0,376194.0,100706.18,10070618.0,2000,2010,4547607.0,7386411.0,2838804.0
1399,S449075,广东江门蓬江区产业转移工业园区,广东省,江门蓬江区,省政府,工业园区,2015.12,494.6,精密电子、摩托车及零配件、精细化工,112.310353,22.163283,112.30519,22.166035,广东省江门市恩平市产业转移工业园区,住宅区,ok,14.097,53.8139,48.4459,199306.5167,8.1059,13159.0,3709.0,9450.0,5741.0,63380.0,35929.6,3592960.0,94444.0,56113.56,5611356.0,196226.0,70400.73,7040073.0,245352.0,78688.01,7868801.0,251500.0,84529.96,8452996.0,2015,2020,7868801.0,8452996.0,584195.0
1401,S449043,广东台山广海湾工业园区,广东省,台山广海湾,省政府,工业园区,1992.12,1432.89,电力、热力、汽车,112.891777,21.885171,112.886817,21.888039,广东省江门市台山市广海湾工业园区,住宅区,ok,1.257,,24.8002,10936.9097,16.4635,10410.0,0.0,10410.0,10410.0,544.0,1358.6952,142663.0,587.0,4036.2571,423807.0,1514.0,5658.7524,594169.0,2306.0,6537.2381,686410.0,4418.0,7030.3524,738187.0,1990,2000,142663.0,423807.0,281144.0
1402,S449076,开平翠山湖科技产业园,广东省,开平翠山湖科技,省政府,工业园区,2009.06,1165.16,五金机械、电子信息、新材料,112.652074,22.433796,112.647086,22.436803,广东省江门市开平市开平翠山湖,住宅区,ok,48.221,42.4697,23.0054,32874.7343,25.5665,29483.0,7060.0,22423.0,15363.0,367.0,7025.2039,723596.0,367.0,9986.6019,1028620.0,84671.0,18062.767,1860465.0,132225.0,24093.2621,2481606.0,142667.0,28403.767,2925588.0,2000,2010,1028620.0,1860465.0,831845.0
1403,S449077,广东鹤山市产业转移工业园区,广东省,鹤山市,省政府,工业园区,2015.05,925.83,装备制造、电子信息、新材料,112.964203,22.765912,112.959078,22.768844,广东省江门市鹤山市,区县,ok,30.119,72.0665,23.7451,186873.6463,2.095,2879.0,750.0,2129.0,1379.0,336941.0,36893.0583,3799985.0,388630.0,74000.9612,7622099.0,401491.0,101486.534,10453113.0,406716.0,119518.6311,12310419.0,407132.0,126813.0874,13061748.0,2015,2020,12310419.0,13061748.0,751329.0
1404,S449078,广东恩平市工业园,广东省,恩平市,省政府,工业园区,2015.12,865.97,电子信息、机械,112.304904,22.183743,112.299749,22.186512,广东省江门市恩平市,区县,ok,16.33,79.3797,46.4058,211331.9129,6.9655,13193.0,4882.0,8311.0,3429.0,289140.0,37949.9505,3832945.0,304808.0,58420.1881,5900439.0,310045.0,73145.3762,7387683.0,312713.0,81602.297,8241832.0,314985.0,87223.8713,8809611.0,2015,2020,8241832.0,8809611.0,567779.0
1405,S449047,广东湛江临港工业园区,广东省,湛江临港,省政府,工业园区,2006.05,538.67,石油加工、资源加工、物流,110.381427,21.142622,110.376903,21.144978,广东省湛江市霞山区临港工业园区,住宅区,ok,0.781,38.7448,55.3577,135460.3542,0.687,1739.0,129.0,1610.0,1481.0,27303.0,36461.1683,3682578.0,36058.0,47722.297,4819952.0,46725.0,60910.6733,6151978.0,52727.0,67821.0891,6849930.0,53164.0,70143.1881,7084462.0,2000,2010,4819952.0,6151978.0,1332026.0
1406,S449079,坡头区科技产业园,广东省,坡头区科技,省政府,工业园区,2015.05,404.93,食品、电气机械器材、计算机及通信,119.459587,32.816618,119.454163,32.818421,江苏省扬州市高邮市科技产业园,住宅区,ok,53.556,30.7262,29.6812,214179.7908,0.2947,131.0,17.0,114.0,97.0,49171.0,47711.5437,4914289.0,81071.0,66609.7184,6860801.0,241670.0,103289.1068,10638778.0,353312.0,124970.5534,12871967.0,374191.0,135464.4272,13952836.0,2015,2020,12871967.0,13952836.0,1080869.0
1409,S449080,广东遂溪县产业转移工业园区,广东省,遂溪县,省政府,工业园区,2015.06,267.9,农副产品加工、酿酒、饮料、茶制品,110.25043,21.378371,110.246109,21.380911,广东省湛江市遂溪县,区县,ok,9.523,142.0198,38.1102,259264.0075,1.5907,3215.0,911.0,2304.0,1393.0,216842.0,22818.1782,2304636.0,269654.0,37218.9307,3759112.0,288547.0,48867.099,4935577.0,298203.0,55723.6733,5628091.0,308029.0,62723.505,6335074.0,2015,2020,5628091.0,6335074.0,706983.0
1412,S449081,广东奋勇东盟产业园,广东省,奋勇东盟,省政府,工业园区,2015.05,301.64,医药、专用设备、汽车,110.040963,20.979869,110.036551,20.982295,广东省湛江市雷州市广东奋勇东盟产业园,住宅区,ok,11.084,,47.4867,55796.8732,3.756,25452.0,11105.0,14347.0,3242.0,8214.0,6883.9902,702167.0,14557.0,10001.1373,1020116.0,22199.0,14889.9902,1518779.0,27899.0,18150.0196,1851302.0,37300.0,22410.4902,2285870.0,2015,2020,1851302.0,2285870.0,434568.0
1420,S449060,广东肇庆工业园区,广东省,肇庆,省政府,工业园区,1993.02,247.95,有色金属加工、汽车零部件、医药,112.698236,23.189491,112.693099,23.192199,广东省肇庆市鼎湖区广东肇庆工业园区,住宅区,ok,61.656,27.2598,23.0911,51446.8945,2.301,1324.0,0.0,1324.0,1324.0,1296.0,6941.1782,701059.0,3801.0,10002.6139,1010264.0,111125.0,21219.2772,2143147.0,175840.0,28313.297,2859643.0,215997.0,32858.7921,3318738.0,1990,2000,701059.0,1010264.0,309205.0
1421,S449082,广东肇庆高要区产业转移工业园区,广东省,肇庆高要区,省政府,工业园区,2015.05,347.48,汽车零配件、五金制品,112.458055,23.02474,112.452783,23.027354,广东省肇庆市高要区,区县,ok,78.994,84.3643,58.228,277048.8252,12.7708,12288.0,7434.0,4854.0,-2580.0,199612.0,58147.4752,5872895.0,217657.0,88159.1188,8904071.0,226122.0,99627.7822,10062406.0,230312.0,106305.5347,10736859.0,230401.0,109011.4554,11010157.0,2015,2020,10736859.0,11010157.0,273298.0
1422,S449083,广东广宁县产业转移工业园区,广东省,广宁县,省政府,工业园区,2015.05,398.39,再生资源、新材料、林浆纸一体化,112.440694,23.634808,112.435344,23.63726,广东省肇庆市广宁县,区县,ok,113.055,129.5269,51.54,159155.5189,38.077,15691.0,7358.0,8333.0,975.0,269974.0,14246.5842,1438905.0,290697.0,20447.1881,2065166.0,333422.0,25446.7129,2570118.0,357668.0,28472.4653,2875719.0,359656.0,30508.9208,3081401.0,2015,2020,2875719.0,3081401.0,205682.0
1423,S449084,广佛肇怀集经济合作区,广东省,广佛肇怀集,省政府,工业园区,2007.01,671.49,食品、机械、生物医药,112.131916,23.893369,112.126504,23.895884,广东省肇庆市怀集县经济合作区,住宅区,ok,155.581,24.6758,30.3705,158837.4987,16.889,24633.0,2185.0,22448.0,20263.0,15853.0,8430.2165,817731.0,21130.0,15403.1134,1494102.0,25641.0,20823.8454,2019913.0,32851.0,24459.5361,2372575.0,34410.0,26078.4948,2529614.0,2000,2010,1494102.0,2019913.0,525811.0
1424,S449085,粤桂合作特别试验区,广东省,粤桂合作特别试验区,省政府,工业园区,2014.07,406.14,电子信息、节能环保、食品,111.381272,23.457914,111.375928,23.460345,广西壮族自治区梧州市万秀区粤桂合作特别试验区,住宅区,ok,178.039,,38.5694,50024.573,32.6374,45388.0,11783.0,33605.0,21822.0,0.0,3572.134,346497.0,0.0,4583.7732,444626.0,0.0,5802.1753,562811.0,730.0,6955.0103,674636.0,8254.0,9570.2887,928318.0,2010,2015,562811.0,674636.0,111825.0
1425,S449086,广东德庆县产业转移工业园区,广东省,德庆县,省政府,工业园区,2006.11,423.88,林化工、金属加工、家具,111.785544,23.145035,111.780334,23.147744,广东省肇庆市德庆县,区县,ok,135.863,82.8268,55.1667,135103.136,18.9866,20756.0,2683.0,18073.0,15390.0,1261.0,11484.8835,1182943.0,47455.0,19831.1748,2042611.0,70175.0,25539.165,2630534.0,79587.0,29067.9515,2993999.0,81202.0,31077.5437,3200987.0,2000,2010,2042611.0,2630534.0,587923.0
1426,S449032,广东惠州工业园区,广东省,惠州,省政府,工业园区,2006.05,199.86,互联网、平板显示、先进制造,114.486347,22.977307,114.481566,22.980002,广东省惠州市惠城区惠州工业园区,住宅区,ok,28.64,77.4606,37.648,165463.1122,2.8694,5312.0,813.0,4499.0,3686.0,4046.0,8166.37,816637.0,11226.0,17880.91,1788091.0,156572.0,32749.75,3274975.0,230878.0,41773.66,4177366.0,241316.0,45419.28,4541928.0,2000,2010,1788091.0,3274975.0,1486884.0
1428,S449034,广东惠州大亚湾石化产业园区,广东省,惠州大亚湾石化,省政府,工业园区,2006.05,1384.06,石化、电力,114.497654,22.741562,114.492928,22.744381,广东省惠州市惠阳区大亚湾,住宅区,ok,5.202,27.4367,45.2851,207405.8646,9.033,8139.0,1237.0,6902.0,5665.0,9307.0,22114.8614,2233601.0,37337.0,59696.2871,6029325.0,43589.0,77749.9109,7852741.0,47333.0,88420.8119,8930502.0,53682.0,96187.5149,9714939.0,2000,2010,6029325.0,7852741.0,1823416.0
1429,S449087,广东博罗县产业转移工业园区,广东省,博罗县,省政府,工业园区,2015.05,792.29,电子信息、装备制造、化学材料,114.289602,23.172587,114.284732,23.175214,广东省惠州市博罗县,区县,ok,46.997,81.1403,50.9561,169225.1596,8.7536,11942.0,6274.0,5668.0,-606.0,103600.0,15362.67,1536267.0,297873.0,34413.57,3441357.0,312168.0,53756.67,5375667.0,318736.0,65398.03,6539803.0,322928.0,69741.59,6974159.0,2015,2020,6539803.0,6974159.0,434356.0
1430,S449088,广东惠东县产业转移工业园区,广东省,惠东县,省政府,工业园区,2006.10,746.61,装备制造、新能源、新材料,114.720136,22.984831,114.715456,22.987578,广东省惠州市惠东县,区县,ok,19.985,108.2911,46.9537,267119.8659,4.4676,8792.0,672.0,8120.0,7448.0,342533.0,32323.0294,3296949.0,411387.0,56145.451,5726836.0,421171.0,76724.1569,7825864.0,425084.0,88677.7451,9045130.0,425084.0,92666.8824,9452022.0,2000,2010,5726836.0,7825864.0,2099028.0
1431,S449089,广东惠州产业转移工业园区,广东省,惠州,省政府,工业园区,2009.06,295.0,电子信息、服装、建材,114.295892,23.674723,114.290983,23.677281,广东省惠州市龙门县产业转移工业园区,住宅区,ok,77.865,27.94,32.4438,50904.2648,19.0488,23087.0,5149.0,17938.0,12789.0,4601.0,5810.6122,569440.0,33447.0,10860.1735,1064297.0,75571.0,17207.4694,1686332.0,99001.0,20633.1939,2022053.0,115073.0,22940.6327,2248182.0,2000,2010,1064297.0,1686332.0,622035.0
1434,S449090,广东大埔县产业转移工业园区,广东省,大埔县,省政府,工业园区,2015.05,333.77,陶瓷,116.694825,24.347037,116.690263,24.349902,广东省梅州市大埔县,区县,ok,79.513,116.6004,110.6846,141012.2356,37.1363,13802.0,6877.0,6925.0,48.0,112748.0,15507.1748,1597239.0,142980.0,20233.2427,2084024.0,149327.0,22550.8641,2322739.0,152561.0,23762.7573,2447564.0,156293.0,24680.7864,2542121.0,2015,2020,2447564.0,2542121.0,94557.0
1437,S449091,广东平远县产业转移工业园区,广东省,平远县,省政府,工业园区,2013.11,400.01,稀土材料、家具、机械,115.865018,24.525813,115.860432,24.528827,广东省梅州市平远县产业转移工业园区,住宅区,ok,140.258,39.7351,25.3857,88773.705,11.0061,6438.0,761.0,5677.0,4916.0,35680.0,20967.7525,2117743.0,66296.0,25220.0099,2547221.0,90243.0,29385.9307,2967979.0,100901.0,31969.4851,3228918.0,105268.0,34849.3861,3519788.0,2010,2015,2967979.0,3228918.0,260939.0
1438,S449029,广东梅州蕉华工业园区,广东省,梅州蕉华,省政府,工业园区,2006.08,202.51,建材、食品、医药、机械,116.152969,24.603925,116.14818,24.606656,广东省梅州市蕉岭县蕉华工业园区,住宅区,ok,130.496,,21.5188,64642.6014,22.6512,4820.0,522.0,4298.0,3776.0,42497.0,30743.102,3012824.0,54334.0,36133.3061,3541064.0,72964.0,39043.6224,3826275.0,84503.0,40470.0408,3966064.0,88054.0,41411.6531,4058342.0,2000,2010,3541064.0,3826275.0,285211.0
1439,S449092,广东兴宁市产业转移工业园区,广东省,兴宁市,省政府,工业园区,2006.09,400.23,机械、汽车零配件、五金电子,115.731133,24.137296,115.726357,24.14005,广东省梅州市兴宁市,区县,ok,113.94,125.4246,58.216,407104.2762,1.9521,1159.0,176.0,983.0,807.0,261930.0,60954.402,6217349.0,390611.0,96252.9706,9817803.0,394173.0,117569.7745,11992117.0,395598.0,127637.9412,13019070.0,395598.0,132049.3725,13469036.0,2000,2010,9817803.0,11992117.0,2174314.0
1442,S449093,广东陆河县产业转移工业园区,广东省,陆河县,省政府,工业园区,2015.05,326.65,新能源汽车、建材、机械设备,115.659978,23.301557,115.655354,23.304276,广东省汕尾市陆河县,区县,ok,41.671,137.7962,57.0982,124759.6422,27.2661,16551.0,12173.0,4378.0,-7795.0,64359.0,8392.5192,872822.0,182683.0,18613.3462,1935788.0,265751.0,27334.0,2842736.0,307301.0,31474.0577,3273302.0,318254.0,32657.9038,3396422.0,2015,2020,3273302.0,3396422.0,123120.0
1445,S449026,广东河源江东新区产业转移工业园区,广东省,河源江东,省政府,工业园区,1992.01,211.0,光学、电子信息、装备制造,114.719008,23.717592,114.714283,23.72021,广东省河源市源城区广东河源江东新区,住宅区,ok,100.353,45.9129,63.1882,304567.1182,10.4853,6854.0,0.0,6854.0,6854.0,14883.0,47558.8416,4803443.0,37809.0,71710.2574,7242736.0,70248.0,93426.0099,9436027.0,83625.0,104576.5941,10562236.0,86662.0,108298.2574,10938124.0,1990,2000,4803443.0,7242736.0,2439293.0
1446,S449094,广东龙川县产业转移工业园区,广东省,龙川县,省政府,工业园区,2008.11,400.0,电子、电器、钢结构,115.26002,24.100599,115.25518,24.103333,广东省河源市龙川县,区县,ok,131.272,106.425,100.1951,192474.7945,17.6044,9792.0,2017.0,7775.0,5758.0,240415.0,23087.101,2285623.0,274666.0,33316.404,3298324.0,283537.0,40838.3434,4042996.0,287716.0,44451.0404,4400653.0,290239.0,46194.3838,4573244.0,2000,2010,3298324.0,4042996.0,744672.0
1447,S449095,广东连平县产业转移工业园区,广东省,连平县,省政府,工业园区,2015.05,139.46,农产品加工、新材料、电子信息,114.488358,24.369552,114.483492,24.372356,广东省河源市连平县,区县,ok,153.649,77.9514,56.4226,70471.8857,30.9412,13145.0,8162.0,4983.0,-3179.0,318872.0,10525.9082,1031539.0,360009.0,16516.4388,1618611.0,375069.0,20715.3469,2030104.0,382632.0,22928.8163,2247024.0,390294.0,24053.3776,2357231.0,2015,2020,2247024.0,2357231.0,110207.0
1448,S449096,广东和平县产业转移工业园区,广东省,和平县,省政府,工业园区,2007.05,407.1,钟表计时仪器、电子通讯设备、医药,114.935634,24.469177,114.930998,24.472194,广东省河源市和平县,区县,ok,177.903,57.8726,63.5358,189718.0453,12.4309,7973.0,846.0,7127.0,6281.0,15197.0,11230.4433,1089353.0,22137.0,16594.3402,1609651.0,47684.0,27674.3505,2684412.0,60405.0,33665.8763,3265590.0,67597.0,36113.3711,3502997.0,2000,2010,1609651.0,2684412.0,1074761.0
1449,S449097,广东东源县产业转移工业园区,广东省,东源县,省政府,工业园区,2011.10,843.5,新电子、新材料、机械,114.7466,23.790079,114.741851,23.792699,广东省河源市东源县,区县,ok,108.241,72.2631,52.7087,252052.8009,6.1202,13080.0,3332.0,9748.0,6416.0,34078.0,22979.8317,2320963.0,106784.0,48361.6238,4884524.0,148781.0,73984.2871,7472413.0,166069.0,86241.1881,8710360.0,168506.0,89630.4554,9052676.0,2010,2015,7472413.0,8710360.0,1237947.0
1450,S449044,广东阳江工业园区,广东省,阳江,省政府,工业园区,2002.12,976.0,金属制品、机械装备、硅胶制品,111.98343,21.856853,111.978351,21.85958,广东省阳江市,市,ok,2.34,92.1302,71.2565,499650.4946,3.6161,3326.0,205.0,3121.0,2916.0,327296.0,59913.0,5931387.0,348765.0,121906.5253,12068746.0,351433.0,153694.5859,15215764.0,352563.0,172771.8283,17104411.0,352872.0,184397.0404,18255307.0,2000,2010,12068746.0,15215764.0,3147018.0
1453,S449098,广东阳西县产业转移工业园区,广东省,阳西县,省政府,工业园区,2005.12,1001.28,不锈钢、食品、服装,111.617696,21.753935,111.612753,21.756746,广东省阳江市阳西县,区县,ok,7.276,119.1236,41.3145,209175.356,8.0785,13063.0,860.0,12203.0,11343.0,152903.0,10916.9314,1113527.0,303740.0,21809.0686,2224525.0,326387.0,32683.1569,3333682.0,335816.0,40665.3824,4147869.0,337652.0,50352.2647,5135931.0,2000,2010,2224525.0,3333682.0,1109157.0
1454,S449099,广东阳春市产业转移工业园区,广东省,阳春市,省政府,工业园区,2007.05,1334.16,建材、特种钢、纺织服装,111.791587,22.17041,111.786448,22.17326,广东省阳江市阳春市,区县,ok,29.498,34.9452,22.8683,130006.5651,11.093,9422.0,941.0,8481.0,7540.0,259481.0,31035.6139,3134597.0,289062.0,52176.9901,5269876.0,309258.0,66929.9109,6759921.0,318193.0,75269.3465,7602204.0,322579.0,81296.0792,8210904.0,2000,2010,5269876.0,6759921.0,1490045.0
1455,S449100,广东佛冈县产业转移工业园区,广东省,佛冈县,省政府,工业园区,2015.09,348.36,电子信息、食品饮料、通用装备,113.531559,23.879455,113.526308,23.882206,广东省清远市佛冈县,区县,ok,82.238,27.2792,22.1577,98468.6552,21.9971,30261.0,16965.0,13296.0,-3669.0,111330.0,10782.9109,1089074.0,140745.0,21741.1782,2195859.0,172337.0,29746.7228,3004419.0,187574.0,34481.8713,3482669.0,191343.0,36262.7624,3662539.0,2015,2020,3482669.0,3662539.0,179870.0
1456,S449101,广东顺德清远英德经济合作区,广东省,顺德清远英德,省政府,工业园区,2011.12,1290.6,机械装备、电子电器、新材料,113.387997,24.287057,113.382394,24.289699,广东省清远市英德市经济合作区,住宅区,ok,129.63,,26.2375,71916.9561,11.9814,11876.0,2819.0,9057.0,6238.0,3782.0,6362.8687,629924.0,4127.0,10094.0505,999311.0,12072.0,21900.4343,2168143.0,21328.0,28444.2626,2815982.0,51947.0,31720.6061,3140340.0,2010,2015,2168143.0,2815982.0,647839.0
1457,S449102,广东连州市产业转移工业园区,广东省,连州市,省政府,工业园区,2015.09,433.31,新材料、食品、生物医药,112.377878,24.742025,112.372427,24.744744,广东省清远市广东连州市产业转移工业园区,住宅区,ok,211.25,43.3568,41.2972,117118.9398,21.3455,10790.0,4405.0,6385.0,1980.0,36.0,25651.2404,2667729.0,1116.0,30718.9038,3194766.0,44889.0,34038.0288,3539955.0,73982.0,35771.9231,3720280.0,84990.0,36659.6538,3812604.0,2015,2020,3720280.0,3812604.0,92324.0
1458,S449039,东莞生态产业园,广东省,东莞生态,省政府,工业园区,2006.08,1244.55,电子信息、生物技术、新能源,113.921407,23.078029,113.916512,23.080903,广东省东莞市东莞生态产业园(公交站),公交地铁站点,ok,9.737,64.5009,43.2944,287821.2584,0.5404,441.0,120.0,321.0,201.0,181686.0,31337.9612,3227810.0,291776.0,114171.1359,11759627.0,336449.0,153546.534,15815293.0,354587.0,174292.3301,17952110.0,354587.0,181198.3495,18663430.0,2000,2010,11759627.0,15815293.0,4055666.0
1459,S449103,东莞水乡新城开发区,广东省,东莞水乡,省政府,工业园区,2014.07,739.13,电子信息、纸制品、电气机械,113.583995,23.055346,113.578914,23.058236,广东省东莞市水乡,乡镇,ok,3.654,61.0982,41.4105,298528.5172,0.3888,145.0,96.0,49.0,-47.0,78641.0,32386.1584,3271002.0,118450.0,77120.3663,7789157.0,161175.0,112544.4356,11366988.0,183624.0,134485.9208,13583078.0,201922.0,147251.6733,14872419.0,2010,2015,11366988.0,13583078.0,2216090.0
1460,S449104,东莞粤海装备产业园,广东省,东莞粤海装备,省政府,工业园区,2014.11,1083.34,光电科技、电子信息、五金机械,113.717708,23.057877,113.712514,23.060603,广东省东莞市粤海,兴趣点,ok,7.942,87.8771,52.5649,448062.7814,0.2796,22.0,13.0,9.0,-4.0,51284.0,94707.6,9470760.0,237531.0,191162.9,19116290.0,277733.0,230443.38,23044338.0,295333.0,250181.68,25018168.0,302857.0,255490.13,25549013.0,2010,2015,23044338.0,25018168.0,1973830.0
1461,S449040,广东中山工业园区,广东省,中山,省政府,工业园区,2006.05,427.77,保健食品、化妆品、游戏游艺设备,113.392517,22.517024,113.387035,22.519713,广东省中山市,市,ok,16.376,102.6907,63.3862,486299.22,3.6473,1569.0,88.0,1481.0,1393.0,197549.0,69699.5644,7039656.0,313243.0,148485.6832,14997054.0,315078.0,182826.8812,18465515.0,316256.0,202173.7129,20419545.0,318457.0,210285.5644,21238842.0,2000,2010,14997054.0,18465515.0,3468461.0
1466,S449066,揭阳榕城工业园,广东省,揭阳榕城,省政府,工业园区,2006.05,495.94,制鞋、五金不锈制品、新材料,116.36714,23.525918,116.362439,23.528322,广东省揭阳市榕城区,区县,ok,20.436,68.7212,63.3212,553047.0877,0.1183,43.0,10.0,33.0,23.0,86198.0,96161.88,9616188.0,197868.0,199241.02,19924102.0,199823.0,226863.52,22686352.0,200906.0,239866.94,23986694.0,202440.0,242523.15,24252315.0,2000,2010,19924102.0,22686352.0,2762250.0
1468,S449105,广东揭阳产业转移工业园区,广东省,揭阳,省政府,工业园区,2015.09,478.85,黑色金属加工、金属制品、农副食品,116.270368,23.560535,116.265815,23.563094,广东省揭阳市揭东区产业转移工业园区,住宅区,ok,30.783,47.0443,36.3709,262597.6417,0.2786,219.0,98.0,121.0,23.0,117766.0,45323.1313,4486990.0,206268.0,88128.4747,8724719.0,232046.0,106896.1616,10582720.0,247699.0,116335.2828,11517193.0,252466.0,119443.3737,11824894.0,2015,2020,11517193.0,11824894.0,307701.0
1469,S449106,揭阳大南海石化工业区,广东省,揭阳大南海石,省政府,工业园区,2007.07,1731.27,石油炼化、精细化工、新材料,116.200311,22.938961,116.195741,22.941657,广东省揭阳市惠来县南海乡石化工业区,住宅区,ok,3.461,27.1776,50.7235,51230.7539,0.2651,7742.0,104.0,7638.0,7534.0,15.0,11381.4653,1149528.0,15.0,15876.5446,1603531.0,15.0,18567.0297,1875270.0,5121.0,20208.0792,2041016.0,30631.0,22558.7822,2278437.0,2000,2010,1603531.0,1875270.0,271739.0
1470,S449107,广东普宁市产业转移工业园区,广东省,普宁市,省政府,工业园区,2007.08,274.66,生物医药、医疗器械、纺织服装,116.165646,23.297742,116.160974,23.300236,广东省揭阳市普宁市,区县,ok,35.564,194.0161,97.2877,742985.7942,2.9238,1947.0,141.0,1806.0,1665.0,382495.0,64301.49,6430149.0,405893.0,149675.54,14967554.0,406918.0,172447.26,17244726.0,407336.0,183965.71,18396571.0,407388.0,188301.59,18830159.0,2000,2010,14967554.0,17244726.0,2277172.0
1471,S449068,广东云浮工业园区,广东省,云浮,省政府,工业园区,2006.05,569.79,石材加工、电力、热力、机械装备,112.044524,22.915163,112.039203,22.917821,广东省云浮市,市,ok,101.018,58.138,39.5216,165753.6214,23.0336,11801.0,2727.0,9074.0,6347.0,19228.0,40036.1485,4043651.0,82089.0,57330.1287,5790343.0,96091.0,68072.7723,6875350.0,102421.0,73530.1287,7426543.0,110738.0,76083.9208,7684476.0,2000,2010,5790343.0,6875350.0,1085007.0
1473,S449109,广东新兴县产业转移工业园区,广东省,新兴县,省政府,工业园区,2016.05,578.3,金属制品、通信电子设备、医药,112.225174,22.695915,112.22002,22.698759,广东省云浮市新兴县,区县,ok,72.144,41.5116,36.6098,140654.7054,17.2581,19180.0,10903.0,8277.0,-2626.0,386749.0,25757.5347,2601511.0,398980.0,44133.3861,4457472.0,403648.0,66396.0594,6706002.0,405701.0,79776.3366,8057410.0,406631.0,93911.3267,9485044.0,2015,2020,8057410.0,9485044.0,1427634.0
1474,S449110,广东郁南县产业转移工业园区,广东省,郁南县,省政府,工业园区,2015.06,258.01,电气机械器材、农副食品、医药,111.535387,23.234561,111.530291,23.237317,广东省云浮市郁南县,区县,ok,149.955,86.5553,56.2872,104356.423,12.7211,14383.0,8088.0,6295.0,-1793.0,116725.0,11539.3922,1177018.0,116741.0,17560.0294,1791123.0,116999.0,22113.7059,2255598.0,117101.0,25289.6275,2579542.0,117101.0,29617.6667,3021002.0,2015,2020,2579542.0,3021002.0,441460.0
1475,S449111,广东罗定市产业转移工业园区,广东省,罗定市,省政府,工业园区,2015.05,762.06,电子、纺织、日用品,111.569788,22.768345,111.564783,22.771352,广东省云浮市罗定市,区县,ok,99.529,114.9594,41.9236,294722.9622,3.6406,3026.0,1056.0,1970.0,914.0,205977.0,42915.9505,4334511.0,228747.0,63900.2178,6453922.0,243487.0,73486.7822,7422165.0,249810.0,77962.6634,7874229.0,251893.0,80186.1782,8098804.0,2015,2020,7874229.0,8098804.0,224575.0
1477,S459005,南宁江南工业园区,广西壮族自治区,南宁江南,省政府,工业园区,2006.02,453.48,铝加工、电子信息,108.273206,22.781166,108.269287,22.784015,广西壮族自治区南宁市江南区,区县,ok,95.357,86.117,68.5934,575704.0818,1.3442,6924.0,1223.0,5701.0,4478.0,52701.0,104749.7423,10160725.0,112189.0,148322.6289,14387295.0,151197.0,184130.0515,17860615.0,167912.0,202883.6289,19679712.0,174255.0,212208.4536,20584220.0,2000,2010,14387295.0,17860615.0,3473320.0
1479,S459024,宾阳县黎塘工业园区,广西壮族自治区,宾阳县黎塘,省政府,工业园区,2009.04,1600.99,建材、农副产品加工、木材,109.138027,23.186746,109.133654,23.189283,广西壮族自治区南宁市宾阳县黎塘工业园区,住宅区,ok,148.658,30.7897,23.202,126543.9685,8.8148,14084.0,2481.0,11603.0,9122.0,46463.0,33355.6602,3435633.0,79081.0,43520.3301,4482594.0,211593.0,50726.2427,5224803.0,279146.0,54418.9417,5605151.0,296771.0,56922.0194,5862968.0,2000,2010,4482594.0,5224803.0,742209.0
1480,S459004,南宁六景工业园区,广西壮族自治区,南宁六景,省政府,工业园区,2002.12,157.15,机械、浆纸、农林产品加工,108.898525,22.86199,108.894676,22.865001,广西壮族自治区南宁市横州市六景工业园区,住宅区,ok,106.398,27.3216,24.2877,50688.3442,6.7978,14799.0,731.0,14068.0,13337.0,28708.0,10591.91,1059191.0,91985.0,16196.5,1619650.0,147271.0,20905.28,2090528.0,176518.0,23777.91,2377791.0,212183.0,28210.91,2821091.0,2000,2010,1619650.0,2090528.0,470878.0
1481,S459010,广西柳州阳和工业园区,广西壮族自治区,柳州阳和,省政府,工业园区,1994.11,1314.7,汽车零部件、机械,109.476,24.283196,109.471495,24.285982,广西壮族自治区柳州市鱼峰区阳和工业园区,住宅区,ok,274.38,36.4545,31.5146,265951.8781,7.1775,8938.0,0.0,8938.0,8938.0,0.0,62385.3366,6300919.0,6008.0,80421.2673,8122548.0,249046.0,97864.9505,9884360.0,376266.0,106862.4851,10793111.0,399945.0,112031.4851,11315180.0,1990,2000,6300919.0,8122548.0,1821629.0
1483,S459026,柳州市柳北工业区,广西壮族自治区,柳州市柳北,省政府,工业园区,2009.01,933.37,汽车零部件、机械、钢铁,109.402009,24.362611,109.3974,24.365307,广西壮族自治区柳州市柳北区,区县,ok,280.288,50.7213,53.7311,464128.8325,2.086,3138.0,1097.0,2041.0,944.0,283020.0,166632.1313,16496581.0,306916.0,193296.697,19136373.0,314972.0,213130.9899,21099968.0,321028.0,223242.202,22100978.0,335177.0,228963.5859,22667395.0,2000,2010,19136373.0,21099968.0,1963595.0
1484,S459027,柳江区新兴工业园,广西壮族自治区,柳江区新兴,省政府,工业园区,2007.09,1030.59,汽车零部件、机械、食品,109.326365,24.255644,109.321898,24.258401,广西壮族自治区柳州市柳江区,区县,ok,266.705,65.1861,27.8069,178603.8639,3.7123,8236.0,1239.0,6997.0,5758.0,111425.0,62981.2871,6361110.0,122081.0,86905.9307,8777499.0,135518.0,106014.7921,10707494.0,143380.0,115620.6931,11677690.0,147269.0,122419.9901,12364419.0,2000,2010,8777499.0,10707494.0,1929995.0
1487,S459007,广西灵川八里街工业园区,广西壮族自治区,灵川八里街,省政府,工业园区,1992.06,1074.92,机械、电子信息、商贸物流,110.290771,25.371055,110.286179,25.373899,广西壮族自治区桂林市灵川县广西镇八里街工业园区,住宅区,ok,406.91,17.8958,32.6552,156287.7159,11.0362,5552.0,0.0,5552.0,5552.0,10975.0,30415.5588,3102387.0,42130.0,57899.8824,5905788.0,71978.0,78372.0294,7993947.0,87723.0,89226.902,9101144.0,95329.0,94560.9216,9645214.0,1990,2000,3102387.0,5905788.0,2803401.0
1488,S459028,全州县工业集中区,广西壮族自治区,全州县,省政府,工业园区,2008.02,610.06,食品、机械、铁合金冶炼,111.018782,25.940888,111.013674,25.943966,广西壮族自治区桂林市全州县全州工业集中区,住宅区,ok,398.5,39.678,19.6455,81666.5317,14.5422,7416.0,1200.0,6216.0,5016.0,23335.0,13869.2188,1331445.0,70474.0,21046.9688,2020509.0,129589.0,28920.9792,2776414.0,165055.0,33300.6771,3196865.0,178897.0,36109.3229,3466495.0,2000,2010,2020509.0,2776414.0,755905.0
1489,S459029,灌阳县工业集中区,广西壮族自治区,灌阳县,省政府,工业园区,2009.04,432.26,冶炼、食品、石材加工,80.381016,40.660447,80.378629,40.65968,新疆维吾尔自治区阿克苏地区阿瓦提县工业集中区,住宅区,ok,3300.793,23.8799,23.4036,140866.173,0.0031,0.0,0.0,0.0,0.0,37264.0,19530.5253,1933522.0,78876.0,39621.899,3922568.0,111075.0,53558.5758,5302299.0,124117.0,60123.3838,5952215.0,126625.0,61685.0909,6106824.0,2000,2010,3922568.0,5302299.0,1379731.0
1490,S459030,广西平乐县工业集中区,广西壮族自治区,平乐县,省政府,工业园区,2008.02,548.97,机械、建材,110.769524,24.662837,110.764781,24.665754,广西壮族自治区桂林市平乐县平乐工业集中区,住宅区,ok,324.623,,24.4749,51519.615,14.0871,5848.0,477.0,5371.0,4894.0,4018.0,13185.7755,1292206.0,11690.0,19986.7449,1958701.0,16009.0,25851.2449,2533422.0,18691.0,29160.3265,2857712.0,24282.0,32014.2245,3137394.0,2000,2010,1958701.0,2533422.0,574721.0
1492,S459011,广西梧州长洲工业园区,广西壮族自治区,梧州长洲,省政府,工业园区,1991.05,27.0,再生不锈钢、电子、机械,111.271353,23.483809,111.266258,23.486407,广西壮族自治区梧州市长洲区广西镇梧州长洲工业园区,住宅区,ok,184.405,83.4975,59.1486,283735.7855,9.6984,15646.0,0.0,15646.0,15646.0,72688.0,35796.27,3579627.0,195782.0,49192.93,4919293.0,206505.0,64486.34,6448634.0,215140.0,75360.76,7536076.0,238097.0,89428.11,8942811.0,1990,2000,3579627.0,4919293.0,1339666.0
1493,S459031,梧州进口再生资源加工园区,广西壮族自治区,梧州进口再生资源加工园区,省政府,工业园区,2008.10,716.06,再生铜、再生塑料、再生铝,111.223901,23.33817,111.218844,23.340785,广西壮族自治区梧州市龙圩区进口再生资源加工园区,住宅区,ok,171.295,28.7457,30.7748,64596.3074,12.5804,30519.0,2513.0,28006.0,25493.0,843.0,3275.0,330775.0,843.0,4659.099,470569.0,54259.0,9110.8614,920197.0,109040.0,12700.3366,1282734.0,230852.0,18925.1386,1911439.0,2000,2010,470569.0,920197.0,449628.0
1494,S459032,藤县中和陶瓷产业园,广西壮族自治区,藤县中和,省政府,工业园区,2008.02,867.21,陶瓷,114.51473,37.590124,114.508807,37.589455,河北省石家庄市高邑县陶瓷产业园,住宅区,ok,289.744,,18.3822,76322.8489,0.0096,59.0,10.0,49.0,39.0,24575.0,30490.5,3171012.0,33359.0,45288.8462,4710040.0,167695.0,61602.0192,6406610.0,228680.0,71682.1731,7454946.0,255467.0,83220.3365,8654915.0,2000,2010,4710040.0,6406610.0,1696570.0
1495,S459018,广西北海工业园区,广西壮族自治区,北海,省政府,工业园区,2003.03,1344.36,电子信息,109.185979,21.523325,109.181761,21.525829,广西壮族自治区北海市海城区北海工业园区,住宅区,ok,4.076,35.4989,23.5537,96546.7474,0.2299,1213.0,24.0,1189.0,1165.0,15345.0,13523.0101,1338778.0,64798.0,27708.1313,2743105.0,143526.0,51957.9798,5143840.0,190504.0,65267.0505,6461438.0,200997.0,72027.5354,7130726.0,2000,2010,2743105.0,5143840.0,2400735.0
1496,S459033,北海市铁山港临海工业区,广西壮族自治区,北海市铁山港临海,省政府,工业园区,2011.05,1707.25,石化、新材料,109.422099,21.529878,109.417654,21.532273,广西壮族自治区北海市铁山港区,区县,ok,6.47,15.128,7.0161,20030.8488,0.7764,3558.0,308.0,3250.0,2942.0,5467.0,7440.297,751470.0,21768.0,10566.4752,1067214.0,39810.0,13743.8317,1388127.0,48969.0,15729.3762,1588667.0,60353.0,18250.8812,1843339.0,2010,2015,1388127.0,1588667.0,200540.0
1497,S459020,广西合浦工业园区,广西壮族自治区,合浦,省政府,工业园区,1992.07,545.46,食品、农副产品加工、水产品加工,109.173753,21.563279,109.169515,21.56577,广西壮族自治区北海市合浦县广西合浦工业园区,住宅区,ok,2.982,23.7378,18.8502,65956.6951,0.3245,821.0,0.0,821.0,821.0,31392.0,7810.2549,796646.0,69859.0,16749.6765,1708467.0,131572.0,32877.7549,3353531.0,164809.0,41900.8725,4273889.0,181887.0,46802.6275,4773868.0,1990,2000,796646.0,1708467.0,911821.0
1498,S459034,防城港市企沙工业区,广西壮族自治区,防城港市企沙,省政府,工业园区,2009.09,1707.56,有色金属、钢铁、节能环保,108.471199,21.586791,108.467271,21.5893,广西壮族自治区防城港市港口区企沙镇,乡镇,ok,0.076,25.5947,19.0991,31761.7695,3.4895,3299.0,336.0,2963.0,2627.0,1799.0,5960.4848,590088.0,2035.0,7851.7273,777321.0,6275.0,13407.5253,1327345.0,10481.0,18212.4444,1803032.0,16250.0,26013.2929,2575316.0,2000,2010,777321.0,1327345.0,550024.0
1499,S459035,防城区工业园区,广西壮族自治区,防城区,省政府,工业园区,2009.09,74.54,食品、海产品加工、建材,108.353978,21.768826,108.34998,21.771346,广西壮族自治区防城港市防城区,区县,ok,5.12,41.9333,29.4875,87046.988,18.3857,21079.0,4867.0,16212.0,11345.0,218358.0,16505.8846,1716612.0,236707.0,26571.125,2763397.0,251327.0,35060.6538,3646308.0,257541.0,40513.5769,4213412.0,258723.0,45467.1058,4728579.0,2000,2010,2763397.0,3646308.0,882911.0
1501,S459037,灵山工业区,广西壮族自治区,灵山,省政府,工业园区,2009.01,1179.08,食品、木材、服装,116.432137,23.316394,116.42745,23.318822,广东省汕头市潮阳区灵山工业区,住宅区,ok,11.752,70.8964,48.8675,258167.0536,3.8016,1379.0,146.0,1233.0,1087.0,61853.0,38873.5408,3809607.0,176088.0,84745.4898,8305058.0,235787.0,102546.1939,10049527.0,260249.0,111222.5306,10899808.0,262765.0,113495.6122,11122570.0,2000,2010,8305058.0,10049527.0,1744469.0
1503,S459039,贵港国家生态工业示范园区,广西壮族自治区,贵港国家生态,省政府,工业园区,2012.09,385.11,电子信息、新能源、生物制药,109.542663,23.07934,109.538414,23.082188,广西壮族自治区贵港市港北区贵港国家生态工业示范园区,住宅区,ok,146.445,,26.6521,172119.0824,0.1127,1485.0,190.0,1295.0,1105.0,23693.0,24721.94,2472194.0,35264.0,44544.21,4454421.0,87951.0,69752.56,6975256.0,113595.0,83191.69,8319169.0,138261.0,89980.91,8998091.0,2010,2015,6975256.0,8319169.0,1343913.0
1504,S459013,贵港市产业园区,广西壮族自治区,贵港市,省政府,工业园区,2006.10,1645.55,电力、木材、化工,109.567001,23.104499,109.562794,23.107382,广西壮族自治区贵港市港北区产业园区,住宅区,ok,149.205,71.2455,36.7256,311286.1147,0.5036,3764.0,334.0,3430.0,3096.0,15707.0,46598.6634,4706465.0,113898.0,81773.1584,8259089.0,216157.0,118475.8713,11966063.0,262560.0,137293.2871,13866622.0,269843.0,144953.5842,14640312.0,2000,2010,8259089.0,11966063.0,3706974.0
1505,S459040,平南县工业园,广西壮族自治区,平南县,省政府,工业园区,2010.01,1046.13,建材、食品、五金,110.395293,23.487236,110.390622,23.489665,广西壮族自治区贵港市平南县工业园,未知,ok,209.39,52.3074,37.7843,93062.7446,0.7455,3569.0,513.0,3056.0,2543.0,21060.0,15646.0097,1611539.0,68174.0,25512.7379,2627812.0,94797.0,35463.1359,3652703.0,108827.0,40818.5049,4204306.0,112503.0,44464.5922,4579853.0,2010,2015,3652703.0,4204306.0,551603.0
1506,S459041,桂平市产业园,广西壮族自治区,桂平市,省政府,工业园区,2008.02,1380.75,医药、服装、机械,110.079315,23.394208,110.0747,23.396657,广西壮族自治区贵港市桂平市,区县,ok,188.59,122.9508,61.4662,236460.3133,13.6963,3074.0,1241.0,1833.0,592.0,346504.0,34072.2843,3475373.0,381079.0,48490.6373,4946045.0,400614.0,60767.0392,6198238.0,408426.0,66948.6275,6828760.0,408426.0,70788.1176,7220388.0,2000,2010,4946045.0,6198238.0,1252193.0
1509,S459042,广西北部湾经济区龙港新区,广西壮族自治区,北部湾,省政府,工业园区,2017.04,1419.23,装备制造、再生资源加工、化工,108.21759,22.637138,108.213658,22.640016,广西壮族自治区南宁市江南区经济区,住宅区,ok,81.632,12.9872,9.4106,81674.2222,4.602,15863.0,7670.0,8193.0,523.0,16611.0,7355.6436,742920.0,33776.0,12941.4356,1307085.0,63003.0,20820.0495,2102825.0,83226.0,25529.7525,2578505.0,98894.0,30570.505,3087621.0,2015,2020,2578505.0,3087621.0,509116.0
1510,S459016,广西北流日用陶瓷工业园区,广西壮族自治区,北流日用陶瓷,省政府,工业园区,2006.02,1336.15,陶瓷、水泥,110.44535,22.768753,110.440748,22.771456,广西壮族自治区玉林市北流市日用陶瓷工业园区,住宅区,ok,146.187,42.341,35.1944,88830.6634,9.8598,16528.0,650.0,15878.0,15228.0,6116.0,15532.6238,1568795.0,12157.0,22894.6634,2312361.0,16927.0,33577.0198,3391279.0,22554.0,39127.495,3951877.0,31000.0,42993.3465,4342328.0,2000,2010,2312361.0,3391279.0,1078918.0
1512,S459043,百色新山铝产业示范园,广西壮族自治区,百色新山铝,省政府,工业园区,2011.05,695.09,铝加工,106.834611,23.795522,106.830992,23.798316,广西壮族自治区百色市田阳区百色新山铝产业示范园,住宅区,ok,269.987,,25.9571,42725.421,4.3479,14345.0,2002.0,12343.0,10341.0,1014.0,10770.8846,1120172.0,1035.0,13974.6731,1453366.0,11891.0,19573.9231,2035688.0,22815.0,24134.1538,2509952.0,25063.0,33192.5288,3452023.0,2010,2015,2035688.0,2509952.0,474264.0
1513,S459044,广西田东石化工业园区,广西壮族自治区,田东石,省政府,工业园区,2013.02,522.58,石化、氯碱化工、铝加工,107.129492,23.642496,107.125382,23.64498,广西壮族自治区百色市田东县石化工业园区,住宅区,ok,233.891,36.9214,27.7467,131436.0761,0.5404,4430.0,800.0,3630.0,2830.0,26099.0,18273.8911,1845663.0,53751.0,25716.1683,2597333.0,139440.0,36446.7723,3681124.0,174119.0,42339.0099,4276240.0,174215.0,47427.0099,4790128.0,2010,2015,3681124.0,4276240.0,595116.0
1514,S459045,平果工业区,广西壮族自治区,平果,省政府,工业园区,2007.11,1029.32,铝产品、家具,107.580612,23.313728,107.576727,23.31657,广西壮族自治区百色市平果市工业区,未知,ok,177.948,39.2265,25.8173,190609.417,8.4105,9247.0,1594.0,7653.0,6059.0,286630.0,13135.28,1313528.0,296243.0,28097.82,2809782.0,303251.0,49433.02,4943302.0,306160.0,62268.34,6226834.0,306691.0,65747.17,6574717.0,2000,2010,2809782.0,4943302.0,2133520.0
1515,S459046,粤桂县域经济产业合作示范区,广西壮族自治区,粤桂县域,省政府,工业园区,2007.11,510.67,钢材加工、人造板、陶瓷,108.327537,22.816659,108.323534,22.819412,广西壮族自治区,省,city_only,98.121,152.7684,101.4173,936893.4382,0.2973,446.0,337.0,109.0,-228.0,291863.0,186926.1456,19253393.0,292013.0,242104.6893,24936783.0,292857.0,259097.6602,26687059.0,293319.0,267535.2718,27556133.0,293948.0,270317.0971,27842661.0,2000,2010,24936783.0,26687059.0,1750276.0
1516,S459023,广西贺州旺高工业区,广西壮族自治区,贺州旺高,省政府,工业园区,2002.05,1273.67,服装、食品、医药,111.410239,24.576837,111.404796,24.579554,广西壮族自治区贺州市平桂区广西贺州旺高工业区,住宅区,ok,260.938,,26.1091,23759.2619,11.8105,18683.0,20.0,18663.0,18643.0,54960.0,6465.59,646559.0,82805.0,9308.77,930877.0,97553.0,14364.3,1436430.0,108222.0,17708.66,1770866.0,131510.0,20600.15,2060015.0,2000,2010,930877.0,1436430.0,505553.0
1517,S459047,贺州市钟山工业园区,广西壮族自治区,贺州市钟山,省政府,工业园区,2009.01,322.62,机械装备、碳酸钙材料、轻纺,111.317467,24.547385,111.312199,24.55021,广西壮族自治区贺州市钟山县钟山工业园区,住宅区,ok,265.474,,26.2141,123756.7564,4.6441,6283.0,287.0,5996.0,5709.0,1207.0,18829.3398,1939422.0,1217.0,26382.1748,2717364.0,7971.0,33558.9029,3456567.0,15939.0,37443.6893,3856700.0,42739.0,41045.466,4227683.0,2000,2010,2717364.0,3456567.0,739203.0
1518,S459048,广西贺州华润循环经济产业示范区,广西壮族自治区,贺州华润循环,省政府,工业园区,2012.08,340.6,电力、水泥、啤酒,111.567216,24.404182,111.562103,24.407219,广西壮族自治区贺州市,市,ok,236.189,65.0805,31.3139,211900.8799,3.1661,5606.0,1263.0,4343.0,3080.0,37642.0,39288.2621,4046691.0,161272.0,64106.0777,6602926.0,212835.0,89093.9612,9176678.0,236805.0,101791.6214,10484537.0,242123.0,106583.0291,10978052.0,2010,2015,9176678.0,10484537.0,1307859.0
1519,S459049,河池市工业园区,广西壮族自治区,河池市,省政府,工业园区,2007.12,422.31,有色金属冶炼、建材、农副产品加工,108.63639,24.48523,108.632541,24.488301,广西壮族自治区河池市,市,ok,280.975,26.1118,12.9335,86887.3891,9.182,11803.0,1552.0,10251.0,8699.0,8508.0,25786.6214,2656022.0,42100.0,37204.6311,3832077.0,172171.0,47707.1359,4913835.0,242208.0,52921.6602,5450931.0,245848.0,55588.0777,5725572.0,2000,2010,3832077.0,4913835.0,1081758.0
1521,S459050,河池南丹有色金属新材料工业园区,广西壮族自治区,河池南丹有色金属新材料,省政府,工业园区,2008.02,664.98,有色金属冶炼加工,107.540578,24.975066,107.536537,24.978091,广西壮族自治区河池市南丹县,区县,ok,349.405,62.619,58.9545,81652.0349,36.2049,23400.0,11089.0,12311.0,1222.0,103900.0,6925.0099,699426.0,120345.0,14037.0099,1417738.0,129648.0,17092.0792,1726300.0,133411.0,18759.6337,1894723.0,133622.0,20001.0891,2020110.0,2000,2010,1417738.0,1726300.0,308562.0
1522,S459051,来宾市河南工业园区,广西壮族自治区,来宾市河南,省政府,工业园区,2007.11,1447.53,电力、制糖,109.221243,23.750105,109.216941,23.752744,广西壮族自治区来宾市,市,ok,210.092,24.4604,15.5474,146627.7604,0.8992,4673.0,723.0,3950.0,3227.0,34777.0,38195.44,3819544.0,60243.0,52764.07,5276407.0,122112.0,75917.48,7591748.0,153825.0,90005.1,9000510.0,155892.0,95587.41,9558741.0,2000,2010,5276407.0,7591748.0,2315341.0
1523,S459052,合山市产业转型工业园,广西壮族自治区,合山市,省政府,工业园区,2010.05,645.7,电力、煤炭、制糖,109.147571,27.524024,109.142944,27.527209,贵州省铜仁市万山区万山转型工业园,住宅区,ok,620.264,17.2931,8.9028,25844.798,17.5199,8483.0,3486.0,4997.0,1511.0,9555.0,2679.5577,278674.0,22918.0,4439.4808,461706.0,35839.0,7024.2019,730517.0,43917.0,8706.25,905450.0,51048.0,11234.7692,1168416.0,2010,2015,730517.0,905450.0,174933.0
1524,S459053,中泰崇左产业园,广西壮族自治区,中泰崇左,省政府,工业园区,2007.12,997.26,制糖、矿产品加工、建材,107.451037,22.403763,107.446881,22.406541,广西壮族自治区崇左市江州区中泰崇左产业园,住宅区,ok,103.559,,6.2196,14566.4176,7.0528,13932.0,3079.0,10853.0,7774.0,6007.0,1899.8416,191884.0,6357.0,2574.297,260004.0,8543.0,3674.3762,371112.0,12462.0,5141.1584,519257.0,30008.0,9580.8515,967666.0,2000,2010,260004.0,371112.0,111108.0
1525,S459054,广西中国—东盟青年产业园,广西壮族自治区,中国—东盟青年,省政府,工业园区,2007.11,324.04,有色金属、化工、建材,109.225264,23.733223,109.220965,23.735861,广西壮族自治区来宾市兴宾区东盟,村庄,ok,208.451,39.6794,16.229,154694.9461,0.9164,5464.0,718.0,4746.0,4028.0,216031.0,41606.1939,4077407.0,293633.0,57234.9082,5609021.0,306372.0,83416.5816,8174825.0,311501.0,99502.1122,9751207.0,311663.0,106792.0204,10465618.0,2000,2010,5609021.0,8174825.0,2565804.0
1526,S469006,海南东方工业园区,海南省,东方,省政府,工业园区,2011.06,1713.95,油气化工、精细化工,108.652768,19.027402,108.649152,19.029261,海南省东方市东方工业园区,住宅区,ok,1.017,19.104,20.8352,53692.3465,0.1539,3797.0,61.0,3736.0,3675.0,4053.0,8656.5534,891625.0,4216.0,14071.0,1449313.0,10293.0,17320.5728,1784019.0,12950.0,19039.0194,1961019.0,14087.0,21017.8641,2164840.0,2010,2015,1784019.0,1961019.0,177000.0
1529,S509016,重庆涪陵工业园区,重庆市,涪陵,省政府,工业园区,2003.03,1471.29,装备制造、医药、材料,107.253762,29.761652,107.249399,29.764306,重庆市涪陵区涪陵工业园区,住宅区,ok,874.959,53.445,28.8376,85099.7438,4.4003,776.0,2.0,774.0,772.0,15505.0,4029.8283,398953.0,28432.0,7699.1616,762217.0,66212.0,21963.9798,2174434.0,87307.0,32454.4242,3212988.0,90376.0,40466.6162,4006195.0,2000,2010,762217.0,2174434.0,1412217.0
1530,S509017,重庆白涛工业园区,重庆市,白涛,省政府,工业园区,1997.08,316.93,化工、页岩气、铝加工,107.487753,29.538547,107.483274,29.541217,重庆市涪陵区白涛工业园区,住宅区,ok,847.427,35.9717,30.4199,25096.4442,31.0763,2701.0,0.0,2701.0,2701.0,12617.0,2369.802,239350.0,12876.0,2821.4752,284969.0,17129.0,4899.7327,494873.0,23027.0,6361.6337,642525.0,44501.0,9513.505,960864.0,1990,2000,239350.0,284969.0,45619.0
1531,S509001,重庆建桥工业园区,重庆市,建桥,省政府,工业园区,2002.12,1152.88,机械、新材料、环保,106.483465,29.448909,106.479574,29.45162,重庆市大渡口区建桥工业园区,住宅区,ok,855.401,65.7793,52.2438,497100.0426,1.477,609.0,6.0,603.0,597.0,73195.0,65828.68,6582868.0,139088.0,100626.53,10062653.0,244197.0,140887.69,14088769.0,290914.0,161700.33,16170033.0,302351.0,174796.02,17479602.0,2000,2010,10062653.0,14088769.0,4026116.0
1532,S509002,重庆港城工业园区,重庆市,港城,省政府,工业园区,2002.12,683.07,电子电器、汽车零部件、建材,106.606428,29.627039,106.602729,29.629913,重庆市两江新区重庆港城工业园区,住宅区,ok,871.849,65.866,44.8646,434020.348,2.8934,1458.0,17.0,1441.0,1424.0,14956.0,15839.0404,1568065.0,28450.0,31280.5758,3096777.0,86781.0,87035.3737,8616502.0,112937.0,122536.899,12131153.0,128308.0,134737.3838,13339001.0,2000,2010,3096777.0,8616502.0,5519725.0
1533,S509004,重庆西永微电子产业园区,重庆市,西永微电子,省政府,工业园区,2006.05,1708.53,计算机、电子及通讯设备,106.372889,29.602748,106.368897,29.605281,重庆市沙坪坝区重庆西永微电子产业园区,住宅区,ok,874.549,40.9109,24.3886,159648.0529,6.7887,844.0,10.0,834.0,824.0,882.0,7535.1515,745980.0,999.0,16227.4444,1606517.0,84149.0,49011.1414,4852103.0,132040.0,69878.0101,6917923.0,142020.0,83022.1616,8219194.0,2000,2010,1606517.0,4852103.0,3245586.0
1534,S509005,重庆沙坪坝工业园区,重庆市,沙坪坝,省政府,工业园区,2002.12,1162.95,汽车、摩托车、装备制造,106.454168,29.652017,106.45019,29.654577,重庆市沙坪坝区沙坪坝工业园区,住宅区,ok,877.922,37.4787,26.7054,219277.9227,5.6118,1466.0,11.0,1455.0,1444.0,72892.0,12717.64,1271764.0,171226.0,24663.61,2466361.0,251746.0,54753.02,5475302.0,289156.0,74160.35,7416035.0,293805.0,90963.98,9096398.0,2000,2010,2466361.0,5475302.0,3008941.0
1535,S509006,重庆九龙工业园区,重庆市,九龙,省政府,工业园区,1998.08,2142.59,汽车、摩托车、智能装备,109.328173,30.635197,109.323275,30.63762,重庆市奉节县九龙,村庄,ok,929.075,,24.196,2250.2285,47.0889,730.0,0.0,730.0,730.0,426.0,951.4653,96098.0,1318.0,1088.5743,109946.0,2096.0,1503.9604,151900.0,3480.0,1751.0099,176852.0,8846.0,2096.5248,211749.0,1990,2000,96098.0,109946.0,13848.0
1536,S509007,重庆西彭工业园区,重庆市,西彭,省政府,工业园区,2003.07,1406.39,铝加工、汽车摩托车零配件、食品,106.300178,29.325314,106.296367,29.328102,重庆市九龙坡区西彭工业园区,住宅区,ok,846.686,19.7297,17.9135,119303.9378,5.1218,963.0,4.0,959.0,955.0,2121.0,13468.7404,1400749.0,2983.0,20126.8846,2093196.0,18430.0,34856.5,3625076.0,30773.0,45487.7019,4730721.0,40916.0,56839.3462,5911292.0,2000,2010,2093196.0,3625076.0,1531880.0
1537,S509008,重庆茶园工业园区,重庆市,茶园,省政府,工业园区,2002.12,1754.96,电子信息、装备制造、医药化工,106.652411,29.47889,106.648632,29.481764,重庆市南岸区茶园工业园区,住宅区,ok,854.85,27.1207,27.7352,133239.823,8.6066,5165.0,10.0,5155.0,5145.0,32.0,5084.7308,528812.0,8009.0,12467.5769,1296628.0,172435.0,40675.0673,4230207.0,260854.0,59322.8269,6169574.0,289766.0,75864.6538,7889924.0,2000,2010,1296628.0,4230207.0,2933579.0
1538,S509009,重庆同兴工业园区,重庆市,同兴,省政府,工业园区,2002.12,1107.99,机械、仪器仪表、汽车摩托车配件,106.453696,29.706391,106.449714,29.708939,重庆市两江新区同兴镇,乡镇,ok,883.785,37.1551,27.9562,127172.9741,12.0191,2938.0,1.0,2937.0,2936.0,3739.0,4232.8119,427514.0,29318.0,8872.7228,896145.0,71521.0,27123.8812,2739512.0,91570.0,39493.2673,3988820.0,95393.0,50685.495,5119235.0,2000,2010,896145.0,2739512.0,1843367.0
1539,S509010,重庆万盛工业园区,重庆市,万盛,省政府,工业园区,2002.12,539.15,煤电、化工、新材料、装备制造,106.93007,28.95804,106.926169,28.961308,重庆市綦江区万盛街道,乡镇,ok,792.748,122.5201,57.5836,218529.6487,23.0914,3348.0,2.0,3346.0,3344.0,198506.0,12871.3981,1325754.0,218394.0,16470.0194,1696412.0,226992.0,22998.8447,2368881.0,231236.0,26556.835,2735354.0,235294.0,28223.4078,2907011.0,2000,2010,1696412.0,2368881.0,672469.0
1540,S509035,重庆綦江工业园区,重庆市,綦江,省政府,工业园区,2006.01,801.48,汽车、摩托车、有色金属冶炼加工,106.667337,28.961944,106.663548,28.965147,重庆市綦江区綦江工业园区,住宅区,ok,798.77,53.3368,53.4331,119262.7213,12.2493,374.0,13.0,361.0,348.0,2126.0,5284.402,539009.0,7405.0,6828.9804,696556.0,122682.0,13208.6275,1347280.0,198100.0,17351.8824,1769892.0,253092.0,21688.6961,2212247.0,2000,2010,696556.0,1347280.0,650724.0
1541,S509011,重庆双桥工业园区,重庆市,双桥,省政府,工业园区,2003.03,1227.02,汽车及零部件、装备制造、电子信息,105.750692,29.481544,105.747053,29.484299,重庆市大足区重庆双桥工业园区,住宅区,ok,878.942,18.1792,20.1242,116237.3945,6.4976,4459.0,21.0,4438.0,4417.0,95.0,5001.87,500187.0,7203.0,9299.75,929975.0,83849.0,20270.33,2027033.0,149102.0,27881.62,2788162.0,172107.0,31766.86,3176686.0,2000,2010,929975.0,2027033.0,1097058.0
1543,S509012,重庆空港工业园区,重庆市,空港,省政府,工业园区,2002.12,1001.4,汽车、摩托车、电气设备,106.647385,29.756203,106.643602,29.759005,重庆市两江新区空港工业园区,住宅区,ok,884.947,32.3961,22.1646,177693.8238,7.0437,11214.0,8.0,11206.0,11198.0,0.0,10173.6364,1007190.0,2929.0,16229.8889,1606759.0,218675.0,44542.3131,4409689.0,334160.0,65330.1414,6467684.0,345705.0,79317.1616,7852399.0,2000,2010,1606759.0,4409689.0,2802930.0
1544,S509013,重庆巴南工业园区,重庆市,巴南,省政府,工业园区,2002.12,964.78,汽车、装备制造、电子信息,106.540603,29.402348,106.536873,29.405245,重庆市巴南区,区县,ok,849.079,86.8104,43.0047,276219.2455,8.6581,4986.0,13.0,4973.0,4960.0,31780.0,38232.4747,3785015.0,88100.0,60482.2525,5987743.0,159537.0,79590.7273,7879482.0,197672.0,91538.9091,9062352.0,253623.0,104490.5758,10344567.0,2000,2010,5987743.0,7879482.0,1891739.0
1545,S509018,重庆正阳工业园区,重庆市,正阳,省政府,工业园区,2003.07,778.07,新材料、农副产品加工、节能环保,108.782501,29.437649,108.778142,29.440403,重庆市黔江区正阳工业园区,住宅区,ok,829.873,65.3558,39.4725,70655.7452,16.6303,10683.0,124.0,10559.0,10435.0,369.0,908.3333,92650.0,4755.0,1311.4706,133770.0,69972.0,7768.1765,792354.0,128080.0,13877.4118,1415496.0,179760.0,23419.9216,2388832.0,2000,2010,133770.0,792354.0,658584.0
1546,S509019,重庆长寿工业园区,重庆市,长寿,省政府,工业园区,2003.03,1881.06,钢铁、装备制造、智能家居,107.08195,29.859421,107.077483,29.861889,重庆市长寿区长寿工业园区,住宅区,ok,888.214,81.2216,28.4986,189458.4337,4.0475,290.0,3.0,287.0,284.0,4335.0,13837.43,1383743.0,20563.0,22722.33,2272233.0,117808.0,36689.01,3668901.0,181738.0,46620.65,4662065.0,213917.0,55564.37,5556437.0,2000,2010,2272233.0,3668901.0,1396668.0
1547,S509023,重庆江津工业园区,重庆市,江津,省政府,工业园区,2002.12,2817.07,汽车、摩托车、装备制造,106.264435,29.319984,106.260679,29.322816,重庆市江津区,区县,ok,847.054,41.5196,32.1397,118370.364,6.3208,1046.0,2.0,1044.0,1042.0,1466.0,17560.65,1756065.0,1989.0,23579.82,2357982.0,54582.0,31220.48,3122048.0,99528.0,36849.24,3684924.0,172852.0,45757.53,4575753.0,2000,2010,2357982.0,3122048.0,764066.0
1548,S509021,重庆合川工业园区,重庆市,合川,省政府,工业园区,2003.03,2001.16,汽车、摩托车、信息技术,106.276529,29.933484,106.272723,29.936128,重庆市合川区合川工业园区,住宅区,ok,912.384,29.9531,26.1761,228150.6849,10.9778,1047.0,29.0,1018.0,989.0,1.0,8250.3333,816783.0,179.0,15666.8586,1551019.0,65396.0,36052.3333,3569181.0,100401.0,47394.2424,4692030.0,127420.0,54085.5051,5354465.0,2000,2010,1551019.0,3569181.0,2018162.0
1550,S509036,重庆南川工业园区,重庆市,南川,省政府,工业园区,2006.01,354.48,铝铜材料、精细化工、机械装备,107.11699,29.198939,107.112545,29.20167,重庆市南川区南川工业园区,住宅区,ok,815.503,25.8698,21.9572,93757.1808,20.9763,2180.0,28.0,2152.0,2124.0,9225.0,12793.3069,1292124.0,11010.0,16219.5347,1638173.0,72054.0,23835.1188,2407347.0,120154.0,28657.3168,2894389.0,181062.0,32593.9208,3291986.0,2000,2010,1638173.0,2407347.0,769174.0
1554,S509033,重庆开州工业园区,重庆市,开州,省政府,工业园区,2003.07,360.19,纺织服装、电子信息、汽车配套,108.359699,31.165384,108.355121,31.16748,重庆市开州,未知,ok,1021.268,51.6789,66.5229,179545.2562,5.3454,401.0,4.0,397.0,393.0,381.0,5677.8922,579145.0,3615.0,15638.902,1595168.0,32906.0,32331.7353,3297837.0,46933.0,41405.9902,4223411.0,54840.0,45530.5784,4644119.0,2000,2010,1595168.0,3297837.0,1702669.0
1555,S509032,重庆梁平工业园区,重庆市,梁平,省政府,工业园区,2002.12,682.46,集成电路、不锈钢制品,107.789264,30.671256,107.784786,30.673808,重庆市梁平区梁平工业园区,住宅区,ok,969.376,30.464,20.8051,184312.7812,10.0333,912.0,3.0,909.0,906.0,143262.0,12694.5446,1282149.0,207752.0,19418.1089,1961229.0,279692.0,38997.4554,3938743.0,311717.0,51140.0891,5165149.0,320538.0,60445.0495,6104950.0,2000,2010,1961229.0,3938743.0,1977514.0
1556,S509030,重庆武隆工业园区,重庆市,武隆,省政府,工业园区,2003.03,241.03,汽摩及零部件、升降设备、食品加工,107.524689,29.373968,107.52034,29.376827,重庆市武隆区重庆武隆工业园区,住宅区,ok,828.904,,42.8974,22606.9272,24.6225,2523.0,58.0,2465.0,2407.0,8338.0,1545.0202,152957.0,8983.0,1854.1616,183562.0,18935.0,2954.5152,292497.0,24178.0,4024.1313,398389.0,28020.0,6312.2222,624910.0,2000,2010,183562.0,292497.0,108935.0
1557,S509037,重庆城口工业园区,重庆市,城口,省政府,工业园区,2008.12,21.58,农林产品加工、矿产加工,108.664349,31.947319,108.65997,31.949597,重庆市城口县,区县,ok,1107.832,235.374,128.6908,66147.0647,41.8888,3089.0,144.0,2945.0,2801.0,79880.0,2577.9,257790.0,121762.0,4218.33,421833.0,138615.0,5610.76,561076.0,145666.0,6554.54,655454.0,147191.0,7624.88,762488.0,2000,2010,421833.0,561076.0,139243.0
1558,S509031,重庆丰都工业园区,重庆市,丰都,省政府,工业园区,2003.07,760.38,食品、医疗器械、光电,107.794057,29.92286,107.789639,29.92553,重庆市丰都县丰都工业园区,住宅区,ok,886.822,65.9592,59.182,63798.1925,5.4455,584.0,4.0,580.0,576.0,201.0,915.2308,95184.0,6751.0,2283.9135,237527.0,42915.0,5591.3654,581502.0,64545.0,7682.6635,798997.0,91888.0,10388.9423,1080450.0,2000,2010,237527.0,581502.0,343975.0
1559,S509029,重庆垫江工业园区,重庆市,垫江,省政府,工业园区,2003.07,463.07,机械、医药、化工,107.363553,30.310704,107.358922,30.313179,重庆市垫江县垫江工业园区,住宅区,ok,933.827,31.1517,31.3294,216924.5988,6.9489,2282.0,1.0,2281.0,2280.0,349.0,8315.8725,848219.0,6472.0,16884.0,1722168.0,163298.0,34160.1275,3484333.0,254300.0,45485.5882,4639530.0,288729.0,53691.8824,5476572.0,2000,2010,1722168.0,3484333.0,1762165.0
1560,S509038,重庆忠县工业园区,重庆市,忠县,省政府,工业园区,2006.01,192.8,医药、新材料、装备制造,108.043368,30.220903,108.038823,30.223412,重庆市忠县工业园区,兴趣点,ok,917.854,25.5142,22.1972,52030.2937,5.2356,2908.0,1.0,2907.0,2906.0,3635.0,932.125,96941.0,4988.0,1885.5385,196096.0,40155.0,4657.0481,484333.0,61575.0,6808.2981,708063.0,82022.0,9911.9231,1030840.0,2000,2010,196096.0,484333.0,288237.0
1561,S509034,重庆云阳工业园区,重庆市,云阳,省政府,工业园区,2003.07,286.88,新材料、食品、机械装备,108.662389,30.971707,108.658084,30.974168,重庆市云阳县云阳工业园区,住宅区,ok,999.682,54.7484,50.0933,92071.5469,4.9154,407.0,12.0,395.0,383.0,458.0,1103.08,110308.0,8705.0,4809.98,480998.0,55151.0,7739.67,773967.0,86517.0,9939.29,993929.0,127376.0,13530.29,1353029.0,2000,2010,480998.0,773967.0,292969.0
1562,S509039,重庆奉节工业园区,重庆市,奉节,省政府,工业园区,2009.09,74.71,农副产品加工、医药、轻工,109.401056,31.018505,109.395989,31.020631,重庆市奉节县,区县,ok,964.13,191.1889,107.2272,135642.3841,4.8868,2802.0,31.0,2771.0,2740.0,7865.0,3121.6863,318412.0,27288.0,7654.4608,780755.0,63857.0,12311.3333,1255756.0,80806.0,16078.5392,1640011.0,85127.0,24177.3824,2466093.0,2000,2010,780755.0,1255756.0,475001.0
1563,S509040,重庆巫山工业园区,重庆市,巫山,省政府,工业园区,2006.01,68.74,轻纺、机械、农副产品加工,109.868166,31.081317,109.863412,31.083747,重庆市巫山县工业园区,未知,ok,952.399,65.7057,37.8954,197927.907,5.5914,1837.0,31.0,1806.0,1775.0,576.0,1230.2475,124255.0,10485.0,4517.9109,456309.0,48292.0,7042.5644,711299.0,88227.0,10360.5446,1046415.0,165041.0,21169.505,2138120.0,2000,2010,456309.0,711299.0,254990.0
1564,S509041,重庆巫溪工业园区,重庆市,巫溪,省政府,工业园区,2007.04,137.43,轻纺、建材、农产品加工,109.530933,31.401055,109.526109,31.40328,重庆市巫溪县巫溪工业园区,住宅区,ok,997.592,49.5847,53.0366,57120.4096,16.543,2457.0,10.0,2447.0,2437.0,810.0,1261.71,126171.0,9046.0,2433.23,243323.0,24670.0,7300.53,730053.0,38986.0,10434.62,1043462.0,57211.0,12524.6,1252460.0,2000,2010,243323.0,730053.0,486730.0
1565,S509042,重庆石柱工业园区,重庆市,石柱,省政府,工业园区,2006.01,460.47,机械、新材料、医药,108.100148,29.977939,108.095562,29.980384,重庆市石柱土家族自治县石柱工业园区,住宅区,ok,890.65,55.9574,24.1967,142059.0442,19.2758,635.0,31.0,604.0,573.0,22600.0,6866.3627,700369.0,43058.0,9810.5196,1000673.0,110378.0,17134.0,1747668.0,162319.0,22078.2745,2251984.0,183535.0,26180.1569,2670376.0,2000,2010,1000673.0,1747668.0,746995.0
1566,S509043,重庆秀山工业园区,重庆市,秀山,省政府,工业园区,2006.01,211.53,食品、医药、装备制造,108.967042,28.462187,108.962729,28.46565,重庆市秀山土家族苗族自治县秀山工业园区,住宅区,ok,722.647,14.075,19.0453,161618.6796,1.6061,1346.0,16.0,1330.0,1314.0,1029.0,11287.13,1128713.0,2166.0,21700.14,2170014.0,28296.0,44652.91,4465291.0,52491.0,58557.93,5855793.0,79051.0,64675.9,6467590.0,2000,2010,2170014.0,4465291.0,2295277.0
1567,S509044,重庆酉阳工业园区,重庆市,酉阳,省政府,工业园区,2007.07,336.32,医药、食品、金属制品,108.76726,28.841409,108.762933,28.84458,重庆市酉阳土家族苗族自治县,区县,ok,763.817,37.2255,17.9378,168902.3423,26.6874,1134.0,160.0,974.0,814.0,180659.0,7354.2323,728069.0,208332.0,13703.8081,1356677.0,209594.0,18968.9091,1877922.0,210169.0,21833.6263,2161529.0,210533.0,23697.1818,2346021.0,2000,2010,1356677.0,1877922.0,521245.0
1568,S509045,重庆彭水工业园区,重庆市,彭水,省政府,工业园区,2006.01,289.28,鞋服、食品、非金属矿物制品,108.286374,29.398708,108.282056,29.401446,重庆市彭水苗族土家族自治县彭水工业园区,住宅区,ok,825.748,38.8777,31.7453,48570.2995,18.1289,483.0,37.0,446.0,409.0,7.0,620.1881,62639.0,591.0,1063.4059,107404.0,4622.0,2890.2277,291913.0,9253.0,4171.297,421301.0,16713.0,5355.6733,540923.0,2000,2010,107404.0,291913.0,184509.0
1569,S519002,成都锦江工业园区,四川省,成都锦江,省政府,工业园区,2006.02,443.69,食品、印刷、医药,104.087661,30.59478,104.085127,30.597206,四川省成都市锦江区锦江工业园区,住宅区,ok,1053.942,156.916,126.055,1173068.0795,0.7983,610.0,5.0,605.0,600.0,37709.0,94191.5758,9324966.0,181093.0,176149.7475,17438825.0,224602.0,208874.6061,20678586.0,243133.0,224332.3434,22208902.0,248745.0,229543.3131,22724788.0,2000,2010,17438825.0,20678586.0,3239761.0
1570,S519039,成都青羊工业集中发展区,四川省,成都青羊,省政府,工业园区,2005.09,344.09,航空航天器、饮料、金属制品,103.945346,30.69639,103.943214,30.699101,四川省成都市青羊区青羊工业集中发展区,住宅区,ok,1070.036,48.2486,61.81,468581.3824,2.0625,641.0,115.0,526.0,411.0,3650.0,16518.3137,1684868.0,37532.0,101794.3725,10383026.0,97309.0,144510.2353,14740044.0,124257.0,165712.7843,16902704.0,139740.0,175656.7549,17916989.0,2000,2010,10383026.0,14740044.0,4357018.0
1572,S519005,成都武侯工业园区,四川省,成都武侯,省政府,工业园区,2006.04,450.85,电子信息、医药、机电,104.043246,30.641849,104.040793,30.64432,四川省成都市武侯区,区县,ok,1060.49,205.2868,162.5553,1730401.1603,0.6738,57.0,0.0,57.0,57.0,345907.0,223202.0495,22543407.0,355819.0,341031.703,34444202.0,356209.0,347036.8317,35050720.0,357142.0,350143.2772,35364471.0,361023.0,353557.9703,35709355.0,2000,2010,34444202.0,35050720.0,606518.0
1573,S519040,成都龙潭都市工业集中发展区,四川省,成都龙潭都市,省政府,工业园区,2005.09,812.72,装备制造、电子信息、节能环保,104.163938,30.68808,104.161465,30.690539,四川省成都市成华区成都市龙潭都市工业集中发展区,住宅区,ok,1060.172,95.3854,78.4273,606400.1268,0.6121,993.0,3.0,990.0,987.0,59438.0,73671.3861,7440810.0,147203.0,117484.2772,11865912.0,195237.0,144482.3366,14592716.0,216026.0,156661.7822,15822840.0,223904.0,160842.0891,16245051.0,2000,2010,11865912.0,14592716.0,2726804.0
1575,S519001,成都新都工业园区,四川省,成都新都,省政府,工业园区,1992.08,805.27,轨道交通设备、航空、能源装备,104.219295,30.830786,104.216904,30.833264,四川省成都市新都区新都工业园区,住宅区,ok,1072.34,39.5339,43.3406,273565.7419,0.8978,1154.0,0.0,1154.0,1154.0,52157.0,32151.4554,3247297.0,154423.0,66987.2871,6765716.0,304916.0,122633.7921,12386013.0,365114.0,150999.7822,15250978.0,365114.0,163778.7624,16541655.0,1990,2000,3247297.0,6765716.0,3518419.0
1576,S519003,成都台商投资工业园区,四川省,成都,省政府,工业园区,1993.12,163.72,医药、食品饮料、电子信息,104.066301,30.572961,104.063796,30.575416,四川省成都市,市,ok,1052.651,154.8809,108.7148,1023550.0751,0.9335,465.0,0.0,465.0,465.0,21267.0,50407.1346,5242342.0,214924.0,143149.5769,14887556.0,276204.0,192229.1442,19991831.0,301258.0,215854.2115,22448838.0,303978.0,222315.3462,23120796.0,1990,2000,5242342.0,14887556.0,9645214.0
1578,S519042,成都现代工业港,四川省,成都现代,省政府,工业园区,2005.09,1151.32,机械、新材料、电子信息,103.880101,30.782845,103.878014,30.785546,四川省成都市郫都区现代工业港,住宅区,ok,1081.39,53.1827,59.9894,358256.5348,5.0489,949.0,67.0,882.0,815.0,2007.0,12450.1584,1257466.0,19160.0,40377.6832,4078146.0,193549.0,98263.1287,9924576.0,269652.0,129883.8218,13118266.0,285785.0,152152.2178,15367374.0,2000,2010,4078146.0,9924576.0,5846430.0
1579,S519043,成都—阿坝工业园区,四川省,成都—阿坝,省政府,工业园区,2010.07,998.64,节能环保、食品、医药,104.582545,30.693946,104.580171,30.696686,四川省成都市金堂县阿坝工业园区,住宅区,ok,1044.563,50.9028,45.3877,160627.0308,3.1746,8252.0,467.0,7785.0,7318.0,262.0,5056.4059,510697.0,2369.0,7383.4653,745730.0,139776.0,26461.505,2672612.0,225438.0,40748.8713,4115636.0,256555.0,59863.1782,6046181.0,2010,2015,2672612.0,4115636.0,1443024.0
1580,S519008,四川金堂工业园区,四川省,金堂,省政府,工业园区,1994.05,751.86,节能环保、电力、食品,104.39377,30.842885,104.391105,30.845187,四川省成都市金堂县四川金堂工业园区,住宅区,ok,1066.805,63.6801,55.459,274965.5335,1.3957,858.0,0.0,858.0,858.0,4176.0,14560.8317,1470644.0,28599.0,29514.4653,2980961.0,144138.0,59055.4653,5964602.0,200305.0,77103.8812,7787492.0,222616.0,87039.3366,8790973.0,1990,2000,1470644.0,2980961.0,1510317.0
1583,S519009,四川新津工业园区,四川省,新津,省政府,工业园区,2006.12,228.79,轨道交通设备、食品、新材料,103.808907,30.429399,103.806714,30.43212,四川省成都市新津区四川新津工业园区,住宅区,ok,1049.507,59.672,34.4668,174884.5892,1.9225,975.0,29.0,946.0,917.0,28582.0,19658.102,1926494.0,145017.0,37862.3776,3710513.0,231959.0,61851.1633,6061414.0,268174.0,73423.5816,7195511.0,275340.0,77780.602,7622499.0,2000,2010,3710513.0,6061414.0,2350901.0
1585,S519007,四川彭州工业园区,四川省,彭州,省政府,工业园区,1997.05,538.01,医药、家纺、服装,103.978249,30.970462,103.976008,30.972945,四川省成都市彭州市工业园区,未知,ok,1096.051,44.3717,77.837,364354.8945,2.2037,380.0,0.0,380.0,380.0,27844.0,25431.0,2619393.0,86043.0,63271.7476,6516990.0,211272.0,93906.7087,9672391.0,270980.0,109067.8835,11233992.0,303326.0,115910.5534,11938787.0,1990,2000,2619393.0,6516990.0,3897597.0
1589,S519048,四川自贡航空产业园,四川省,自贡航空,省政府,工业园区,2015.07,305.0,通用航空、装备制造、航空新材料,104.779307,29.33924,104.776611,29.3421,四川省自贡市,市,ok,899.634,65.65,30.4389,288225.8229,2.6985,314.0,120.0,194.0,74.0,87504.0,51085.2475,5159610.0,254729.0,74473.0297,7521776.0,274364.0,109405.5347,11049959.0,286729.0,129900.495,13119950.0,287805.0,142391.9901,14381591.0,2015,2020,13119950.0,14381591.0,1261641.0
1593,S519052,四川攀枝花格里坪特色产业园区,四川省,攀枝花格里坪特色,省政府,工业园区,2008.08,310.47,煤化工、电力、机械、建材,101.520888,26.603171,101.519351,26.606787,四川省攀枝花市西区四川攀枝花格里坪特色产业园,住宅区,ok,809.299,31.6109,32.8745,49311.7128,6.9507,1083.0,118.0,965.0,847.0,29845.0,10496.35,1049635.0,39107.0,13805.19,1380519.0,43418.0,16228.17,1622817.0,47183.0,17721.84,1772184.0,58078.0,20485.2,2048520.0,2000,2010,1380519.0,1622817.0,242298.0
1594,S519053,四川泸州白酒产业园区,四川省,泸州白酒,省政府,工业园区,2006.06,371.33,酿酒、印刷、包装,105.584752,28.870339,105.581435,28.873706,四川省泸州市江阳区白酒产业园区,住宅区,ok,820.909,,30.6633,55776.4746,9.6375,1782.0,4.0,1778.0,1774.0,439.0,2315.7347,226942.0,1148.0,4186.0612,410234.0,42235.0,14495.949,1420603.0,64803.0,21340.4082,2091360.0,89915.0,30148.4796,2954551.0,2000,2010,410234.0,1420603.0,1010369.0
1597,S519056,四川合江临港工业园区,四川省,合江临港,省政府,工业园区,2008.04,302.26,化工、酿酒、茶、农副食品,105.909246,28.834468,105.905805,28.83786,四川省泸州市合江县四川合江临港工业园区,住宅区,ok,806.171,33.583,25.0611,65484.7407,16.729,1130.0,42.0,1088.0,1046.0,286.0,2834.0495,286239.0,717.0,4840.7426,488915.0,55032.0,10834.8218,1094317.0,85575.0,14554.0,1469954.0,102429.0,18105.4455,1828650.0,2000,2010,488915.0,1094317.0,605402.0
1598,S519057,四川叙永资源综合利用经济园区,四川省,叙永资源综合利用,省政府,工业园区,2011.12,202.24,非金属矿物制品、竹木制品、农副食品,105.158576,31.612152,105.155153,31.614209,四川省绵阳市梓潼县经济园区,住宅区,ok,1120.954,20.532,14.4007,95505.3811,1.6087,1465.0,57.0,1408.0,1351.0,29268.0,9006.8416,909691.0,45774.0,16396.7723,1656074.0,130912.0,27711.0594,2798817.0,179225.0,34334.0198,3467736.0,186908.0,38453.3663,3883790.0,2010,2015,2798817.0,3467736.0,668919.0
1604,S519063,德阳—阿坝生态经济产业园区,四川省,德阳—阿坝生态,省政府,工业园区,2012.05,649.89,新材料、能源、磷化工,104.397795,31.127449,104.395113,31.12959,四川省德阳市,市,city_only,1095.665,63.8858,30.1643,307283.6058,1.1741,1349.0,136.0,1213.0,1077.0,382509.0,84678.2647,8637183.0,385463.0,117774.5392,12013003.0,385597.0,148178.3431,15114191.0,386187.0,165118.1078,16842047.0,388871.0,178725.0882,18229959.0,2010,2015,15114191.0,16842047.0,1727856.0
1605,S519016,四川绵阳工业园区,四川省,绵阳,省政府,工业园区,2001.07,787.73,电子信息、装备制造,104.651578,31.51058,104.649046,31.512901,四川省绵阳市涪城区绵阳工业园区,住宅区,ok,1126.222,16.3457,15.86,134096.5551,0.3769,2464.0,5.0,2459.0,2454.0,1059.0,12931.8889,1280257.0,2672.0,29931.3131,2963200.0,12473.0,56912.7374,5634361.0,24034.0,73200.2222,7246822.0,56877.0,91705.4242,9078837.0,2000,2010,2963200.0,5634361.0,2671161.0
1607,S519065,四川安县工业园区,四川省,安县,省政府,工业园区,2010.07,180.0,精细化工、医药、汽车及零部件,104.549977,31.527574,104.54754,31.529897,四川省绵阳市安州区四川安县工业园区,住宅区,ok,1131.421,35.1566,27.4975,88817.0283,0.1378,1225.0,11.0,1214.0,1203.0,729.0,5964.3431,608363.0,5075.0,15130.0686,1543267.0,116749.0,33458.7059,3412788.0,177319.0,45620.098,4653250.0,228720.0,58863.598,6004087.0,2010,2015,3412788.0,4653250.0,1240462.0
1608,S519018,四川三台工业园区,四川省,三台,省政府,工业园区,2006.02,325.59,服装、能源化工、食品,105.093722,31.095826,105.09033,31.097974,四川省绵阳市三台县,区县,ok,1068.651,78.518,30.0773,244318.0678,2.9922,585.0,31.0,554.0,523.0,70938.0,16113.7941,1643607.0,204893.0,24020.1667,2450057.0,286786.0,35963.902,3668318.0,324221.0,43658.8431,4453202.0,329223.0,53108.9314,5417111.0,2000,2010,2450057.0,3668318.0,1218261.0
1612,S519017,四川江油工业园区,四川省,江油,省政府,工业园区,2006.02,1886.11,装备制造、电子、新材料,104.728629,31.753486,104.725862,31.755687,四川省绵阳市江油市工业园区,未知,ok,1148.962,29.0621,22.1238,218318.1198,1.2453,510.0,6.0,504.0,498.0,34554.0,53863.8416,5440248.0,121402.0,80357.8119,8116139.0,207703.0,108856.8812,10994545.0,250188.0,123510.7525,12474586.0,250304.0,128455.5149,12974007.0,2000,2010,8116139.0,10994545.0,2878406.0
1636,S519028,四川蓬安工业园区,四川省,蓬安,省政府,工业园区,2006.02,197.08,机械、农产品加工、电子,106.433642,30.958838,106.429547,30.961065,四川省南充市蓬安县四川蓬安工业园区,住宅区,ok,1019.544,52.3616,30.9075,56962.5645,7.1109,3657.0,149.0,3508.0,3359.0,4264.0,1237.6961,126245.0,7588.0,2682.6275,273628.0,55845.0,5847.8235,596478.0,89318.0,8165.951,832927.0,99888.0,10615.8235,1082814.0,2000,2010,273628.0,596478.0,322850.0
1641,S519092,甘孜—眉山工业园区,四川省,甘孜—眉山,省政府,工业园区,2012.01,745.43,有色金属、新能源、新材料,101.96231,30.04952,101.960791,30.052341,四川省甘孜藏族自治州,市,ok,1105.347,,60.8377,12836.7547,24.5047,1512.0,117.0,1395.0,1278.0,35114.0,2007.6699,206790.0,39208.0,2805.9709,289015.0,42477.0,4314.9806,444443.0,43789.0,5123.5049,527721.0,43818.0,5385.8738,554745.0,2010,2015,444443.0,527721.0,83278.0
1668,S519116,成都—雅安工业园区,四川省,成都—雅安,省政府,工业园区,2013.01,280.99,机械,104.066301,30.572961,104.063796,30.575416,四川省成都市,市,ok,1052.651,154.8809,108.7148,1023550.0751,0.9335,465.0,71.0,394.0,323.0,21267.0,50407.1346,5242342.0,214924.0,143149.5769,14887556.0,276204.0,192229.1442,19991831.0,301258.0,215854.2115,22448838.0,303978.0,222315.3462,23120796.0,2010,2015,19991831.0,22448838.0,2457007.0
1670,S519118,四川汉源工业园区,四川省,汉源,省政府,工业园区,2012.12,169.24,有色金属冶炼、化工、食品,102.650417,29.344275,102.648991,29.347276,四川省雅安市汉源县,区县,ok,1006.2,,28.896,88161.7105,0.7201,26.0,4.0,22.0,18.0,2677.0,1045.88,104588.0,2763.0,1258.87,125887.0,12580.0,2854.69,285469.0,22384.0,3961.06,396106.0,27576.0,4328.77,432877.0,2010,2015,285469.0,396106.0,110637.0
1671,S519119,四川石棉工业园区,四川省,石棉,省政府,工业园区,2012.12,459.07,冶金、磷化工、新材料,102.424923,29.148233,102.423205,29.151066,四川省雅安市石棉县四川石棉工业园区,住宅区,ok,995.934,12.728,10.7443,2524.9147,36.7235,569.0,38.0,531.0,493.0,871.0,510.6122,50040.0,871.0,595.2551,58335.0,872.0,700.5816,68657.0,876.0,743.4796,72861.0,889.0,746.102,73118.0,2010,2015,68657.0,72861.0,4204.0
1674,S519122,四川宝兴汉白玉特色产业园区,四川省,宝兴汉白玉特色,省政府,工业园区,2007.01,131.18,石材、电力,102.824826,30.252469,102.823227,30.255256,四川省雅安市宝兴县,区县,ok,1092.364,66.2603,43.4534,25985.1038,42.4798,5088.0,530.0,4558.0,4028.0,7069.0,1878.6566,185987.0,22069.0,3799.9495,376195.0,62133.0,7885.5859,780673.0,79174.0,9967.4444,986777.0,84066.0,10181.5758,1007976.0,2000,2010,376195.0,780673.0,404478.0
1680,S519038,四川阿坝工业园区,四川省,阿坝,省政府,工业园区,2006.08,161.56,铝冶炼、化学原料、非金属矿物制品,102.224504,31.899427,102.22286,31.901672,四川省阿坝藏族羌族自治州,市,ok,1283.257,,16.1991,1506.5207,26.5139,36.0,7.0,29.0,22.0,51418.0,1071.8725,109331.0,60472.0,1501.7255,153176.0,66705.0,2188.5784,223235.0,70394.0,2553.7353,260481.0,76348.0,2733.0196,278768.0,2000,2010,153176.0,223235.0,70059.0
1681,S519126,四川西昌钒钛产业园区,四川省,西昌钒钛,省政府,工业园区,2004.12,859.4,钒钛钢铁、新材料、装备制造,101.854884,26.530789,101.853481,26.534471,四川省攀枝花市仁和区钒钛产业园区,住宅区,ok,781.612,30.3223,29.5043,93558.1798,1.9876,867.0,8.0,859.0,851.0,36975.0,7520.898,737048.0,40963.0,9773.3673,957790.0,45045.0,13549.551,1327856.0,50162.0,16799.2347,1646325.0,70105.0,25288.9592,2478318.0,2000,2010,957790.0,1327856.0,370066.0
1682,S519127,四川德昌特色产业园区,四川省,德昌特色,省政府,工业园区,2005.07,230.78,装备制造、稀土、钒钛,102.175661,27.402832,102.174072,27.406157,四川省凉山彝族自治州德昌县,区县,ok,840.211,37.0593,13.3601,87388.3963,5.6692,1250.0,27.0,1223.0,1196.0,21624.0,12971.6893,1336084.0,68699.0,19120.5728,1969419.0,120495.0,26833.9029,2763892.0,143116.0,30497.7379,3141267.0,149776.0,32389.1553,3336083.0,2000,2010,1969419.0,2763892.0,794473.0
1706,S529029,镇宁产业园区,贵州省,镇宁,省政府,工业园区,2011.01,258.7,纺织、日用品、化工,108.141137,22.525046,108.137053,22.527807,广西壮族自治区南宁市江南区镇宁村,村庄,ok,73.475,4.9964,5.7532,10212.0083,0.3037,8811.0,290.0,8521.0,8231.0,43116.0,9429.6535,952395.0,51495.0,12525.6337,1265089.0,54362.0,13742.2178,1387964.0,55508.0,14541.6733,1468709.0,55550.0,15879.5446,1603834.0,2010,2015,1387964.0,1468709.0,80745.0
1742,S539016,云南五华科技产业园,云南省,五华科技,省政府,工业园区,2008.08,3275.35,专用设备、印刷,102.707262,25.043635,102.70583,25.046614,云南省昆明市五华区,区县,ok,601.247,131.3305,116.8607,1175735.6477,0.4419,254.0,32.0,222.0,190.0,381926.0,174398.3235,17788629.0,381926.0,291944.6765,29778357.0,381926.0,305609.9804,31172218.0,382673.0,312492.2255,31874207.0,386404.0,316166.2745,32248960.0,2000,2010,29778357.0,31172218.0,1393861.0
1743,S539017,云南省东川再就业特色产业园,云南省,省东川,省政府,工业园区,2004.04,433.23,金属加工、再生资源利用,103.187825,26.082997,103.185943,26.086244,云南省昆明市东川区,区县,ok,662.719,41.0179,14.3954,112183.0411,4.1541,153.0,4.0,149.0,145.0,177330.0,16451.5714,1612254.0,236088.0,24936.3469,2443762.0,315954.0,36594.7551,3586286.0,355356.0,42467.3163,4161797.0,356109.0,44252.5204,4336747.0,2000,2010,2443762.0,3586286.0,1142524.0
1744,S539018,云南呈贡信息产业园区,云南省,呈贡信息,省政府,工业园区,2015.12,2071.23,医药、信息,102.83689,24.955346,102.835477,24.958413,云南省昆明市呈贡区信息产业园区,住宅区,ok,585.189,36.8724,25.5062,187546.8496,2.985,4481.0,1480.0,3001.0,1521.0,22402.0,45904.8119,4636386.0,52470.0,84193.099,8503503.0,161442.0,119518.4554,12071364.0,207466.0,137063.2673,13843390.0,222512.0,146205.5743,14766763.0,2015,2020,13843390.0,14766763.0,923373.0
1745,S539019,云南晋宁工业园区,云南省,晋宁,省政府,工业园区,2007.06,390.37,磷化工、贵金属、装备制造,102.754179,24.672084,102.7527,24.675066,云南省昆明市晋宁区晋宁工业园区,住宅区,ok,568.41,13.8953,9.2043,61484.6174,6.5953,1672.0,65.0,1607.0,1542.0,17064.0,11749.14,1174914.0,38521.0,19368.73,1936873.0,106037.0,28766.64,2876664.0,146323.0,33916.37,3391637.0,168285.0,39688.09,3968809.0,2000,2010,1936873.0,2876664.0,939791.0
1746,S539020,云南富民工业园区,云南省,富民,省政府,工业园区,2012.03,364.95,钛盐化工、装备制造、新材料,102.562176,25.216937,102.560928,25.22003,云南省昆明市富民县工业园区,未知,ok,625.269,8.5897,4.3803,42462.9023,16.0688,5685.0,961.0,4724.0,3763.0,1181.0,4404.6869,436064.0,3413.0,7619.6768,754348.0,37266.0,13683.4545,1354662.0,53916.0,17050.0,1687950.0,56507.0,18525.4545,1834020.0,2010,2015,1354662.0,1687950.0,333288.0
1747,S539021,石林生态工业集中区,云南省,石林生态,省政府,工业园区,2012.03,385.08,农畜产品加工、建材,103.280746,24.779971,103.278897,24.782926,云南省昆明市石林彝族自治县石林生态工业集中区,住宅区,ok,540.952,14.7283,13.4185,93513.4812,1.0945,691.0,41.0,650.0,609.0,39788.0,22528.0619,2185222.0,54033.0,34299.4742,3327049.0,113753.0,47249.0928,4583162.0,141337.0,53549.0515,5194258.0,147886.0,55470.1856,5380608.0,2010,2015,4583162.0,5194258.0,611096.0
1748,S539022,云南禄劝工业园区,云南省,禄劝,省政府,工业园区,2008.12,585.77,电力、非金属矿采选、农副产品加工,102.507244,25.500091,102.505851,25.503091,云南省昆明市禄劝彝族苗族自治县工业园区,未知,ok,652.275,22.18,10.7974,111969.5236,13.5958,3750.0,389.0,3361.0,2972.0,17121.0,3116.9314,317927.0,21320.0,4666.1275,475945.0,29835.0,7343.7059,749058.0,34202.0,8988.3039,916807.0,39910.0,10293.4706,1049934.0,2000,2010,475945.0,749058.0,273113.0
1749,S539023,云南寻甸特色产业园区,云南省,寻甸特色,省政府,工业园区,2007.04,583.56,煤磷化工、能源、建材,103.201371,25.550357,103.199523,25.553305,云南省昆明市寻甸回族彝族自治县特色产业园区,住宅区,ok,613.168,16.2898,7.499,77441.7322,4.8548,647.0,12.0,635.0,623.0,31549.0,12511.9519,1301243.0,63179.0,16591.2308,1725488.0,190290.0,24223.2404,2519217.0,248412.0,28127.4231,2925252.0,258210.0,29201.1635,3036921.0,2000,2010,1725488.0,2519217.0,793729.0
1750,S539024,云南安宁工业园区,云南省,安宁,省政府,工业园区,2006.01,1390.66,磷化工、钢铁、石化,102.414337,24.931002,102.412746,24.933783,云南省昆明市安宁市工业园区,未知,ok,613.021,,9.816,40294.6589,13.4125,9790.0,111.0,9679.0,9568.0,19401.0,15244.1031,1478678.0,56002.0,26035.0928,2525404.0,109663.0,42859.1959,4157342.0,132522.0,50952.0412,4942348.0,137713.0,54246.1031,5261872.0,2000,2010,2525404.0,4157342.0,1631938.0
1751,S539025,云南沾益工业园区,云南省,沾益,省政府,工业园区,2004.05,749.85,煤化工、冶金、能源,103.793347,25.62751,103.791315,25.630561,云南省曲靖市沾益区沾益工业园区,住宅区,ok,587.915,6.5446,6.4072,66166.9547,2.7143,2212.0,4.0,2208.0,2204.0,3939.0,13221.6061,1308939.0,18283.0,21158.798,2094721.0,20458.0,30897.5455,3058857.0,24049.0,36370.0404,3600634.0,40056.0,40572.1818,4016646.0,2000,2010,2094721.0,3058857.0,964136.0
1752,S539026,云南马龙工业园区,云南省,马龙,省政府,工业园区,2012.12,855.66,冶金、机械、建材,103.578459,25.428102,103.576651,25.431228,云南省曲靖市马龙区,区县,ok,580.524,39.0005,7.519,77400.5648,4.3235,6821.0,335.0,6486.0,6151.0,180162.0,15517.3571,1520701.0,279147.0,20800.4898,2038448.0,312027.0,33502.0612,3283202.0,325215.0,39849.551,3905256.0,325416.0,42359.6633,4151247.0,2010,2015,3283202.0,3905256.0,622054.0
1753,S539027,云南师宗工业园区,云南省,师宗,省政府,工业园区,2006.11,474.92,化工、冶金、建材,104.006831,24.825204,104.00473,24.828146,云南省曲靖市师宗县师宗工业园区,住宅区,ok,500.985,19.9761,8.0913,82490.4565,6.6353,1327.0,21.0,1306.0,1285.0,56689.0,16577.39,1657739.0,150255.0,24621.81,2462181.0,273009.0,33699.77,3369977.0,324101.0,38013.68,3801368.0,324755.0,40154.2,4015420.0,2000,2010,2462181.0,3369977.0,907796.0
1754,S539028,云南罗平工业园区,云南省,罗平,省政府,工业园区,2007.05,572.72,生物资源加工、能源化工、建材,104.297124,24.865388,104.294921,24.868304,云南省曲靖市罗平县,区县,ok,489.417,19.6163,16.0911,129935.9132,6.869,4130.0,1042.0,3088.0,2046.0,3785.0,12384.951,1263265.0,9413.0,26358.5392,2688571.0,72367.0,39292.8922,4007875.0,107353.0,46291.6078,4721744.0,116104.0,48518.5294,4948890.0,2000,2010,2688571.0,4007875.0,1319304.0
1755,S539029,云南富源工业园区,云南省,富源,省政府,工业园区,2012.03,435.19,冶金、电力、煤化工,104.192412,25.736643,104.190196,25.739658,云南省曲靖市富源县工业园区,未知,ok,579.632,8.7392,5.0317,43398.2744,9.1744,1167.0,100.0,1067.0,967.0,184.0,2895.04,289504.0,184.0,3894.14,389414.0,892.0,4783.26,478326.0,4532.0,5712.02,571202.0,24791.0,8539.65,853965.0,2010,2015,478326.0,571202.0,92876.0
1756,S539030,云南会泽工业园区,云南省,会泽,省政府,工业园区,2008.12,254.91,卷烟、冶金、生物,103.334212,26.420312,103.332176,26.4237,云南省曲靖市会泽县工业园区,未知,ok,686.977,9.8847,12.8866,134510.5181,14.6217,370.0,81.0,289.0,208.0,38293.0,19180.7,1918070.0,47392.0,26335.94,2633594.0,63985.0,40102.84,4010284.0,72946.0,46772.0,4677200.0,76626.0,48074.3,4807430.0,2000,2010,2633594.0,4010284.0,1376690.0
1759,S539031,云南江川工业园区,云南省,江川,省政府,工业园区,2012.03,375.77,生物医药、装备制造、新能源,102.715812,24.314368,102.714385,24.317314,云南省玉溪市江川区工业园区,未知,ok,544.22,32.5173,35.7244,89596.8074,4.0506,4650.0,565.0,4085.0,3520.0,33892.0,22477.5962,2337670.0,43661.0,35934.3269,3737170.0,61508.0,40494.25,4211402.0,87947.0,43224.7308,4495372.0,186087.0,46442.8269,4830054.0,2010,2015,4211402.0,4495372.0,283970.0
1760,S539032,云南澄江工业园区,云南省,澄江,省政府,工业园区,2012.03,371.89,精细磷化工,102.904181,24.675536,102.902816,24.678701,云南省玉溪市澄江市,区县,ok,557.993,,28.7974,115736.5982,7.6333,3035.0,81.0,2954.0,2873.0,22337.0,15829.1078,1614569.0,71719.0,31902.5784,3254063.0,90976.0,37958.951,3871813.0,99985.0,40729.3431,4154393.0,103471.0,41750.1961,4258520.0,2010,2015,3871813.0,4154393.0,282580.0
1761,S539033,云南通海五金产业园区,云南省,通海五金,省政府,工业园区,2006.01,504.13,机电、彩印、包装,102.778059,24.086017,102.7766,24.088867,云南省玉溪市通海县五金产业园区,住宅区,ok,522.963,33.5643,41.2609,84626.1474,17.1122,4856.0,187.0,4669.0,4482.0,6906.0,14355.7426,1449930.0,22081.0,28055.6139,2833617.0,146617.0,33758.6733,3409626.0,214408.0,36785.099,3715295.0,246958.0,38630.3663,3901667.0,2000,2010,2833617.0,3409626.0,576009.0
1762,S539034,云南新平矿业循环经济特色工业园区,云南省,新平矿业循环,省政府,工业园区,2012.03,499.3,生物资源加工、箱包,101.990805,24.070436,101.989387,24.073298,云南省玉溪市新平彝族傣族自治县,区县,ok,585.878,49.9928,21.5119,67482.8036,23.0735,2644.0,199.0,2445.0,2246.0,249767.0,9619.86,961986.0,383103.0,16094.26,1609426.0,408024.0,21913.08,2191308.0,419035.0,24742.67,2474267.0,424218.0,26309.74,2630974.0,2010,2015,2191308.0,2474267.0,282959.0
1763,S539035,元江工业园区,云南省,元江,省政府,工业园区,2012.03,237.67,镍加工、建材、特色生物资源加工,101.998138,23.596068,101.996711,23.598756,云南省玉溪市元江哈尼族彝族傣族自治县,区县,ok,557.277,92.2175,35.288,92913.2189,6.7013,2387.0,406.0,1981.0,1575.0,42601.0,10714.5,1092879.0,161098.0,15421.7941,1573023.0,251767.0,19538.0588,1992882.0,299084.0,22103.8137,2254589.0,345981.0,26266.8627,2679220.0,2010,2015,1992882.0,2254589.0,261707.0
1765,S539036,云南昭阳工业园区,云南省,昭阳,省政府,工业园区,2006.01,561.45,农产品加工、医药、建材,103.76218,27.400359,103.760055,27.403757,云南省昭通市昭阳区工业园区,未知,ok,765.181,25.6336,22.081,62533.425,1.9299,275.0,51.0,224.0,173.0,39902.0,27478.5102,2692894.0,69946.0,38409.3061,3764112.0,86323.0,48435.6531,4746694.0,94239.0,53222.8878,5215843.0,101267.0,56989.1327,5584935.0,2000,2010,3764112.0,4746694.0,982582.0
1766,S539037,云南盐津工业园区,云南省,盐津,省政府,工业园区,2007.10,92.91,电力、农林产品加工,104.234458,28.108475,104.232193,28.111923,云南省昭通市盐津县,区县,ok,812.792,,316.4101,69293.8197,48.2708,1936.0,41.0,1895.0,1854.0,49.0,1059.7273,104913.0,56.0,1114.1818,110304.0,56.0,1331.1414,131783.0,3946.0,1726.9192,170965.0,35538.0,3567.9293,353225.0,2000,2010,110304.0,131783.0,21479.0
1767,S539038,云南大关工业园区,云南省,大关,省政府,工业园区,2012.03,269.01,水泥、建材、硅,103.891164,27.748054,103.889202,27.751635,云南省昭通市大关县,区县,ok,796.101,29.5031,14.5091,8836.0316,22.3216,1088.0,94.0,994.0,900.0,122234.0,2112.1414,209102.0,133394.0,2627.3434,260107.0,137969.0,3288.6869,325580.0,139953.0,3661.6263,362501.0,140744.0,3934.8687,389552.0,2010,2015,325580.0,362501.0,36921.0
1768,S539039,云南镇雄工业园区,云南省,镇雄,省政府,工业园区,2010.06,183.22,电力、建材,104.875484,27.433359,104.87294,27.43691,云南省昭通市镇雄县工业园区,未知,ok,709.276,266.9772,127.5642,278345.0815,14.5847,4035.0,164.0,3871.0,3707.0,88625.0,5863.7071,580507.0,202848.0,13069.1313,1293844.0,238230.0,18034.9899,1785464.0,252400.0,21283.4242,2107059.0,252504.0,25965.1616,2570551.0,2010,2015,1785464.0,2107059.0,321595.0
1769,S539040,云南彝良工业园区,云南省,彝良,省政府,工业园区,2004.04,236.95,有色金属、碳素、煤化工,104.023804,27.583219,104.021541,27.586532,云南省昭通市彝良县彝良工业园区,住宅区,ok,774.353,61.4833,67.2625,12107.2442,11.0262,296.0,0.0,296.0,296.0,15056.0,2530.2381,265675.0,20276.0,2923.981,307018.0,36430.0,3821.4286,401250.0,44521.0,4599.8286,482982.0,56652.0,6608.5524,693898.0,2000,2010,307018.0,401250.0,94232.0
1770,S539041,云南水富工业园区,云南省,水富,省政府,工业园区,2006.10,385.07,能源、化工、农产品加工,104.323648,28.545029,104.321236,28.548341,云南省昭通市水富市水富工业园区,住宅区,ok,842.706,58.7365,64.1852,16880.7155,23.7264,664.0,45.0,619.0,574.0,700.0,1613.2,161320.0,737.0,1879.17,187917.0,21132.0,3080.37,308037.0,29487.0,3954.39,395439.0,31256.0,4852.36,485236.0,2000,2010,187917.0,308037.0,120120.0
1772,S539043,云南永胜工业园区,云南省,永胜,省政府,工业园区,2004.02,177.74,农产品加工、建材,100.396893,26.770356,100.395553,26.773737,云南省丽江市永胜县工业园区,未知,ok,900.06,,3.6339,704.9747,13.7679,912.0,15.0,897.0,882.0,6080.0,345.4904,35931.0,7370.0,423.6923,44064.0,8425.0,646.1731,67202.0,8846.0,790.1058,82171.0,8846.0,929.8942,96709.0,2000,2010,44064.0,67202.0,23138.0
1774,S539044,云南普洱工业园区,云南省,普洱,省政府,工业园区,2006.05,625.33,生物制品、林产品加工,100.906062,22.781789,100.905017,22.784884,云南省普洱市思茅区普洱工业园区,住宅区,ok,612.008,18.463,7.9017,43340.6191,30.8417,25359.0,4388.0,20971.0,16583.0,21114.0,3312.6337,334576.0,45904.0,5884.099,594294.0,119861.0,10775.9307,1088369.0,161531.0,13813.3168,1395145.0,176496.0,16669.4158,1683611.0,2000,2010,594294.0,1088369.0,494075.0
1775,S539045,云南景东工业园区,云南省,景东,省政府,工业园区,2012.03,227.23,林产品加工、生物,100.86758,24.438369,100.866492,24.441503,云南省普洱市景东彝族自治县景东工业园区,住宅区,ok,703.81,42.6271,35.4627,145538.8495,23.2327,3378.0,1127.0,2251.0,1124.0,83057.0,14371.6337,1451535.0,104767.0,19811.8416,2000996.0,133329.0,23487.1881,2372206.0,146090.0,25279.7723,2553257.0,151968.0,26395.198,2665915.0,2010,2015,2372206.0,2553257.0,181051.0
1776,S539046,景谷林产工业园区,云南省,景谷林产,省政府,工业园区,2006.10,371.15,林板材、林化工、林浆纸,100.702807,23.496987,100.701696,23.499714,云南省普洱市景谷傣族彝族自治县,区县,ok,672.29,80.3835,24.7828,130183.8219,9.2109,16245.0,290.0,15955.0,15665.0,266285.0,15470.65,1547065.0,335000.0,21855.97,2185597.0,340300.0,25134.05,2513405.0,342641.0,26900.25,2690025.0,343741.0,28842.54,2884254.0,2000,2010,2185597.0,2513405.0,327808.0
1777,S539047,孟连勐阿边境经济合作区,云南省,孟连勐阿,省政府,工业园区,2012.05,115.86,锡矿、橡胶、农副产品加工,81.28279,43.929945,81.279862,43.92877,新疆维吾尔自治区伊犁哈萨克自治州伊宁市边境经济合作区,住宅区,ok,3455.712,65.2299,30.599,311069.5324,0.2741,220.0,122.0,98.0,-24.0,84677.0,64962.3861,6561201.0,153168.0,112777.3861,11390516.0,315643.0,186007.6139,18786769.0,396831.0,223602.0792,22583810.0,397356.0,228877.3861,23116616.0,2010,2015,18786769.0,22583810.0,3797041.0
1778,S539048,云南临沧工业园区,云南省,临沧,省政府,工业园区,2004.10,849.24,农林产品加工、矿产品加工、电力,100.103881,23.917201,100.102628,23.9198,云南省临沧市临翔区临沧工业园区,住宅区,ok,749.023,58.0051,59.0852,226059.8844,8.5287,5577.0,137.0,5440.0,5303.0,34092.0,22953.5408,2249447.0,92428.0,43190.1837,4232638.0,142708.0,53027.102,5196656.0,167907.0,57710.2959,5655609.0,187902.0,60396.9796,5918904.0,2000,2010,4232638.0,5196656.0,964018.0
1779,S539049,凤庆县滇红生态产业园区,云南省,凤庆县滇红生态,省政府,工业园区,2011.08,206.13,农副产品加工,99.958095,24.562968,99.95715,24.566084,云南省临沧市凤庆县滇红生态产业园区,住宅区,ok,790.588,109.1698,116.6284,181357.1886,10.4398,2653.0,100.0,2553.0,2453.0,1788.0,6810.7228,687883.0,2912.0,9190.1485,928205.0,9105.0,13114.2673,1324541.0,12770.0,15200.4257,1535243.0,20616.0,17287.1881,1746006.0,2010,2015,1324541.0,1535243.0,210702.0
1780,S539050,云县新材料光伏产业园区,云南省,云县新材料光伏,省政府,工业园区,2011.06,374.25,新材料、新能源、生物医药,100.529783,36.191342,100.528437,36.191682,青海省海南藏族自治州共和县青海省光伏产业园区,住宅区,ok,1756.855,,10.2536,51.2681,0.0,0.0,0.0,0.0,0.0,15.0,201.5192,20958.0,15.0,201.8462,20992.0,16.0,214.6346,22322.0,16.0,235.5577,24498.0,16.0,246.7019,25657.0,2010,2015,22322.0,24498.0,2176.0
1782,S539051,云南大姚特色工业园区,云南省,大姚特色,省政府,工业园区,2006.11,46.51,食品、有色金属采选加工、轻纺,101.336576,25.729551,101.334913,25.732534,云南省楚雄彝族自治州大姚县,区县,ok,752.649,15.6525,8.8549,91622.1313,8.9994,1745.0,42.0,1703.0,1661.0,21597.0,8986.9798,889711.0,33345.0,12865.6566,1273700.0,70083.0,21031.2828,2082097.0,96127.0,25351.0101,2509750.0,119875.0,27851.8687,2757335.0,2000,2010,1273700.0,2082097.0,808397.0
1783,S539052,云南武定工业园区,云南省,武定,省政府,工业园区,2012.12,211.49,冶金、化工、石材,102.403949,25.530731,102.402337,25.533535,云南省楚雄彝族自治州武定县,区县,ok,661.701,34.0495,8.3401,86461.9471,10.6194,2236.0,185.0,2051.0,1866.0,98867.0,7898.5686,805654.0,175225.0,12879.5196,1313711.0,225297.0,21845.5196,2228243.0,248686.0,26571.4412,2710287.0,263407.0,28474.9314,2904443.0,2010,2015,2228243.0,2710287.0,482044.0
1784,S539053,云南禄丰工业园区,云南省,禄丰,省政府,工业园区,2013.09,532.77,冶金、建材、机械,102.079082,25.151061,102.077436,25.153826,云南省楚雄彝族自治州禄丰市,区县,ok,654.314,16.7432,8.6221,88746.793,12.8248,2071.0,226.0,1845.0,1619.0,56362.0,8990.1919,890029.0,69387.0,15121.6061,1497039.0,80317.0,25490.2121,2523531.0,84746.0,30960.0404,3065044.0,85081.0,33338.1616,3300478.0,2010,2015,2523531.0,3065044.0,541513.0
1785,S539054,云南个旧特色工业园区,云南省,个旧特色,省政府,工业园区,2010.09,483.11,有色金属冶炼加工、资源循环利用,103.152663,23.389935,103.150822,23.392486,云南省红河哈尼族彝族自治州个旧市,区县,ok,445.612,29.3552,28.8488,54582.0166,12.5786,4604.0,477.0,4127.0,3650.0,141170.0,20800.9293,2059292.0,148807.0,25683.1919,2542636.0,151572.0,28281.8182,2799900.0,153089.0,29529.4242,2923413.0,155160.0,30321.7071,3001849.0,2010,2015,2799900.0,2923413.0,123513.0
1787,S539055,云南建水工业园区,云南省,建水,省政府,工业园区,2012.03,387.88,冶金、化工、生物,102.826178,23.635824,102.824787,23.638596,云南省红河哈尼族彝族自治州建水县,区县,ok,488.551,38.788,25.2245,147613.6881,0.0182,686.0,49.0,637.0,588.0,91225.0,58800.1485,5938815.0,278276.0,70914.8713,7162402.0,297971.0,76719.1584,7748635.0,306838.0,80336.6337,8114000.0,311774.0,85936.505,8679587.0,2010,2015,7748635.0,8114000.0,365365.0
1788,S539056,云南泸西工业园区,云南省,泸西,省政府,工业园区,2007.04,226.74,生物医药、农产品加工、煤化工,103.824306,24.610417,103.822362,24.613476,云南省红河哈尼族彝族自治州泸西县工业园区,未知,ok,492.036,17.6378,13.046,18264.3562,6.7795,1648.0,59.0,1589.0,1530.0,2098.0,12792.0583,1317582.0,2098.0,13874.2039,1429043.0,16182.0,15042.5437,1549382.0,23855.0,15764.4466,1623738.0,33797.0,16920.4272,1742804.0,2000,2010,1429043.0,1549382.0,120339.0
1789,S539009,云南文山三七药物产业园区,云南省,文山三七药物,省政府,工业园区,2000.06,363.38,轻工业产品加工、三七生物资源加工,104.268736,23.349436,104.266634,23.35211,云南省文山壮族苗族自治州文山市三七药物产业园区,住宅区,ok,355.918,128.0904,56.887,222314.4217,4.0679,2457.0,0.0,2457.0,2457.0,85009.0,33914.1782,3425332.0,187000.0,55007.4158,5555749.0,265499.0,67456.3762,6813094.0,303127.0,73661.4158,7439803.0,320795.0,77755.2079,7853276.0,2000,2010,5555749.0,6813094.0,1257345.0
1790,S539057,云南砚山工业园区,云南省,砚山,省政府,工业园区,2010.06,313.65,冶金、农副产品加工、建材,104.346737,23.6556,104.344459,23.658145,云南省文山壮族苗族自治州砚山县砚山工业园区,住宅区,ok,375.95,23.0575,11.6873,105723.3256,6.9339,3228.0,651.0,2577.0,1926.0,4068.0,13897.69,1389769.0,5550.0,20153.92,2015392.0,20556.0,27607.47,2760747.0,39073.0,32008.31,3200831.0,71214.0,36775.59,3677559.0,2010,2015,2760747.0,3200831.0,440084.0
1791,S539058,麻栗坡天保边境经济合作区,云南省,麻栗坡天保,省政府,工业园区,2012.05,203.91,商贸、轻工,104.845574,22.939462,104.843194,22.942415,云南省文山壮族苗族自治州麻栗坡县天保镇,乡镇,ok,282.517,154.7009,164.4682,13321.923,31.2941,7821.0,3316.0,4505.0,1189.0,2362.0,895.9697,88701.0,17915.0,1509.1717,149408.0,27709.0,2244.5556,222211.0,33883.0,2876.0606,284730.0,42378.0,4043.5455,400311.0,2010,2015,222211.0,284730.0,62519.0
1792,S539059,马关县边境贸易加工区,云南省,马关县,省政府,工业园区,2013.01,135.98,矿产品加工、生物,104.394524,23.013108,104.392185,23.015721,云南省文山壮族苗族自治州马关县,区县,ok,320.597,223.773,69.89,195621.9869,14.9279,6587.0,3026.0,3561.0,535.0,182147.0,9107.6,910760.0,225957.0,14465.82,1446582.0,317752.0,19077.94,1907794.0,358488.0,21662.59,2166259.0,364043.0,23654.2,2365420.0,2010,2015,1907794.0,2166259.0,258465.0
1793,S539060,云南丘北工业园区,云南省,丘北,省政府,工业园区,2013.03,127.78,生物、石材加工,104.166713,24.05064,104.164514,24.053345,云南省文山壮族苗族自治州丘北县,区县,ok,421.608,44.3215,32.3039,105569.2126,9.5286,2058.0,1087.0,971.0,-116.0,14083.0,11774.9184,1153942.0,29957.0,18624.5306,1825204.0,151919.0,28726.2347,2815171.0,209589.0,33631.7755,3295914.0,219220.0,35634.6633,3492197.0,2010,2015,2815171.0,3295914.0,480743.0
1794,S539061,富宁边境贸易加工园区,云南省,富宁,省政府,工业园区,2012.03,131.86,生物、医药,100.1671,25.707749,100.165893,25.710737,云南省大理白族自治州大理市加工园区,住宅区,ok,841.34,30.9146,26.3363,104712.9514,4.6176,814.0,55.0,759.0,704.0,84560.0,30994.1359,3192396.0,131983.0,46676.2913,4807658.0,183131.0,58683.0097,6044350.0,208756.0,64974.1262,6692335.0,214508.0,67128.6117,6914247.0,2010,2015,6044350.0,6692335.0,647985.0
1795,S539062,云南勐海工业园区,云南省,勐海,省政府,工业园区,2012.03,401.42,饮料、食品、纺织,100.504446,21.989995,100.503416,21.992822,云南省西双版纳傣族自治州勐海县工业园区,未知,ok,610.665,15.462,12.3732,19190.8871,27.8009,12440.0,3609.0,8831.0,5222.0,8109.0,3480.4653,351527.0,13701.0,5819.3762,587757.0,27585.0,9384.0495,947789.0,44042.0,12158.6337,1228022.0,50995.0,15691.4356,1584835.0,2010,2015,947789.0,1228022.0,280233.0
1796,S539063,云南祥云财富工业园区,云南省,祥云财富,省政府,工业园区,2011.04,446.34,冶金、化工、农产品加工,100.634894,25.522469,100.633895,25.52563,云南省大理白族自治州祥云县祥云财富工业园区,住宅区,ok,791.524,,14.211,29743.6913,7.8585,8548.0,1525.0,7023.0,5498.0,5503.0,11824.2308,1229720.0,8799.0,15171.6827,1577855.0,16069.0,20642.1442,2146783.0,30581.0,23842.9231,2479664.0,68925.0,27081.9519,2816523.0,2010,2015,2146783.0,2479664.0,332881.0
1797,S539064,云南南涧工业园区,云南省,南涧,省政府,工业园区,2003.05,211.51,农产品加工,100.510333,25.032353,100.50925,25.035351,云南省大理白族自治州南涧彝族自治县,区县,ok,769.797,144.7659,101.5281,103761.7228,9.9276,1287.0,9.0,1278.0,1269.0,58631.0,9793.8713,989181.0,89879.0,12926.4257,1305569.0,126110.0,15185.8614,1533772.0,144902.0,16490.8812,1665579.0,147521.0,17696.099,1787306.0,2000,2010,1305569.0,1533772.0,228203.0
1798,S539065,云南巍山工业园区,云南省,巍山,省政府,工业园区,2012.03,170.56,医药、农副产品加工,100.306977,25.227065,100.305831,25.229966,云南省大理白族自治州巍山彝族回族自治县,区县,ok,798.884,85.1848,26.4782,77395.7665,4.8615,1248.0,72.0,1176.0,1104.0,251697.0,14758.68,1475868.0,312926.0,22359.21,2235921.0,342477.0,28170.09,2817009.0,359191.0,30954.61,3095461.0,369604.0,32095.39,3209539.0,2010,2015,2817009.0,3095461.0,278452.0
1799,S539066,云南云龙工业园区,云南省,云龙,省政府,工业园区,2011.08,41.46,能源、矿冶、建材、生物,99.371021,25.885733,99.369877,25.888778,云南省大理白族自治州云龙县,区县,ok,917.727,55.6361,40.3154,8425.9085,14.7899,1316.0,603.0,713.0,110.0,55120.0,2663.7692,277032.0,82200.0,3433.5673,357091.0,91078.0,3995.7885,415562.0,95406.0,4294.5288,446631.0,99281.0,4662.9904,484951.0,2010,2015,415562.0,446631.0,31069.0
1800,S539067,云南洱源邓川工业园区,云南省,洱源邓川,省政府,工业园区,2015.02,147.33,装备制造、农产品加工,100.094501,25.995861,100.093194,25.998956,云南省大理白族自治州洱源县邓川工业园区,住宅区,ok,866.552,14.4536,12.171,37657.0309,2.959,481.0,87.0,394.0,307.0,27504.0,16852.4327,1752653.0,61936.0,28765.4712,2991609.0,97576.0,37312.75,3880526.0,115730.0,41291.7115,4294338.0,120215.0,42619.8269,4432462.0,2015,2020,4294338.0,4432462.0,138124.0
1801,S539068,云南鹤庆兴鹤工业园区,云南省,鹤庆兴鹤,省政府,工业园区,2013.06,350.91,矿冶、能源、建材,100.215508,26.556237,100.21437,26.559776,云南省大理白族自治州鹤庆县兴鹤工业园区,住宅区,ok,897.205,8.4087,9.1814,52664.3585,9.6257,2447.0,9.0,2438.0,2429.0,8597.0,19172.73,1917273.0,13785.0,28352.13,2835213.0,26983.0,38606.87,3860687.0,37324.0,43428.56,4342856.0,40242.0,44490.35,4449035.0,2010,2015,3860687.0,4342856.0,482169.0
1802,S539069,云南芒市工业园,云南省,芒市,省政府,工业园区,2007.06,469.77,咖啡、制糖、橡胶,98.58809,24.433766,98.587937,24.436939,云南省德宏傣族景颇族自治州芒市,区县,ok,909.036,55.5751,40.4015,200351.0314,9.0661,6440.0,1111.0,5329.0,4218.0,363806.0,50044.8713,5054532.0,374373.0,68253.703,6893624.0,374834.0,79873.0693,8067180.0,375102.0,85880.4455,8673925.0,375516.0,89120.7129,9001192.0,2000,2010,6893624.0,8067180.0,1173556.0
1803,S539070,云南陇川工业园区,云南省,陇川,省政府,工业园区,2013.03,264.42,制糖、硅冶炼、干酵母,97.793359,24.182347,97.793051,24.185295,云南省德宏傣族景颇族自治州陇川县,区县,ok,966.128,53.6074,17.2267,107253.1617,4.6891,8483.0,1493.0,6990.0,5497.0,172178.0,15195.1078,1549901.0,314644.0,23651.8529,2412489.0,337659.0,30087.549,3068930.0,347301.0,33537.8333,3420859.0,349487.0,35974.1569,3669364.0,2010,2015,3068930.0,3420859.0,351929.0
1806,S549002,达孜工业园区,西藏自治区,达孜,省政府,工业园区,2011.12,603.09,生物、医药、农畜产品加工,91.324706,29.665806,91.323247,29.668597,西藏自治区拉萨市达孜区达孜工业园区,住宅区,ok,1828.417,47.3397,38.9525,19826.8043,0.3341,8.0,0.0,8.0,8.0,24822.0,5295.4519,550727.0,28490.0,6300.5865,655261.0,92516.0,9899.7692,1029576.0,124525.0,12153.8077,1263996.0,128545.0,13665.6827,1421231.0,2010,2015,1029576.0,1263996.0,234420.0
1808,S549004,西藏自治区藏青工业园,西藏自治区,自治区藏青,省政府,工业园区,2013.12,2999.33,矿产资源加工、清洁能源装备、藏医药,92.229821,32.258609,92.228758,32.261085,西藏自治区那曲市安多县藏青村,村庄,ok,1896.575,,,,0.0014,0.0,0.0,0.0,0.0,0.0,1.7327,175.0,0.0,1.7327,175.0,0.0,1.7327,175.0,0.0,1.7327,175.0,0.0,1.7723,179.0,2010,2015,175.0,175.0,0.0
1810,S619005,西安灞桥工业园区,陕西省,西安灞桥,省政府,工业园区,2002.09,223.64,商贸物流,109.064675,34.273111,109.059563,34.274381,陕西省西安市灞桥区,区县,ok,900.047,86.5451,49.1741,524785.8956,0.0766,31.0,0.0,31.0,31.0,374074.0,171931.76,17193176.0,400711.0,210221.53,21022153.0,402736.0,229932.75,22993275.0,403819.0,240072.45,24007245.0,405193.0,248537.0,24853700.0,2000,2010,21022153.0,22993275.0,1971122.0
1811,S619018,临潼区新丰工业集中区,陕西省,临潼区新丰,省政府,工业园区,2010.08,439.56,机械加工、乳制品加工、油脂加工,119.198356,31.738544,119.193067,31.740464,江苏省镇江市句容市新丰工业集中区,住宅区,ok,63.92,17.0859,9.0138,27537.2077,1.0052,3289.0,0.0,3289.0,3289.0,25552.0,14753.1287,1490066.0,43986.0,18215.6238,1839778.0,60583.0,24310.2772,2455338.0,69943.0,27931.0792,2821039.0,84831.0,32140.2673,3246167.0,2010,2015,2455338.0,2821039.0,365701.0
1812,S619002,西安郭杜工业园区,陕西省,西安郭杜,省政府,工业园区,2006.08,855.27,机械、电子,108.881214,34.172532,108.876636,34.174178,陕西省西安市长安区郭杜工业园区,住宅区,ok,920.23,62.6364,49.0637,526551.3436,0.0415,186.0,18.0,168.0,150.0,85808.0,83557.11,8355711.0,235529.0,164087.56,16408756.0,299560.0,235109.34,23510934.0,326592.0,269545.91,26954591.0,333682.0,285955.78,28595578.0,2000,2010,16408756.0,23510934.0,7102178.0
1813,S619007,陕西高陵泾河工业园区,陕西省,高陵泾河,省政府,工业园区,1993.08,1013.01,装备制造,109.014261,34.444256,109.009311,34.445557,陕西省西安市高陵区泾河工业园区,住宅区,ok,893.169,59.6866,22.6838,200207.3502,0.0581,141.0,0.0,141.0,141.0,21886.0,24106.0291,2482921.0,50595.0,51795.6796,5334955.0,187944.0,117696.4466,12122734.0,267846.0,153655.0874,15826474.0,284910.0,167670.0971,17270020.0,1990,2000,2482921.0,5334955.0,2852034.0
1814,S619009,陕西户县沣京工业园区,陕西省,户县沣京,省政府,工业园区,2001.03,172.63,装备制造、电子信息、生物医药,108.654935,34.110279,108.650417,34.111897,陕西省西安市鄠邑区沣京工业园区,住宅区,ok,941.306,26.6143,20.7451,138431.7604,0.0293,251.0,0.0,251.0,251.0,35886.0,39584.4752,3998032.0,78408.0,75087.1485,7583802.0,148363.0,102840.3861,10386879.0,183579.0,118733.1782,11992051.0,216332.0,128349.0099,12963250.0,2000,2010,7583802.0,10386879.0,2803077.0
1815,S619008,陕西蓝田工业园区,陕西省,蓝田,省政府,工业园区,2006.05,195.47,食品加工、机械、生物制药,109.312836,34.164977,109.307693,34.166376,陕西省西安市蓝田县工业园区,未知,ok,888.396,59.0315,16.4774,142677.4286,0.3399,2789.0,14.0,2775.0,2761.0,33814.0,22261.98,2226198.0,200195.0,38881.25,3888125.0,307407.0,53760.42,5376042.0,358515.0,61758.82,6175882.0,371554.0,67157.3,6715730.0,2000,2010,3888125.0,5376042.0,1487917.0
1819,S619020,眉县科技工业园,陕西省,眉县科技,省政府,工业园区,2014.07,686.1,钛材加工、机械、纺织,114.951033,22.774603,114.946473,22.777548,广东省惠州市惠东县科技工业园,住宅区,ok,2.554,32.072,37.0104,89454.1613,15.3475,19165.0,7651.0,11514.0,3863.0,6150.0,8849.1359,911461.0,33174.0,24835.6311,2558070.0,94314.0,36896.5922,3800349.0,129318.0,44501.3495,4583639.0,134274.0,47313.4369,4873284.0,2010,2015,3800349.0,4583639.0,783290.0
1821,S619022,咸阳市泾阳县工业密集区,陕西省,咸阳市泾阳县,省政府,工业园区,2009.03,168.32,化工、机械,108.951403,34.534078,108.946698,34.535493,陕西省咸阳市泾阳县工业密集区,住宅区,ok,892.484,20.3081,10.7423,94124.0563,0.0321,164.0,12.0,152.0,140.0,50574.0,25630.1188,2588642.0,94192.0,49338.6832,4983207.0,201010.0,79526.802,8032207.0,257993.0,95655.9406,9661250.0,265876.0,102894.6238,10392357.0,2000,2010,4983207.0,8032207.0,3049000.0
1822,S619023,咸阳市乾县纺织工业园区,陕西省,咸阳市乾县纺织,省政府,工业园区,2009.03,481.0,纺织加工,108.593816,34.293627,108.589374,34.295242,陕西省咸阳市兴平市纺织工业园区,住宅区,ok,934.569,,15.9939,106167.5307,0.0283,51.0,24.0,27.0,3.0,18341.0,36777.9238,3861682.0,24673.0,62881.7333,6602582.0,99356.0,90386.1048,9490541.0,157108.0,106913.3048,11225897.0,246508.0,122891.3048,12903587.0,2000,2010,6602582.0,9490541.0,2887959.0
1823,S619024,咸阳市礼泉县工业园,陕西省,咸阳市礼泉县,省政府,工业园区,2009.03,173.41,食品加工,108.447609,34.49677,108.442785,34.49795,陕西省咸阳市礼泉县工业园,住宅区,ok,933.748,10.4429,11.1598,115136.0068,2.0217,140.0,56.0,84.0,28.0,151.0,30312.9899,3000986.0,2975.0,46074.8586,4561411.0,72287.0,64116.1717,6347501.0,116610.0,73153.3939,7242186.0,127768.0,76438.5859,7567420.0,2000,2010,4561411.0,6347501.0,1786090.0
1824,S619025,咸阳市彬县循环经济工业园区,陕西省,咸阳市彬县循环,省政府,工业园区,2009.03,77.59,清洁煤电,108.081892,35.035702,108.076915,35.036326,陕西省咸阳市彬州市,区县,ok,932.896,34.9907,12.2804,110277.7885,1.0029,833.0,135.0,698.0,563.0,218105.0,8773.5577,912450.0,247027.0,12180.0865,1266729.0,261592.0,20469.3173,2128809.0,274403.0,25423.3462,2644028.0,284258.0,27815.3173,2892793.0,2000,2010,1266729.0,2128809.0,862080.0
1825,S619026,长武煤电工业园区,陕西省,长武煤电,省政府,工业园区,2013.09,297.16,清洁煤电,107.79906,35.206273,107.794254,35.206939,陕西省咸阳市长武县,区县,ok,947.147,23.5422,19.2584,66499.1143,0.5253,162.0,135.0,27.0,-108.0,120835.0,10949.8687,1084037.0,177030.0,17374.8081,1720106.0,221219.0,30738.1212,3043074.0,238895.0,37520.8182,3714561.0,238995.0,39557.5657,3916199.0,2010,2015,3043074.0,3714561.0,671487.0
1826,S619027,咸阳市武功县工业园区,陕西省,咸阳市武功县,省政府,工业园区,2009.03,458.36,建材、食品、医药,108.234379,34.246172,108.22972,34.247624,陕西省咸阳市武功县工业园区,住宅区,ok,965.18,16.6879,18.5307,115020.0861,0.0183,243.0,1.0,242.0,241.0,17639.0,42956.4444,4252688.0,30802.0,63515.9192,6288076.0,128475.0,77417.3939,7664322.0,183308.0,85213.2121,8436108.0,217234.0,91888.8586,9096997.0,2000,2010,6288076.0,7664322.0,1376246.0
1827,S619028,澄城韦庄工业集中区,陕西省,澄城韦庄,省政府,工业园区,2013.09,756.53,农产品加工、新能源,118.31441,32.11951,118.309031,32.121498,安徽省滁州市全椒县韦庄村集中区,住宅区,ok,122.632,8.2239,7.8519,84336.9463,0.1983,418.0,16.0,402.0,386.0,16174.0,20770.3465,2097805.0,20173.0,28767.198,2905487.0,86153.0,54013.4356,5455357.0,138383.0,70907.8515,7161693.0,204514.0,83088.0693,8391895.0,2010,2015,5455357.0,7161693.0,1706336.0
1829,S619030,渭南市白水县苹果科技产业园,陕西省,渭南市白水县苹果科技,省政府,工业园区,2009.03,104.4,食品加工,109.590501,35.177497,109.585463,35.178302,陕西省渭南市白水县,区县,ok,805.226,81.2412,14.6373,152388.4954,0.0652,132.0,67.0,65.0,-2.0,303290.0,25702.699,2647378.0,311684.0,33202.0291,3419809.0,318911.0,43817.9417,4513248.0,321941.0,49540.767,5102699.0,322670.0,52637.8058,5421694.0,2000,2010,3419809.0,4513248.0,1093439.0
1833,S619034,安塞工业园区,陕西省,安塞,省政府,工业园区,2009.04,281.79,石油机械装备、新能源、生物医药,109.357503,36.764316,109.351996,36.763996,陕西省延安市安塞区工业园区,未知,ok,751.005,16.0177,11.8195,11275.8344,0.4422,639.0,25.0,614.0,589.0,1367.0,1124.9223,115867.0,4108.0,1635.5049,168457.0,63366.0,4718.1456,485969.0,97959.0,6819.9223,702452.0,120742.0,8766.8058,902981.0,2000,2010,168457.0,485969.0,317512.0
1834,S619035,延长县工业集中区,陕西省,延长县,省政府,工业园区,2009.06,166.78,能源化工,80.381016,40.660447,80.378629,40.65968,新疆维吾尔自治区阿克苏地区阿瓦提县工业集中区,住宅区,ok,3300.793,23.8799,23.4036,140866.173,0.0031,0.0,0.0,0.0,0.0,37264.0,19530.5253,1933522.0,78876.0,39621.899,3922568.0,111075.0,53558.5758,5302299.0,124117.0,60123.3838,5952215.0,126625.0,61685.0909,6106824.0,2000,2010,3922568.0,5302299.0,1379731.0
1835,S619036,甘泉工业园区,陕西省,甘泉,省政府,工业园区,2009.03,163.75,农副产品加工、石油装备、精细化工,109.355771,36.21856,109.350321,36.218495,陕西省延安市甘泉县甘泉工业园区,住宅区,ok,772.386,16.2446,12.973,25608.6467,2.6431,525.0,21.0,504.0,483.0,8035.0,1573.1683,158890.0,16996.0,2971.1683,300088.0,25454.0,5028.3069,507859.0,33225.0,6176.7426,623851.0,44994.0,6792.099,686002.0,2000,2010,300088.0,507859.0,207771.0
1836,S619037,延安市中国洛川现代苹果产业园区,陕西省,延安市中国洛川现代苹果,省政府,工业园区,2009.03,167.33,苹果加工销售物流,109.411851,35.772073,109.40637,35.772082,陕西省延安市洛川县现代苹果产业园区,住宅区,ok,788.217,12.9345,5.1889,58204.3565,2.6639,1594.0,502.0,1092.0,590.0,11373.0,9671.3861,976810.0,34324.0,17815.495,1799365.0,129717.0,25953.5347,2621307.0,177283.0,30277.6337,3058041.0,210349.0,32479.1188,3280391.0,2000,2010,1799365.0,2621307.0,821942.0
1837,S619038,城固县三合循环经济工业园区,陕西省,城固县三合循环,省政府,工业园区,2013.09,238.38,食品、医药,107.872474,26.047151,107.868466,26.050558,贵州省黔南布依族苗族自治州三都水族自治县三合街道,道路,ok,458.929,27.2719,18.3222,5075.2597,24.3549,5301.0,2124.0,3177.0,1053.0,72.0,875.2178,88397.0,72.0,1043.3069,105374.0,83.0,1201.3267,121334.0,4563.0,1658.297,167488.0,31681.0,4076.2673,411703.0,2010,2015,121334.0,167488.0,46154.0
1838,S619039,宁强县循环经济产业园区,陕西省,宁强县循环,省政府,工业园区,2009.06,254.88,食品、中药材加工、钢材加工,106.305852,32.836469,106.301805,32.838536,陕西省汉中市宁强县循环经济产业园区,住宅区,ok,1226.062,27.476,34.5959,42449.1808,12.0081,972.0,352.0,620.0,268.0,5007.0,4658.4804,475165.0,14521.0,7041.3922,718222.0,88508.0,13867.7549,1414511.0,126596.0,17194.6471,1753854.0,137031.0,17859.2157,1821640.0,2000,2010,718222.0,1414511.0,696289.0
1839,S619040,汉阴县月河工业集中区,陕西省,汉阴县月河,省政府,工业园区,2009.03,113.61,富硒食品、建材,108.53413,32.86809,108.529707,32.870252,陕西省安康市汉阴县月河,住宅区,ok,1034.425,24.2714,12.9613,100411.0004,6.403,1066.0,8.0,1058.0,1050.0,20645.0,8953.1143,940077.0,45393.0,15013.1714,1576383.0,67087.0,24771.1429,2600970.0,79634.0,29948.7714,3144621.0,86782.0,32006.4286,3360675.0,2000,2010,1576383.0,2600970.0,1024587.0
1840,S619041,石泉县古堰工业集中区,陕西省,石泉县古堰,省政府,工业园区,2013.09,238.61,丝绸服装、装备制造、新材料,112.687716,29.539823,112.682132,29.542524,湖南省岳阳市华容县古堰工业集中区,住宅区,ok,714.682,25.2315,13.6959,20489.0663,3.7716,3354.0,1205.0,2149.0,944.0,2613.0,4413.8384,436970.0,7432.0,6118.7172,605753.0,63749.0,9141.2727,904986.0,93537.0,11648.9798,1153249.0,122816.0,17440.5556,1726615.0,2010,2015,904986.0,1153249.0,248263.0
1841,S619042,安康市中国紫阳硒谷生态工业园,陕西省,安康市中国紫阳硒谷生态,省政府,工业园区,2009.03,136.76,茶制品、饮料、富硒食品,108.534291,32.520209,108.529895,32.522526,陕西省安康市紫阳县,区县,ok,1171.334,26.013,16.1042,3059.795,15.5669,222.0,17.0,205.0,188.0,41063.0,1503.77,150377.0,41130.0,1567.1,156710.0,41207.0,1705.41,170541.0,43814.0,1966.88,196688.0,57908.0,3272.94,327294.0,2000,2010,156710.0,170541.0,13831.0
1842,S619043,岚皋县六口工业集中区,陕西省,岚皋县六口,省政府,工业园区,2010.02,119.67,食品饮料、新材料,108.895164,32.360569,108.890727,32.362985,陕西省安康市岚皋县六口村,村庄,ok,1119.283,,50.0607,6057.3415,34.9567,2146.0,42.0,2104.0,2062.0,6634.0,504.8627,51496.0,12047.0,683.1373,69680.0,26150.0,1085.2843,110699.0,37238.0,1609.2745,164146.0,43469.0,3372.9118,344037.0,2010,2015,110699.0,164146.0,53447.0
1843,S619044,平利县工业集中区,陕西省,平利县,省政府,工业园区,2009.06,469.84,富硒食品、新材料、装备制造,80.381016,40.660447,80.378629,40.65968,新疆维吾尔自治区阿克苏地区阿瓦提县工业集中区,住宅区,ok,3300.793,23.8799,23.4036,140866.173,0.0031,0.0,0.0,0.0,0.0,37264.0,19530.5253,1933522.0,78876.0,39621.899,3922568.0,111075.0,53558.5758,5302299.0,124117.0,60123.3838,5952215.0,126625.0,61685.0909,6106824.0,2000,2010,3922568.0,5302299.0,1379731.0
1845,S619046,商丹循环工业经济园区,陕西省,商丹循环,省政府,工业园区,2009.04,734.75,新材料、光伏、新能源汽车,120.568773,30.642864,120.564626,30.645382,浙江省嘉兴市桐乡市工业经济园区,住宅区,ok,26.633,56.4056,33.5538,345637.4021,0.2547,469.0,0.0,469.0,469.0,14674.0,16548.1717,1638269.0,89081.0,46058.8687,4559828.0,231406.0,115538.798,11438341.0,313579.0,163421.202,16178699.0,315707.0,182934.303,18110496.0,2000,2010,4559828.0,11438341.0,6878513.0
1846,S619047,洛南县陶岭工业园区,陕西省,洛南县陶岭,省政府,工业园区,2009.06,383.39,矿产品深加工、农副产品加工、建材,110.198986,34.130155,110.193731,34.131569,陕西省商洛市洛南县陶岭,村庄,ok,826.068,,13.1138,44980.4688,10.436,944.0,6.0,938.0,932.0,405.0,4801.8544,494591.0,405.0,6493.8058,668862.0,466.0,10434.2718,1074730.0,491.0,12552.6214,1292920.0,505.0,13647.6893,1405712.0,2000,2010,668862.0,1074730.0,405868.0
1847,S619048,商南县工业集中区,陕西省,商南县,省政府,工业园区,2010.08,342.64,食品、电子、矿产品,80.381016,40.660447,80.378629,40.65968,新疆维吾尔自治区阿克苏地区阿瓦提县工业集中区,住宅区,ok,3300.793,23.8799,23.4036,140866.173,0.0031,0.0,0.0,0.0,0.0,37264.0,19530.5253,1933522.0,78876.0,39621.899,3922568.0,111075.0,53558.5758,5302299.0,124117.0,60123.3838,5952215.0,126625.0,61685.0909,6106824.0,2010,2015,5302299.0,5952215.0,649916.0
1848,S619049,山阳县工业集中区,陕西省,山阳县,省政府,工业园区,2010.02,199.79,材料、有机食品、装备制造,109.853874,33.523185,109.8489,33.524958,陕西省商洛市山阳县工业集中区,住宅区,ok,893.952,46.4404,49.3889,64353.7149,18.1847,545.0,38.0,507.0,469.0,39397.0,4180.404,413860.0,60965.0,7108.899,703781.0,112865.0,15322.0,1516878.0,143790.0,20125.1414,1992389.0,156807.0,22438.4949,2221411.0,2010,2015,1516878.0,1992389.0,475511.0
1850,S629004,兰州西固新城工业园区,甘肃省,兰州西固,省政府,工业园区,2006.08,65.07,商贸物流,103.627966,36.08845,103.625695,36.088836,甘肃省兰州市西固区,区县,ok,1263.333,138.9825,93.1149,530009.9316,0.0132,14.0,1.0,13.0,12.0,218913.0,120263.6796,12387159.0,241902.0,141425.0097,14566776.0,253089.0,152568.2816,15714533.0,262722.0,159602.6602,16439074.0,285716.0,171660.5049,17681032.0,2000,2010,14566776.0,15714533.0,1147757.0
1852,S629035,皋兰三川口工业园区,甘肃省,皋兰三川口,省政府,工业园区,2016.05,309.17,建材、机械、食品,103.91922,36.359693,103.916873,36.360015,甘肃省兰州市皋兰县三川口工业园区,住宅区,ok,1229.706,5.0711,8.9603,12840.0883,0.0002,3.0,3.0,0.0,-3.0,21931.0,8586.75,893022.0,60859.0,13472.9135,1401183.0,69493.0,17989.7019,1870929.0,97389.0,20980.6346,2181986.0,226474.0,26328.875,2738203.0,2015,2020,2181986.0,2738203.0,556217.0
1853,S629002,兰州榆中和平工业园区,甘肃省,兰州榆中和平,省政府,工业园区,2006.04,465.0,新材料、医药、机械,104.112541,35.843354,104.109737,35.843443,甘肃省兰州市榆中县,区县,ok,1230.056,78.906,24.9261,99729.3291,0.3478,32.0,32.0,0.0,-32.0,126037.0,14241.297,1438371.0,219347.0,24582.0099,2482783.0,250950.0,29419.1683,2971336.0,263889.0,32915.9604,3324512.0,265341.0,39050.6337,3944114.0,2000,2010,2482783.0,2971336.0,488553.0
1854,S629005,甘肃嘉峪关工业园区,甘肃省,嘉峪关,省政府,工业园区,2006.03,841.33,有色金属冶炼加工、装备制造、建材,98.318147,39.751273,98.317484,39.750394,甘肃省嘉峪关市嘉峪关工业园区,住宅区,ok,1662.639,6.5836,8.542,55173.0706,0.0067,0.0,0.0,0.0,0.0,23536.0,57650.5392,5880355.0,24717.0,64515.9608,6580628.0,25278.0,67861.1471,6921837.0,25603.0,69251.8039,7063684.0,26036.0,69485.6569,7087537.0,2000,2010,6580628.0,6921837.0,341209.0
1855,S629007,甘肃永昌工业园区,甘肃省,永昌,省政府,工业园区,2006.03,479.91,农畜产品加工、机械、商贸物流,102.02084,38.228914,102.018816,38.228486,甘肃省金昌市永昌县甘肃永昌工业园区,住宅区,ok,1354.756,,7.1529,14806.5798,0.0031,0.0,0.0,0.0,0.0,24849.0,11984.3107,1234384.0,26079.0,17606.932,1813514.0,40417.0,22782.0874,2346555.0,52746.0,25967.0874,2674610.0,85288.0,29364.767,3024571.0,2000,2010,1813514.0,2346555.0,533041.0
1858,S629036,白银刘川工业集中区,甘肃省,白银刘川,省政府,工业园区,2013.06,659.86,有色金属加工、稀土、化工建材,104.539216,36.67992,104.536493,36.680008,甘肃省白银市靖远县白银刘川工业集中区,住宅区,ok,1166.831,16.7998,9.907,46651.9564,0.0002,0.0,0.0,0.0,0.0,18738.0,4405.84,440584.0,24309.0,6302.07,630207.0,27972.0,7760.73,776073.0,32406.0,9701.23,970123.0,39375.0,15328.0,1532800.0,2010,2015,776073.0,970123.0,194050.0
1859,S629037,会宁工业集中区,甘肃省,会宁,省政府,工业园区,2013.06,357.6,农产品加工、纺织、电器,104.887788,36.24458,104.884792,36.244921,甘肃省白银市会宁县工业集中区,住宅区,ok,1149.942,29.6229,17.6881,56230.4858,0.0531,90.0,90.0,0.0,-90.0,32942.0,9679.4757,996986.0,39800.0,11424.0,1176672.0,81840.0,14072.1748,1449434.0,103640.0,15491.4272,1595617.0,115010.0,16104.7379,1658788.0,2010,2015,1449434.0,1595617.0,146183.0
1860,S629038,景泰工业集中区,甘肃省,景泰,省政府,工业园区,2013.06,234.49,建材、非金属矿物加工、机械,113.911621,23.051033,113.906728,23.053925,广东省东莞市景泰(超横路店),兴趣点,ok,10.546,56.8152,42.3513,304082.1291,0.531,521.0,247.0,274.0,27.0,12004.0,34693.5248,3504046.0,82814.0,114635.6238,11578198.0,235061.0,160838.6535,16244704.0,319201.0,185853.9406,18771248.0,327270.0,193244.1683,19517661.0,2010,2015,16244704.0,18771248.0,2526544.0
1862,S629019,甘肃武威工业园区,甘肃省,武威,省政府,工业园区,2006.03,1168.5,食品饮料、农副产品加工、生物医药,102.68245,37.888141,102.680614,37.887767,甘肃省武威市凉州区武威工业园区,住宅区,ok,1302.042,30.9531,29.0092,164714.3205,0.0025,5.0,0.0,5.0,5.0,80310.0,28239.3737,2795698.0,116291.0,36791.5455,3642363.0,167800.0,47858.6061,4738002.0,206867.0,55738.2323,5518085.0,274993.0,70821.1414,7011293.0,2000,2010,3642363.0,4738002.0,1095639.0
1863,S629020,甘肃武威黄羊工业园区,甘肃省,武威黄羊,省政府,工业园区,2006.03,145.42,农副食品加工、装备制造、生物技术,102.829255,37.673217,102.827368,37.672837,甘肃省武威市凉州区黄羊,村庄,ok,1292.866,,16.3367,25240.1455,0.0015,0.0,0.0,0.0,0.0,999.0,6354.6346,660882.0,1028.0,7974.7692,829376.0,1517.0,9945.3654,1034318.0,3038.0,11157.0,1160328.0,7844.0,12824.2115,1333718.0,2000,2010,829376.0,1034318.0,204942.0
1864,S629040,武威民勤红沙岗能源化工工业集中区,甘肃省,武威民勤红沙岗能源,省政府,工业园区,2009.06,641.85,精细化工、能源、农副产品加工,103.137986,38.631836,103.135488,38.631261,甘肃省武威市民勤县工业集中区,住宅区,ok,1253.365,9.2676,12.238,108037.1289,0.0,0.0,0.0,0.0,0.0,243.0,21686.0303,2146917.0,245.0,24899.4949,2465050.0,4130.0,31418.899,3110471.0,10157.0,36145.4444,3578399.0,27503.0,42735.697,4230834.0,2000,2010,2465050.0,3110471.0,645421.0
1865,S629041,武威古浪工业集中区,甘肃省,武威古浪,省政府,工业园区,2009.06,415.86,建材、医药、食品,102.89163,37.573487,102.889811,37.573197,甘肃省武威市古浪县工业集中区,住宅区,ok,1289.242,51.2064,33.028,15457.1037,0.0,0.0,0.0,0.0,0.0,15508.0,5993.1569,611302.0,17542.0,6285.951,641167.0,29220.0,7263.6275,740890.0,41607.0,8037.098,819784.0,43117.0,8577.7353,874929.0,2000,2010,641167.0,740890.0,99723.0
1866,S629042,武威天祝金强工业集中区,甘肃省,武威天祝金强,省政府,工业园区,2009.06,299.43,新材料、建材、机械,103.142416,36.971978,103.140012,36.971637,甘肃省武威市天祝藏族自治县,区县,ok,1280.364,79.9987,34.8968,54334.3455,0.0409,29.0,3.0,26.0,23.0,45986.0,4496.8835,463179.0,167340.0,9050.4369,932195.0,208750.0,13919.9126,1433751.0,232400.0,16534.7379,1703078.0,244570.0,18265.0291,1881298.0,2000,2010,932195.0,1433751.0,501556.0
1867,S629043,肃南县祁青工业集中区,甘肃省,肃南县祁青,省政府,工业园区,2010.12,101.04,矿产品采选加工、水电,80.381016,40.660447,80.378629,40.65968,新疆维吾尔自治区阿克苏地区阿瓦提县工业集中区,住宅区,ok,3300.793,23.8799,23.4036,140866.173,0.0031,0.0,0.0,0.0,0.0,37264.0,19530.5253,1933522.0,78876.0,39621.899,3922568.0,111075.0,53558.5758,5302299.0,124117.0,60123.3838,5952215.0,126625.0,61685.0909,6106824.0,2010,2015,5302299.0,5952215.0,649916.0
1868,S629017,甘肃民乐工业园区,甘肃省,民乐,省政府,工业园区,2006.03,255.78,农副产品加工、医药、新材料,100.812047,38.430318,100.810443,38.430049,甘肃省张掖市民乐县,区县,ok,1457.288,35.3717,7.85,89223.1528,0.0044,25.0,3.0,22.0,19.0,85054.0,12183.16,1218316.0,152309.0,15170.07,1517007.0,215270.0,20040.3,2004030.0,274363.0,23015.82,2301582.0,443878.0,27905.6,2790560.0,2000,2010,1517007.0,2004030.0,487023.0
1869,S629015,甘肃临泽工业园区,甘肃省,临泽,省政府,工业园区,2006.03,411.28,农副产品加工、建材,100.173877,39.108578,100.172258,39.107881,甘肃省张掖市临泽县临泽工业园区,住宅区,ok,1506.346,36.0442,30.8422,22483.95,0.0065,0.0,0.0,0.0,0.0,70118.0,14663.5294,1495680.0,77128.0,19233.8725,1961855.0,87082.0,24116.6275,2459896.0,91297.0,26319.7451,2684614.0,92587.0,27125.3431,2766785.0,2000,2010,1961855.0,2459896.0,498041.0
1870,S629016,甘肃高台工业园区,甘肃省,高台,省政府,工业园区,2006.03,621.57,农副产品加工、装备制造、化工,99.815589,39.388461,99.814164,39.387786,甘肃省张掖市高台县高台工业园区,住宅区,ok,1535.619,12.9097,8.0285,65271.5148,0.0695,0.0,0.0,0.0,0.0,18932.0,10505.902,1071602.0,29572.0,15927.5098,1624606.0,73294.0,23458.4608,2392763.0,93714.0,26721.2647,2725569.0,100598.0,27485.8137,2803553.0,2000,2010,1624606.0,2392763.0,768157.0
1871,S629018,甘肃山丹城北工业园区,甘肃省,山丹城北,省政府,工业园区,2006.03,207.37,建材、农产品加工、化工冶炼,101.116013,38.786626,101.113877,38.786005,甘肃省张掖市山丹县城北工业园区,住宅区,ok,1427.353,17.8008,17.1024,111695.8854,0.0081,0.0,0.0,0.0,0.0,112149.0,24970.1078,2546951.0,122712.0,38619.6863,3939208.0,134460.0,43274.3824,4413987.0,139563.0,46249.0686,4717405.0,141547.0,51684.0294,5271771.0,2000,2010,3939208.0,4413987.0,474779.0
1872,S629026,甘肃平凉工业园区,甘肃省,平凉,省政府,工业园区,2006.08,849.96,煤电化工、装备制造、商贸物流,106.765119,35.511327,106.7607,35.511709,甘肃省平凉市崆峒区平凉工业园区,住宅区,ok,1018.383,16.9887,19.4361,57900.1027,0.0356,30.0,0.0,30.0,30.0,38891.0,14797.4272,1524135.0,51225.0,24186.5631,2491216.0,137507.0,36424.3398,3751707.0,197939.0,42779.6117,4406300.0,318591.0,48524.1068,4997983.0,2000,2010,2491216.0,3751707.0,1260491.0
1873,S629044,泾川工业集中区,甘肃省,泾川,省政府,工业园区,2014.03,67.1,农副产品加工、建材、纺织,118.410993,30.688522,118.405644,30.6907,安徽省宣城市泾县泾川镇,乡镇,ok,175.931,41.3972,9.2561,97485.566,25.3531,8011.0,5568.0,2443.0,-3125.0,286721.0,17413.5556,1723942.0,290700.0,23663.9899,2342735.0,292537.0,43277.5657,4284479.0,293393.0,55505.3737,5495032.0,293963.0,59476.9899,5888222.0,2010,2015,4284479.0,5495032.0,1210553.0
1874,S629045,灵台县工业集中区,甘肃省,灵台县,省政府,工业园区,2014.03,64.18,煤电化工、建材、农副产品加工,80.381016,40.660447,80.378629,40.65968,新疆维吾尔自治区阿克苏地区阿瓦提县工业集中区,住宅区,ok,3300.793,23.8799,23.4036,140866.173,0.0031,0.0,0.0,0.0,0.0,37264.0,19530.5253,1933522.0,78876.0,39621.899,3922568.0,111075.0,53558.5758,5302299.0,124117.0,60123.3838,5952215.0,126625.0,61685.0909,6106824.0,2010,2015,5302299.0,5952215.0,649916.0
1875,S629046,崇信县工业集中区,甘肃省,崇信县,省政府,工业园区,2014.03,177.03,煤电化工、建材、机械,106.880647,35.283048,106.876364,35.283788,甘肃省平凉市崇信县工业集中区,住宅区,ok,1018.937,14.2053,15.8776,21466.4799,5.496,729.0,87.0,642.0,555.0,27255.0,1994.8571,209460.0,33445.0,2535.7524,266254.0,49307.0,4206.981,441733.0,55822.0,5124.1429,538035.0,56826.0,5712.4571,599808.0,2010,2015,441733.0,538035.0,96302.0
1876,S629027,甘肃华亭工业园区,甘肃省,华亭,省政府,工业园区,2006.04,361.53,煤化工、有色金属加工、电力,106.787331,35.256404,106.782941,35.257022,甘肃省平凉市华亭市华亭工业园区,住宅区,ok,1027.904,13.3021,13.8404,34711.6554,7.3116,1164.0,18.0,1146.0,1128.0,36157.0,5692.5408,557869.0,36615.0,6250.5714,612556.0,43250.0,8470.2959,830089.0,47799.0,9839.949,964315.0,58979.0,11302.4286,1107638.0,2000,2010,612556.0,830089.0,217533.0
1877,S629047,庄浪县工业集中区,甘肃省,庄浪县,省政府,工业园区,2014.03,36.96,农副产品加工,80.381016,40.660447,80.378629,40.65968,新疆维吾尔自治区阿克苏地区阿瓦提县工业集中区,住宅区,ok,3300.793,23.8799,23.4036,140866.173,0.0031,0.0,0.0,0.0,0.0,37264.0,19530.5253,1933522.0,78876.0,39621.899,3922568.0,111075.0,53558.5758,5302299.0,124117.0,60123.3838,5952215.0,126625.0,61685.0909,6106824.0,2010,2015,5302299.0,5952215.0,649916.0
1878,S629028,甘肃静宁工业园区,甘肃省,静宁,省政府,工业园区,2006.03,388.55,包装、印刷、农副产品加工,105.716535,35.543484,105.712544,35.543881,甘肃省平凉市静宁县工业园区,未知,ok,1105.035,42.0437,49.7734,167686.6756,0.0229,98.0,7.0,91.0,84.0,24978.0,14540.3107,1497652.0,82664.0,21771.9515,2242511.0,178341.0,34667.835,3570787.0,222984.0,41318.7087,4255827.0,231726.0,44086.1553,4540874.0,2000,2010,2242511.0,3570787.0,1328276.0
1879,S629048,金塔工业集中区,甘肃省,金塔,省政府,工业园区,2015.05,15.56,农副产品加工、矿产采选加工、煤化工,115.971432,32.515721,115.966183,32.517904,安徽省六安市霍邱县金塔,村庄,ok,343.408,,8.4357,29103.1365,0.2968,216.0,3.0,213.0,210.0,24117.0,14044.951,1432585.0,27827.0,26292.6373,2681849.0,34784.0,36614.6569,3734695.0,39299.0,42853.2549,4371032.0,44091.0,47359.1373,4830632.0,2015,2020,4371032.0,4830632.0,459600.0
1880,S629049,阿克塞工业园区,甘肃省,阿克塞,省政府,工业园区,2015.05,260.01,建材、化工、装备制造,94.352558,39.634564,94.35115,39.633724,甘肃省酒泉市阿克塞哈萨克族自治县阿克塞工业园区,住宅区,ok,2372.54,11.792,11.1938,8126.6738,0.0,0.0,0.0,0.0,0.0,54320.0,2653.4466,273305.0,61797.0,2950.165,303867.0,124904.0,5434.0,559702.0,154666.0,6616.4272,681492.0,156861.0,6692.8447,689363.0,2015,2020,681492.0,689363.0,7871.0
1882,S629050,敦煌市循环经济产业园区,甘肃省,敦煌市循环,省政府,工业园区,2015.05,28.7,装备制造、建材,93.420004,42.700146,93.41812,42.698446,新疆维吾尔自治区哈密市伊州区循环经济产业园区,住宅区,ok,2082.167,,4.5204,3575.6215,0.0,0.0,0.0,0.0,0.0,95518.0,8539.6569,871045.0,95530.0,8972.2745,915172.0,115921.0,10295.8137,1050173.0,124149.0,10891.8235,1110966.0,124487.0,10997.2843,1121723.0,2015,2020,1110966.0,1121723.0,10757.0
1883,S629029,甘肃庆阳西峰工业园区,甘肃省,庆阳西峰,省政府,工业园区,2006.03,399.44,石化、装备制造、医药、食品,107.64997,35.730758,107.645212,35.731134,甘肃省庆阳市西峰区甘肃庆阳西峰工业园区,住宅区,ok,935.109,23.5775,9.3907,106875.6012,0.1058,188.0,40.0,148.0,108.0,179996.0,25547.0,2605794.0,343027.0,62256.0196,6350114.0,366494.0,99086.6765,10106841.0,376300.0,116148.6275,11847160.0,378860.0,120737.1373,12315188.0,2000,2010,6350114.0,10106841.0,3756727.0
1884,S629051,庆城驿马工业集中区,甘肃省,庆城驿马,省政府,工业园区,2008.09,301.29,农副产品加工、医药、食品,107.607559,35.898974,107.602847,35.899344,甘肃省庆阳市庆城县驿马工业集中区,住宅区,ok,931.524,8.0812,6.5059,7019.8316,0.0352,17.0,1.0,16.0,15.0,12512.0,3298.899,326591.0,24395.0,5551.0202,549551.0,35084.0,8758.6566,867107.0,39369.0,10302.6364,1019961.0,39443.0,11112.1717,1100105.0,2000,2010,549551.0,867107.0,317556.0
1885,S629052,合水县工业集中区,甘肃省,合水县,省政府,工业园区,2008.09,75.59,特色农产品加工,80.381016,40.660447,80.378629,40.65968,新疆维吾尔自治区阿克苏地区阿瓦提县工业集中区,住宅区,ok,3300.793,23.8799,23.4036,140866.173,0.0031,0.0,0.0,0.0,0.0,37264.0,19530.5253,1933522.0,78876.0,39621.899,3922568.0,111075.0,53558.5758,5302299.0,124117.0,60123.3838,5952215.0,126625.0,61685.0909,6106824.0,2000,2010,3922568.0,5302299.0,1379731.0
1886,S629053,正宁县周家工业集中区,甘肃省,正宁县周家,省政府,工业园区,2010.12,50.76,煤电化工,108.390664,35.493905,108.385704,35.494082,甘肃省庆阳市正宁县工业集中区,住宅区,ok,884.851,31.7629,32.0887,49705.4048,0.9054,460.0,110.0,350.0,240.0,5364.0,4293.8812,433682.0,7947.0,7065.2772,713593.0,33586.0,11582.1089,1169793.0,50416.0,14627.6337,1477391.0,57428.0,16942.0099,1711143.0,2010,2015,1169793.0,1477391.0,307598.0
1887,S629054,宁县长庆桥工业集中区,甘肃省,宁县长庆桥,省政府,工业园区,2008.09,334.76,煤电化工,107.759402,35.311247,107.75453,35.31177,甘肃省庆阳市宁县长庆桥镇工业集中区,住宅区,ok,945.278,,7.9153,27521.37,0.4407,712.0,114.0,598.0,484.0,1502.0,3146.5149,317798.0,1682.0,4653.5446,470008.0,1782.0,7577.396,765317.0,3148.0,9262.3564,935498.0,9768.0,11146.3762,1125784.0,2000,2010,470008.0,765317.0,295309.0
1888,S629055,镇原金龙工业集中区,甘肃省,镇原金龙,省政府,工业园区,2008.09,77.18,农副产品加工,109.412716,19.695618,109.408363,19.697326,海南省儋州市金龙,村庄,ok,10.696,25.7711,21.5741,32317.9993,7.1006,21219.0,924.0,20295.0,19371.0,75914.0,16264.3039,1658959.0,78239.0,17804.7843,1816088.0,80042.0,18868.4412,1924581.0,80761.0,19488.9118,1987869.0,80761.0,20380.6961,2078831.0,2000,2010,1816088.0,1924581.0,108493.0
1890,S629056,通渭县工业集中区,甘肃省,通渭县,省政府,工业园区,2011.04,221.39,农副产品加工、机械,80.381016,40.660447,80.378629,40.65968,新疆维吾尔自治区阿克苏地区阿瓦提县工业集中区,住宅区,ok,3300.793,23.8799,23.4036,140866.173,0.0031,0.0,0.0,0.0,0.0,37264.0,19530.5253,1933522.0,78876.0,39621.899,3922568.0,111075.0,53558.5758,5302299.0,124117.0,60123.3838,5952215.0,126625.0,61685.0909,6106824.0,2010,2015,5302299.0,5952215.0,649916.0
1892,S629057,渭源县工业集中区,甘肃省,渭源县,省政府,工业园区,2011.04,152.75,医药、农产品加工,104.248742,35.123442,104.246152,35.12422,甘肃省定西市渭源县工业集中区,住宅区,ok,1246.111,,48.5747,50080.5296,0.0161,10.0,2.0,8.0,6.0,2508.0,4038.3,403830.0,2588.0,6543.72,654372.0,12394.0,11163.55,1116355.0,26107.0,13973.89,1397389.0,51586.0,16561.21,1656121.0,2010,2015,1116355.0,1397389.0,281034.0
1894,S629058,漳县工业集中区,甘肃省,漳县,省政府,工业园区,2011.04,235.84,建材、农产品加工,80.381016,40.660447,80.378629,40.65968,新疆维吾尔自治区阿克苏地区阿瓦提县工业集中区,住宅区,ok,3300.793,23.8799,23.4036,140866.173,0.0031,0.0,0.0,0.0,0.0,37264.0,19530.5253,1933522.0,78876.0,39621.899,3922568.0,111075.0,53558.5758,5302299.0,124117.0,60123.3838,5952215.0,126625.0,61685.0909,6106824.0,2010,2015,5302299.0,5952215.0,649916.0
1895,S629024,甘肃岷县工业园区,甘肃省,岷县,省政府,工业园区,2006.08,648.45,食品、医药、农副产品加工,104.016967,34.437777,104.014419,34.439164,甘肃省定西市岷县工业园区,住宅区,ok,1451.865,48.9053,50.0395,131503.7497,0.0412,24.0,0.0,24.0,24.0,49716.0,15563.9307,1571957.0,86154.0,23898.9703,2413796.0,183590.0,32331.505,3265482.0,246960.0,36400.2376,3676424.0,271061.0,37563.5941,3793923.0,2000,2010,2413796.0,3265482.0,851686.0
1896,S629059,武都区工业集中区,甘肃省,武都区,省政府,工业园区,2014.12,568.44,农产品加工、制药、物流,80.381016,40.660447,80.378629,40.65968,新疆维吾尔自治区阿克苏地区阿瓦提县工业集中区,住宅区,ok,3300.793,23.8799,23.4036,140866.173,0.0031,0.0,0.0,0.0,0.0,37264.0,19530.5253,1933522.0,78876.0,39621.899,3922568.0,111075.0,53558.5758,5302299.0,124117.0,60123.3838,5952215.0,126625.0,61685.0909,6106824.0,2010,2015,5302299.0,5952215.0,649916.0
1898,S629060,宕昌县工业集中区,甘肃省,宕昌县,省政府,工业园区,2014.12,92.34,医药、农产品加工,80.381016,40.660447,80.378629,40.65968,新疆维吾尔自治区阿克苏地区阿瓦提县工业集中区,住宅区,ok,3300.793,23.8799,23.4036,140866.173,0.0031,0.0,0.0,0.0,0.0,37264.0,19530.5253,1933522.0,78876.0,39621.899,3922568.0,111075.0,53558.5758,5302299.0,124117.0,60123.3838,5952215.0,126625.0,61685.0909,6106824.0,2010,2015,5302299.0,5952215.0,649916.0
1899,S629061,康县工业集中区,甘肃省,康县,省政府,工业园区,2014.12,127.86,特色农副产品加工、制药,80.381016,40.660447,80.378629,40.65968,新疆维吾尔自治区阿克苏地区阿瓦提县工业集中区,住宅区,ok,3300.793,23.8799,23.4036,140866.173,0.0031,0.0,0.0,0.0,0.0,37264.0,19530.5253,1933522.0,78876.0,39621.899,3922568.0,111075.0,53558.5758,5302299.0,124117.0,60123.3838,5952215.0,126625.0,61685.0909,6106824.0,2010,2015,5302299.0,5952215.0,649916.0
1900,S629062,西和县工业集中区,甘肃省,西和县,省政府,工业园区,2014.12,112.67,中药材、农副产品加工,80.381016,40.660447,80.378629,40.65968,新疆维吾尔自治区阿克苏地区阿瓦提县工业集中区,住宅区,ok,3300.793,23.8799,23.4036,140866.173,0.0031,0.0,0.0,0.0,0.0,37264.0,19530.5253,1933522.0,78876.0,39621.899,3922568.0,111075.0,53558.5758,5302299.0,124117.0,60123.3838,5952215.0,126625.0,61685.0909,6106824.0,2010,2015,5302299.0,5952215.0,649916.0
1901,S629063,礼县工业集中区,甘肃省,礼县,省政府,工业园区,2014.12,523.48,农副产品加工、医药、商贸物流,80.381016,40.660447,80.378629,40.65968,新疆维吾尔自治区阿克苏地区阿瓦提县工业集中区,住宅区,ok,3300.793,23.8799,23.4036,140866.173,0.0031,0.0,0.0,0.0,0.0,37264.0,19530.5253,1933522.0,78876.0,39621.899,3922568.0,111075.0,53558.5758,5302299.0,124117.0,60123.3838,5952215.0,126625.0,61685.0909,6106824.0,2010,2015,5302299.0,5952215.0,649916.0
1903,S629034,甘肃永靖工业园区,甘肃省,永靖,省政府,工业园区,2006.08,70.01,装备制造、化工,103.285853,35.958306,103.283543,35.958537,甘肃省临夏回族自治州永靖县,区县,ok,1297.071,28.6042,11.353,62191.4931,0.0351,7.0,1.0,6.0,5.0,1743.0,15094.41,1509441.0,8856.0,20825.85,2082585.0,94892.0,26731.36,2673136.0,170670.0,30766.24,3076624.0,212757.0,35730.95,3573095.0,2000,2010,2082585.0,2673136.0,590551.0
1906,S629064,甘南合作生态产业园区,甘肃省,甘南合作生态,省政府,工业园区,2013.11,196.81,农畜产品加工、中藏药研发、民族特色用品,102.972837,35.029471,102.970939,35.030453,甘肃省甘南藏族自治州合作市合作生态产业园区,兴趣点,ok,1546.467,14.3466,8.0752,27689.9476,0.0284,174.0,0.0,174.0,174.0,136.0,513.899,50876.0,136.0,1055.4444,104489.0,229.0,2267.9495,224527.0,480.0,3071.9091,304119.0,733.0,3241.5051,320909.0,2010,2015,224527.0,304119.0,79592.0
1907,S639004,青海南川工业园区,青海省,南川,省政府,工业园区,2008.02,2605.04,藏毯绒纺、新能源、新材料,101.671239,36.543701,101.66939,36.543904,青海省西宁市城中区南川工业园区,住宅区,ok,1419.098,24.5347,42.0317,80742.9103,0.0131,20.0,0.0,20.0,20.0,17492.0,7224.0294,736851.0,22521.0,15113.2549,1541552.0,87564.0,32009.7157,3264991.0,122867.0,41178.049,4200161.0,135152.0,46497.0784,4742702.0,2000,2010,1541552.0,3264991.0,1723439.0
1908,S639005,西宁大通北川工业园区,青海省,西宁大通北川,省政府,工业园区,2015.12,3088.68,铝电、建材、基础化工,101.764334,36.771596,101.762378,36.771571,青海省西宁市大通回族土族自治县北川工业园区,住宅区,ok,1405.052,,38.243,80960.351,0.0257,105.0,13.0,92.0,79.0,8587.0,9135.7273,904437.0,10325.0,18894.8384,1870589.0,62260.0,30707.4646,3040039.0,102404.0,36919.8081,3655061.0,140260.0,40012.202,3961208.0,2015,2020,3655061.0,3961208.0,306147.0
1909,S639002,青海甘河工业园区,青海省,甘河,省政府,工业园区,2002.06,3528.06,金属、化工,101.525115,36.607078,101.523234,36.607229,青海省西宁市湟中区甘河工业园区,住宅区,ok,1430.094,25.2926,31.1422,54000.5438,0.024,45.0,0.0,45.0,45.0,0.0,7700.4343,762343.0,0.0,14547.404,1440193.0,131.0,27983.303,2770347.0,184.0,35169.8889,3481819.0,184.0,36372.7677,3600904.0,2000,2010,1440193.0,2770347.0,1330154.0
1910,S639006,海东工业园区乐都工业园,青海省,海东,省政府,工业园区,2011.02,1002.7,装备制造、建材、玻璃,102.401614,36.482242,102.399593,36.48218,青海省海东市乐都区,区县,ok,1357.441,59.9202,19.1563,133959.8109,0.0,51.0,1.0,50.0,49.0,186885.0,10977.9423,1141706.0,260290.0,16321.3077,1697416.0,289739.0,23575.4135,2451843.0,302254.0,27726.8269,2883590.0,305919.0,30312.6538,3152516.0,2010,2015,2451843.0,2883590.0,431747.0
1911,S639007,海东工业园区临空综合经济园,青海省,海东,省政府,工业园区,2010.12,3081.36,新能源、新材料、商贸物流,102.003014,36.515754,102.001127,36.51586,青海省海东市平安区海东工业园区,住宅区,ok,1391.069,17.4857,20.9924,55923.86,0.0488,111.0,80.0,31.0,-49.0,7092.0,1757.0485,180976.0,8707.0,2619.0777,269765.0,19995.0,5093.0583,524585.0,29286.0,7083.5825,729609.0,42446.0,10711.9223,1103328.0,2010,2015,524585.0,729609.0,205024.0
1912,S639008,海东工业园区民和工业园,青海省,海东,省政府,工业园区,2010.12,1247.7,铝冶炼加工、铁合金冶炼、碳化硅冶炼,102.96341,36.269193,102.961496,36.269486,青海省海东市民和回族土族自治县民和工业园,住宅区,ok,1314.986,17.0117,11.9031,55646.8678,0.0067,0.0,0.0,0.0,0.0,13865.0,5050.7451,515176.0,18076.0,7462.2549,761150.0,21278.0,10186.7745,1039051.0,34174.0,12307.6078,1255376.0,92386.0,16459.9902,1678919.0,2010,2015,1039051.0,1255376.0,216325.0
1913,S639009,海东工业园区互助绿色产业园,青海省,海东,省政府,工业园区,2013.12,214.96,青稞酒酿造、生物医药、农畜产品加工,101.958519,36.844027,101.956757,36.844061,青海省海东市互助土族自治县,区县,ok,1386.338,30.2936,30.0981,61701.1996,0.0307,417.0,9.0,408.0,399.0,196604.0,9820.6961,1001711.0,277659.0,16739.5588,1707435.0,321102.0,27031.3725,2757200.0,338477.0,32883.8627,3354154.0,338477.0,34288.1569,3497392.0,2010,2015,2757200.0,3354154.0,596954.0
1914,S639010,海北州生物园区,青海省,海北州生物园区,省政府,工业园区,2013.06,276.11,农畜产品加工、生物制药,101.576004,37.394928,101.574212,37.394697,青海省海北藏族自治州门源回族自治县生物园区,住宅区,ok,1407.27,,35.0595,63913.4654,0.0085,4.0,0.0,4.0,4.0,390.0,8319.65,831965.0,1327.0,9991.94,999194.0,14251.0,15806.31,1580631.0,23557.0,19467.13,1946713.0,29124.0,20765.61,2076561.0,2010,2015,1580631.0,1946713.0,366082.0
1915,S639011,热水煤炭产业园区,青海省,热水煤炭,省政府,工业园区,2010.04,830.99,煤炭洗选加工,114.713287,23.658456,114.708573,23.66107,广东省河源市紫金县热水镇产业园区,住宅区,ok,93.857,,49.1329,141257.1618,10.8672,16775.0,3651.0,13124.0,9473.0,4703.0,11369.3163,1114193.0,5683.0,22870.7551,2241334.0,12200.0,39862.4184,3906517.0,18643.0,49065.5918,4808428.0,43504.0,52311.4388,5126521.0,2010,2015,3906517.0,4808428.0,901911.0
1916,S639012,柴达木循环经济试验区大柴旦工业园,青海省,柴达木循环,省政府,工业园区,2010.03,382.4,盐湖化工、有色金属、煤炭,101.780482,36.622538,101.778553,36.622619,青海省,省,city_only,1407.507,137.8947,103.9113,670228.0215,0.0374,0.0,0.0,0.0,0.0,411761.0,112588.6373,11484041.0,412628.0,132580.6275,13523224.0,413220.0,144540.6078,14743142.0,414569.0,150818.1471,15383451.0,420132.0,157741.7157,16089655.0,2010,2015,14743142.0,15383451.0,640309.0
1917,S639013,柴达木循环经济试验区德令哈工业园,青海省,柴达木循环,省政府,工业园区,2010.03,4701.19,盐碱化工、新材料、新能源,97.386523,37.322501,97.385699,37.322027,青海省海西蒙古族藏族自治州德令哈市工业园,未知,ok,2016.131,,19.6053,58992.2104,0.0,4.0,0.0,4.0,4.0,77498.0,22148.6931,2237018.0,79929.0,27824.8218,2810307.0,80443.0,31843.4653,3216190.0,80866.0,33606.4554,3394252.0,81932.0,33928.3465,3426763.0,2010,2015,3216190.0,3394252.0,178062.0
1918,S639014,柴达木循环经济试验区乌兰工业园,青海省,柴达木循环,省政府,工业园区,2010.03,633.44,煤化工、盐化工、新能源,115.961162,43.06089,115.954737,43.0588,内蒙古自治区锡林郭勒盟正蓝旗柴达木乌兰,住宅区,ok,458.037,,2.0573,51.4313,0.0435,0.0,0.0,0.0,0.0,0.0,66.0385,6868.0,0.0,66.0385,6868.0,0.0,188.875,19643.0,0.0,335.7115,34914.0,0.0,630.1442,65535.0,2010,2015,19643.0,34914.0,15271.0
1919,S649004,宁夏永宁工业园区（含永宁县闽宁扶贫产业园）,宁夏回族自治区,永宁,省政府,工业园区,2006.03,2501.03,生物制药、装备制造,106.25337,38.277376,106.248991,38.276927,宁夏回族自治区银川市永宁县,区县,ok,986.067,41.9802,17.3811,65387.5514,0.0135,5.0,5.0,0.0,-5.0,197681.0,9139.51,913951.0,268814.0,15281.02,1528102.0,312992.0,31876.51,3187651.0,334235.0,42497.91,4249791.0,339826.0,46838.36,4683836.0,2000,2010,1528102.0,3187651.0,1659549.0
1921,S649008,宁夏吴忠金积工业园区,宁夏回族自治区,吴忠金积,省政府,工业园区,2006.08,1754.82,食品、纺织、装备制造,106.139387,37.93718,106.134874,37.93652,宁夏回族自治区吴忠市利通区金积工业园区,住宅区,ok,1000.485,38.9722,15.9246,112045.7084,0.0071,6.0,5.0,1.0,-4.0,13423.0,18160.4466,1870526.0,41192.0,33905.301,3492246.0,150750.0,60196.9029,6200281.0,220448.0,76283.4563,7857196.0,307373.0,86837.8544,8944299.0,2000,2010,3492246.0,6200281.0,2708035.0
1922,S649009,宁夏同德慈善产业园,宁夏回族自治区,同德慈善,省政府,工业园区,2012.11,274.46,羊绒制品、农副产品加工、中药材,105.710026,37.183697,105.705926,37.183341,宁夏回族自治区吴忠市同心县同德村,村庄,ok,1052.5,,6.8162,1492.7518,0.0,0.0,0.0,0.0,0.0,273.0,1686.4554,170332.0,290.0,2951.1287,298064.0,1678.0,6140.3762,620178.0,2999.0,8261.2079,834382.0,8043.0,9873.198,997193.0,2010,2015,620178.0,834382.0,214204.0
1923,S649016,宁夏吴忠青铜峡新材料产业基地,宁夏回族自治区,吴忠青铜峡,省政府,工业园区,2004.02,2559.34,有色金属材料及制品、机械,106.07906,38.021579,106.074521,38.020913,宁夏回族自治区吴忠市青铜峡市,区县,ok,1004.499,28.3375,9.6513,52097.4884,0.0179,2.0,0.0,2.0,2.0,111406.0,8840.9286,866411.0,172402.0,20070.602,1966919.0,237406.0,38069.1939,3730781.0,271517.0,48911.2857,4793306.0,274252.0,51794.0204,5075814.0,2000,2010,1966919.0,3730781.0,1763862.0
1925,S649017,宁夏吉德慈善园区,宁夏回族自治区,吉德慈善园区,省政府,工业园区,2012.01,208.25,农副产品加工、塑料制品,106.674146,37.382066,106.669749,37.381654,宁夏回族自治区吴忠市红寺堡区慈善园区,住宅区,ok,964.323,,4.2242,2897.7815,0.0,0.0,0.0,0.0,0.0,3640.0,1308.56,130856.0,3896.0,1823.51,182351.0,5568.0,3234.24,323424.0,6290.0,4300.27,430027.0,6833.0,5621.51,562151.0,2010,2015,323424.0,430027.0,106603.0
1926,S649018,隆德县六盘山工业园区,宁夏回族自治区,隆德县六盘山,省政府,工业园区,2012.11,171.15,农副产品加工、中药材、建材,106.075804,35.616427,106.071465,35.61658,宁夏回族自治区固原市隆德县六盘山工业园区,住宅区,ok,1071.811,,36.9007,48672.0577,0.0447,30.0,13.0,17.0,4.0,2490.0,5667.46,566746.0,4055.0,9107.5,910750.0,15666.0,13547.16,1354716.0,23814.0,16075.72,1607572.0,45645.0,17082.39,1708239.0,2010,2015,1354716.0,1607572.0,252856.0
1927,S649019,泾源县轻工产业园区,宁夏回族自治区,泾源县轻工,省政府,工业园区,2012.11,160.42,农副产品加工,106.362141,35.480987,106.357762,35.48124,宁夏回族自治区固原市泾源县轻工产业园区,住宅区,ok,1053.395,,78.3471,52335.853,0.0258,127.0,7.0,120.0,113.0,240.0,3700.198,373720.0,240.0,6580.7129,664652.0,3940.0,10820.9604,1092917.0,8980.0,13529.5743,1366487.0,30246.0,15908.5248,1606761.0,2010,2015,1092917.0,1366487.0,273570.0
1928,S649020,彭阳县王洼产业园区,宁夏回族自治区,彭阳县王洼,省政府,工业园区,2012.08,352.58,煤炭采选、农产品加工,115.736921,33.76931,115.731359,33.770761,安徽省亳州市谯城区王洼村产业园区,住宅区,ok,335.666,15.0292,11.8684,81250.8453,0.2175,661.0,2.0,659.0,657.0,1291.0,8025.1165,826587.0,1745.0,13290.5049,1368922.0,5349.0,32337.3883,3330751.0,9187.0,49170.233,5064534.0,19168.0,81384.3107,8382584.0,2010,2015,3330751.0,5064534.0,1733783.0
1929,S649012,宁夏中卫工业园区,宁夏回族自治区,中卫,省政府,工业园区,2003.04,2195.72,精细化工、冶金、信息技术,105.23712,37.62241,105.233351,37.621885,宁夏回族自治区中卫市沙坡头区中卫工业园区,住宅区,ok,1084.305,14.3842,6.1815,28688.4812,0.0004,0.0,0.0,0.0,0.0,81.0,1471.8384,145712.0,290.0,1969.1818,194949.0,1532.0,5006.3737,495631.0,2332.0,7394.8081,732086.0,2338.0,8744.4141,865697.0,2000,2010,194949.0,495631.0,300682.0
1930,S649021,中卫市海兴开发区,宁夏回族自治区,中卫市海兴开发区,省政府,工业园区,2013.11,1874.64,农副产品加工、毛纺织、装备制造,106.076079,36.395417,106.071678,36.395332,宁夏回族自治区中卫市海原县海兴开发区,住宅区,ok,1043.164,6.0033,6.6731,48413.5528,0.0,0.0,0.0,0.0,0.0,6618.0,5990.3883,617010.0,10566.0,6831.3107,703625.0,26139.0,13560.1748,1396698.0,33984.0,17851.3592,1838690.0,37600.0,21598.8058,2224677.0,2010,2015,1396698.0,1838690.0,441992.0
1931,S659001,乌鲁木齐市水磨沟工业园区,新疆维吾尔自治区,乌鲁木齐市水磨沟,省政府,工业园区,2006.04,352.58,电力、建材、木器加工、印刷,87.64208,43.832714,87.63919,43.831482,新疆维吾尔自治区乌鲁木齐市水磨沟区,区县,ok,3080.832,98.2754,85.7498,716096.3319,0.136,14.0,14.0,0.0,-14.0,262536.0,144007.9314,14688809.0,274695.0,164052.402,16733345.0,311984.0,181690.9608,18532478.0,328561.0,192734.1471,19658883.0,336866.0,210497.3922,21470734.0,2000,2010,16733345.0,18532478.0,1799133.0
1932,S659012,克拉玛依云计算产业园区,新疆维吾尔自治区,克拉玛依云计算,省政府,工业园区,2012.11,350.0,云计算、软件及系统集成,84.818965,45.532422,84.816433,45.531508,新疆维吾尔自治区克拉玛依市克拉玛依区克拉玛依云计算产业园区,住宅区,ok,3371.082,,16.215,7199.4469,0.0,0.0,0.0,0.0,0.0,4829.0,4278.2621,440661.0,4876.0,5525.0777,569083.0,5100.0,7526.0971,775188.0,5240.0,8728.466,899032.0,5472.0,10795.4951,1111936.0,2010,2015,775188.0,899032.0,123844.0
1935,S659007,鄯善工业园区,新疆维吾尔自治区,鄯善,省政府,工业园区,2003.03,1251.26,石油天然气化工、无机盐化工、装备制造,90.48937,43.088797,90.487529,43.087201,新疆维吾尔自治区吐鲁番市鄯善县鄯善工业园区,住宅区,ok,2871.967,17.4363,13.0048,81735.1957,0.0004,0.0,0.0,0.0,0.0,163863.0,28980.5437,2984996.0,168756.0,29144.4854,3001882.0,170613.0,29707.466,3059869.0,171356.0,30002.835,3090292.0,171356.0,30263.0194,3117091.0,2000,2010,3001882.0,3059869.0,57987.0
1936,S659014,托克逊能源重化工工业园区,新疆维吾尔自治区,托克逊能源重,省政府,工业园区,2006.12,583.6,煤炭、盐化工、新能源,88.609376,42.747237,88.606924,42.746003,新疆维吾尔自治区吐鲁番市托克逊县能源重化工工业园区,住宅区,ok,2938.202,,12.6565,15035.8724,0.0,0.0,0.0,0.0,0.0,790.0,8912.2857,873404.0,843.0,10895.949,1067803.0,16064.0,18351.3571,1798433.0,24349.0,24083.5612,2360189.0,38327.0,30515.9184,2990560.0,2000,2010,1067803.0,1798433.0,730630.0
1938,S659016,新疆阜康产业园,新疆维吾尔自治区,阜康,省政府,工业园区,2006.10,892.08,有色金属冶炼加工、煤化工、建材,88.35405,44.093464,88.351036,44.092089,新疆维吾尔自治区昌吉回族自治州阜康市阜康产业园,住宅区,ok,3066.163,6.1091,1.6214,20996.0277,0.0943,22.0,18.0,4.0,-14.0,135791.0,7569.835,779693.0,136444.0,8066.068,830805.0,143844.0,9185.1942,946075.0,156288.0,10407.4369,1071966.0,203655.0,14040.5437,1446176.0,2000,2010,830805.0,946075.0,115270.0
1939,S659017,呼图壁工业园区,新疆维吾尔自治区,呼图壁,省政府,工业园区,2010.11,253.84,农副产品加工、精细化工、轻工,86.575978,44.27117,86.573651,44.270261,新疆维吾尔自治区昌吉回族自治州呼图壁县工业园区,未知,ok,3173.946,,2.7033,5190.3834,0.0019,0.0,0.0,0.0,0.0,21424.0,5182.6373,528629.0,30092.0,8576.9804,874852.0,43607.0,11251.0392,1147606.0,69596.0,14028.5294,1430910.0,178783.0,22304.8529,2275095.0,2010,2015,1147606.0,1430910.0,283304.0
1940,S659018,玛纳斯工业园区,新疆维吾尔自治区,玛纳斯,省政府,工业园区,2010.08,508.82,纺织、化纤、电力,86.317921,44.220358,86.315286,44.219179,新疆维吾尔自治区昌吉回族自治州玛纳斯县玛纳斯工业园区,住宅区,ok,3183.676,,5.0359,11144.5011,0.3251,40.0,27.0,13.0,-14.0,9407.0,10415.8835,1072836.0,16279.0,16121.2233,1660486.0,33262.0,21530.4175,2217633.0,49865.0,25313.2816,2607268.0,96948.0,31285.7864,3222436.0,2010,2015,2217633.0,2607268.0,389635.0
1941,S659019,奇台产业园区,新疆维吾尔自治区,奇台,省政府,工业园区,2011.06,337.5,石材,75.985217,39.554143,75.982274,39.553906,新疆维吾尔自治区喀什地区喀什市产业园区,住宅区,ok,3565.617,,29.82,78754.5654,0.0147,8.0,0.0,8.0,8.0,23858.0,13327.31,1332731.0,23860.0,15482.13,1548213.0,37593.0,19330.16,1933016.0,55078.0,21410.87,2141087.0,67793.0,22474.87,2247487.0,2010,2015,1933016.0,2141087.0,208071.0
1942,S659020,木垒民生工业园区,新疆维吾尔自治区,木垒民生,省政府,工业园区,2012.09,187.29,刺绣、农产品加工、石材加工,90.327217,43.906169,90.325146,43.904672,新疆维吾尔自治区昌吉回族自治州木垒哈萨克自治县木垒民生工业园区,住宅区,ok,2343.417,2.3926,1.2941,16650.5119,0.0,0.0,0.0,0.0,0.0,1251.0,265.7255,27104.0,1251.0,464.3922,47368.0,1402.0,1393.4412,142131.0,1627.0,2275.2157,232072.0,1697.0,3074.6569,313615.0,2010,2015,142131.0,232072.0,89941.0
1943,S659021,精河工业园区,新疆维吾尔自治区,精河,省政府,工业园区,2014.11,999.3,纺织服装、新材料、新能源装备,82.864526,44.560895,82.861665,44.560171,新疆维吾尔自治区博尔塔拉蒙古自治州精河县工业园区,未知,ok,3405.669,,9.6801,31576.4226,0.0146,12.0,4.0,8.0,4.0,0.0,11976.4804,1221601.0,0.0,19228.6569,1961323.0,6799.0,26580.6961,2711231.0,27865.0,34014.6765,3469497.0,96976.0,49121.0392,5010346.0,2010,2015,2711231.0,3469497.0,758266.0
1945,S659023,尉犁工业园区,新疆维吾尔自治区,尉犁,省政府,工业园区,2014.08,232.14,纺织服装、矿产加工、农副产品加工,86.261613,41.343871,86.25919,41.34263,新疆维吾尔自治区巴音郭楞蒙古自治州尉犁县,区县,ok,2959.388,75.4308,43.9144,56825.2595,0.0013,0.0,0.0,0.0,0.0,197938.0,14707.28,1470728.0,251289.0,20956.23,2095623.0,265785.0,27242.52,2724252.0,271836.0,30520.24,3052024.0,271836.0,31918.89,3191889.0,2010,2015,2724252.0,3052024.0,327772.0
1946,S659024,若羌罗布泊盐化工工业园区,新疆维吾尔自治区,若羌罗布泊盐,省政府,工业园区,2010.12,179.39,盐化工,90.857672,40.465962,90.856251,40.46538,新疆维吾尔自治区巴音郭楞蒙古自治州若羌县罗布泊镇,乡镇,ok,2623.666,,7.3211,183.028,0.0,3.0,0.0,3.0,3.0,5004.0,462.89,46289.0,5018.0,467.43,46743.0,11147.0,828.46,82846.0,13862.0,997.74,99774.0,15403.0,1059.32,105932.0,2010,2015,82846.0,99774.0,16928.0
1947,S659025,焉耆工业园区,新疆维吾尔自治区,焉耆,省政府,工业园区,2013.06,388.84,农产品加工、酿酒、石材,86.57434,42.059509,86.572098,42.058332,新疆维吾尔自治区巴音郭楞蒙古自治州焉耆回族自治县,区县,ok,2996.075,93.4722,45.6869,117826.4103,0.0078,4.0,4.0,0.0,-4.0,324307.0,26152.4757,2693705.0,340751.0,46475.0777,4786933.0,344666.0,55913.6505,5759106.0,346233.0,60755.6214,6257829.0,346233.0,62380.4951,6425191.0,2010,2015,5759106.0,6257829.0,498723.0
1948,S659026,和静工业园区,新疆维吾尔自治区,和静,省政府,工业园区,2010.10,988.18,钢铁、建材、农副产品加工,86.307371,42.330363,86.304844,42.328996,新疆维吾尔自治区巴音郭楞蒙古自治州和静县和静工业园区,住宅区,ok,3032.932,,17.6607,15417.7595,0.0024,151.0,2.0,149.0,147.0,102481.0,18874.0606,1868532.0,104141.0,19688.5051,1949162.0,111851.0,25175.2323,2492348.0,116971.0,31702.8485,3138582.0,127914.0,48149.8586,4766836.0,2010,2015,2492348.0,3138582.0,646234.0
1951,S659028,温宿产业园区,新疆维吾尔自治区,温宿,省政府,工业园区,2011.11,595.25,碳硅镁新材料、建材、精细化工,80.67559,41.346314,80.673413,41.345293,新疆维吾尔自治区阿克苏地区温宿县产业园区,住宅区,ok,3322.885,,3.2615,645.779,0.0027,2.0,0.0,2.0,2.0,2504.0,2001.0392,204106.0,2663.0,3376.9902,344453.0,8522.0,4221.7157,430615.0,12600.0,4833.3235,492999.0,13098.0,5456.1569,556528.0,2010,2015,430615.0,492999.0,62384.0
1952,S659029,沙雅县循环经济工业园区,新疆维吾尔自治区,沙雅县循环,省政府,工业园区,2010.08,797.58,轻纺、天然气化工、农副产品加工,88.72478,44.131539,88.722028,44.130331,新疆维吾尔自治区昌吉回族自治州吉木萨尔县循环经济工业园区,住宅区,ok,3050.783,6.0346,3.604,1636.2187,0.0,0.0,0.0,0.0,0.0,16174.0,2099.0594,212005.0,17809.0,2747.0594,277453.0,48586.0,4904.8812,495393.0,67354.0,6138.5149,619990.0,74433.0,6986.0198,705588.0,2010,2015,495393.0,619990.0,124597.0
1953,S659030,拜城重化工工业园区,新疆维吾尔自治区,拜城重,省政府,工业园区,2009.01,1503.01,钢铁冶炼、煤化工、天然气化工,81.78669,41.844391,81.783751,41.843158,新疆维吾尔自治区阿克苏地区拜城县重化工工业园区,住宅区,ok,3280.325,,14.6785,22047.1671,0.0002,0.0,0.0,0.0,0.0,0.0,1516.7429,159258.0,0.0,1710.6762,179621.0,0.0,2454.9905,257774.0,0.0,3241.2857,340335.0,0.0,4845.0857,508734.0,2000,2010,179621.0,257774.0,78153.0
1954,S659031,阿图什工业园区,新疆维吾尔自治区,阿图什,省政府,工业园区,2010.11,1206.79,建材、金属选冶加工、农副产品加工,76.084541,39.667719,76.081357,39.667234,新疆维吾尔自治区克孜勒苏柯尔克孜自治州阿图什市,区县,ok,3563.553,,6.1396,343.8203,0.0091,0.0,0.0,0.0,0.0,3208.0,2313.02,231302.0,3320.0,3072.19,307219.0,3984.0,4255.65,425565.0,8677.0,5448.63,544863.0,22140.0,7394.6,739460.0,2010,2015,425565.0,544863.0,119298.0
1955,S659032,阿克陶江西工业园区,新疆维吾尔自治区,阿克陶江西,省政府,工业园区,2013.11,798.89,矿产品冶炼加工,117.145351,28.973971,117.140007,28.976783,江西省景德镇市乐平市江西工业园区,住宅区,ok,321.271,57.2588,29.5736,261253.488,1.5495,3510.0,486.0,3024.0,2538.0,89676.0,53601.8173,5574589.0,142845.0,72196.0481,7508389.0,208492.0,95013.8942,9881445.0,252764.0,107097.7404,11138165.0,262854.0,111677.6923,11614480.0,2010,2015,9881445.0,11138165.0,1256720.0
1956,S659033,乌恰工业园区,新疆维吾尔自治区,乌恰,省政府,工业园区,2014.01,254.73,钢铁、有色金属、轻工,75.259228,39.7205,75.25612,39.720206,新疆维吾尔自治区克孜勒苏柯尔克孜自治州乌恰县,区县,ok,3659.407,93.3707,55.5483,47660.4315,0.0582,0.0,0.0,0.0,0.0,105139.0,7875.6634,795442.0,108457.0,8246.3465,832881.0,109832.0,9733.6832,983102.0,110389.0,10599.3267,1070532.0,110411.0,11151.3762,1126289.0,2010,2015,983102.0,1070532.0,87430.0
1958,S659035,英吉沙工业园区,新疆维吾尔自治区,英吉沙,省政府,工业园区,2010.12,401.21,纺织服装、建材、农副产品加工,76.199502,38.965554,76.196577,38.9655,新疆维吾尔自治区喀什地区英吉沙县工业园区,未知,ok,3548.59,,66.6999,162680.9778,0.0577,0.0,0.0,0.0,0.0,7850.0,11085.1176,1130682.0,10528.0,14915.8137,1521413.0,14643.0,17675.098,1802860.0,20118.0,19618.5,2001087.0,39620.0,21506.7647,2193690.0,2010,2015,1802860.0,2001087.0,198227.0
1959,S659036,莎车工业园区,新疆维吾尔自治区,莎车,省政府,工业园区,2012.06,998.02,铅锌冶炼、建材、农副食品,77.223197,38.390881,77.220369,38.391027,新疆维吾尔自治区喀什地区莎车县,区县,ok,3439.969,,144.1753,489475.0988,0.0113,0.0,0.0,0.0,0.0,6010.0,28802.8119,2909084.0,11512.0,44521.7822,4496700.0,42081.0,69203.7624,6989580.0,70322.0,85287.802,8614068.0,83776.0,90594.0495,9149999.0,2010,2015,6989580.0,8614068.0,1624488.0
1960,S659037,叶城工业园区,新疆维吾尔自治区,叶城,省政府,工业园区,2012.10,500.0,农副产品加工、硼化工、建材,77.470694,37.857983,77.467826,37.857957,新疆维吾尔自治区喀什地区叶城县工业园区,未知,ok,3392.984,24.6946,24.3735,144924.9707,0.0141,2.0,0.0,2.0,2.0,161605.0,24412.3529,2490060.0,182047.0,36618.0,3735036.0,184346.0,44947.6765,4584663.0,186138.0,50576.5294,5158806.0,186455.0,55374.0098,5648149.0,2010,2015,4584663.0,5158806.0,574143.0
1961,S659038,麦盖提县工业园区,新疆维吾尔自治区,麦盖提县,省政府,工业园区,2013.07,508.51,农副产品加工、纺织服装、轻工,77.609099,38.898986,77.606601,38.899166,新疆维吾尔自治区喀什地区麦盖提县,区县,ok,3407.658,40.4754,36.4045,206195.0278,0.0056,2.0,2.0,0.0,-2.0,5268.0,14121.7374,1398052.0,10129.0,21000.5354,2079053.0,21739.0,34630.1919,3428389.0,29775.0,43159.3838,4272779.0,35660.0,46409.2424,4594515.0,2010,2015,3428389.0,4272779.0,844390.0
1962,S659039,岳普湖泰岳工业园区,新疆维吾尔自治区,岳普湖泰岳,省政府,工业园区,2011.04,927.79,农副产品加工、纺织服装、建材,76.7745,39.252703,76.771745,39.252531,新疆维吾尔自治区喀什地区岳普湖县泰岳工业园区,住宅区,ok,3489.832,31.9888,23.2451,141120.996,0.0094,0.0,0.0,0.0,0.0,64468.0,10075.8515,1017661.0,73159.0,14302.6337,1444566.0,125916.0,20821.7723,2102999.0,150569.0,25773.1287,2603086.0,157167.0,31551.495,3186701.0,2010,2015,2102999.0,2603086.0,500087.0
1963,S659040,伽师工业园区,新疆维吾尔自治区,伽师,省政府,工业园区,2009.10,600.0,铜、纺织服装、农产品加工,76.729112,39.429279,76.726353,39.429027,新疆维吾尔自治区喀什地区伽师县工业园区,未知,ok,3502.139,,88.6938,20133.4814,0.1115,0.0,0.0,0.0,0.0,2828.0,1428.0882,145665.0,4165.0,2527.8039,257836.0,32148.0,4502.2255,459227.0,57851.0,6185.5392,630925.0,87331.0,8982.3529,916200.0,2000,2010,257836.0,459227.0,201391.0
1964,S659041,巴楚工业园区,新疆维吾尔自治区,巴楚,省政府,工业园区,2011.11,970.36,农副产品加工、纺织服装、建材,78.503689,39.821283,78.50158,39.820924,新疆维吾尔自治区喀什地区巴楚县工业园区,未知,ok,3388.396,,27.6337,93622.8939,0.0,0.0,0.0,0.0,0.0,14747.0,21114.8614,2132601.0,14765.0,25550.4752,2580598.0,18217.0,30508.9901,3081408.0,20286.0,33216.7129,3354888.0,20992.0,34251.604,3459412.0,2010,2015,3081408.0,3354888.0,273480.0
1965,S659042,北京和田工业园区,新疆维吾尔自治区,北京和田,省政府,工业园区,2011.07,987.18,农产品加工、手工地毯、建材,79.95626,37.119584,79.954284,37.119866,新疆维吾尔自治区和田地区和田市北京和田工业园区,住宅区,ok,3134.015,59.2449,46.5755,376609.4031,0.0003,0.0,0.0,0.0,0.0,63408.0,47118.8081,4664762.0,206411.0,67426.2727,6675201.0,248017.0,86092.9293,8523200.0,265636.0,96189.2222,9522733.0,267798.0,99340.0505,9834665.0,2010,2015,8523200.0,9522733.0,999533.0
1966,S659043,皮山三峡工业园区,新疆维吾尔自治区,皮山三峡,省政府,工业园区,2010.12,430.0,纺织服装、建材、农副产品加工,78.283706,37.555386,78.2815,37.555389,新疆维吾尔自治区和田地区皮山县三峡工业园区,住宅区,ok,3313.874,,128.203,13845.9255,0.0,0.0,0.0,0.0,0.0,10.0,1291.6804,125293.0,10.0,1850.6907,179517.0,2976.0,2931.5773,284363.0,11304.0,4680.2371,453983.0,57285.0,10488.2474,1017360.0,2010,2015,284363.0,453983.0,169620.0
1967,S659044,伊南工业园区,新疆维吾尔自治区,伊南,省政府,工业园区,2012.02,1000.0,纺织服装、农副产品加工、环保节能,81.1639,43.774787,81.160952,43.773433,新疆维吾尔自治区伊犁哈萨克自治州察布查尔锡伯自治县伊南工业园区,住宅区,ok,3452.299,4.9232,6.5671,9358.0904,0.9968,38.0,6.0,32.0,26.0,1403.0,4582.5,467415.0,1407.0,6981.0784,712070.0,7798.0,12050.9118,1229193.0,11090.0,15639.3529,1595214.0,12078.0,19057.3627,1943851.0,2010,2015,1229193.0,1595214.0,366021.0
1969,S659045,新源工业园区,新疆维吾尔自治区,新源,省政府,工业园区,2012.01,1000.0,钢铁、农畜产品加工、装备制造,113.807866,22.697947,113.80279,22.700847,广东省深圳市宝安区新源工业园区,住宅区,ok,3.43,173.1044,150.9316,1144061.5967,0.9503,654.0,355.0,299.0,-56.0,27716.0,49946.3824,5094531.0,263786.0,156700.0196,15983402.0,311069.0,190781.7255,19459736.0,330137.0,211143.598,21536647.0,332370.0,216041.3627,22036219.0,2010,2015,19459736.0,21536647.0,2076911.0
1970,S659046,乌苏工业园区,新疆维吾尔自治区,乌苏,省政府,工业园区,2005.03,991.37,石化、农副产品加工、纺织,84.759765,44.439041,84.757187,44.43808,新疆维吾尔自治区塔城地区乌苏市工业园区,未知,ok,3287.253,17.8476,13.1073,116275.233,0.0512,3.0,3.0,0.0,-3.0,53374.0,18592.0098,1896385.0,225590.0,64855.4314,6615254.0,234429.0,76291.9412,7781778.0,242392.0,84929.4216,8662801.0,273042.0,98659.4216,10063261.0,2000,2010,6615254.0,7781778.0,1166524.0
1971,S659047,沙湾工业园区,新疆维吾尔自治区,沙湾,省政府,工业园区,2012.07,654.53,化工、轻工、纺织,85.619483,44.326267,85.616977,44.325411,新疆维吾尔自治区塔城地区沙湾市,区县,ok,3230.432,23.9991,6.7412,33901.3081,0.0306,117.0,1.0,116.0,115.0,180276.0,16315.2843,1664159.0,273383.0,44960.098,4585930.0,281615.0,57395.2745,5854318.0,287384.0,65791.4118,6710724.0,299766.0,76224.3922,7774888.0,2010,2015,5854318.0,6710724.0,856406.0
1972,S659048,和丰工业园区,新疆维吾尔自治区,和丰,省政府,工业园区,2011.09,373.09,煤化工、盐化工、石化,111.061382,23.408389,111.056296,23.41085,广西壮族自治区梧州市藤县和丰,村庄,ok,185.519,,19.9729,7889.2768,17.4345,23821.0,4199.0,19622.0,15423.0,2285.0,2282.404,225958.0,2346.0,2686.101,265924.0,2625.0,3503.0303,346800.0,4429.0,4045.5758,400512.0,9707.0,4926.5152,487725.0,2010,2015,346800.0,400512.0,53712.0
1973,S659049,黑龙江富蕴工业园区,新疆维吾尔自治区,黑龙江富蕴,省政府,工业园区,2007.12,741.98,金属加工,126.661998,45.742253,126.655979,45.740264,黑龙江省,省,ok,692.937,130.8386,104.8258,1360009.497,0.225,210.0,74.0,136.0,62.0,361288.0,345363.6381,36263182.0,374353.0,363030.4476,38118197.0,375199.0,367399.8286,38576982.0,377408.0,370724.7619,38926100.0,386735.0,378578.5429,39750747.0,2000,2010,38118197.0,38576982.0,458785.0
1974,S659050,福海工业园区,新疆维吾尔自治区,福海,省政府,工业园区,2010.10,842.06,农产品加工、建材、商贸物流,87.486703,47.111918,87.483364,47.110812,新疆维吾尔自治区阿勒泰地区福海县,区县,ok,2604.244,25.7482,14.688,25468.9417,0.01,40.0,29.0,11.0,-18.0,173188.0,18464.1321,1957198.0,205044.0,21724.7264,2302821.0,251562.0,26153.6132,2772283.0,288532.0,28720.6132,3044385.0,380282.0,32066.9811,3399100.0,2010,2015,2772283.0,3044385.0,272102.0
1975,S659051,青河工业园区,新疆维吾尔自治区,青河,省政府,工业园区,2015.01,309.02,有色金属加工、钢铁加工、石材,90.375159,46.678532,90.372893,46.677407,新疆维吾尔自治区阿勒泰地区青河县,区县,ok,2378.936,20.7721,13.4116,36881.9828,0.0398,1.0,1.0,0.0,-1.0,65629.0,5063.101,501247.0,87333.0,8413.6061,832947.0,129507.0,11310.5859,1119748.0,150311.0,12655.7071,1252915.0,152940.0,13079.596,1294880.0,2015,2020,1252915.0,1294880.0,41965.0
1976,S659052,新疆阿拉尔台州产业园区,新疆维吾尔自治区,阿拉尔台州,省政府,工业园区,2013.01,572.32,光伏、机械、科研孵化,81.280532,40.547205,81.277747,40.54664,新疆维吾尔自治区阿拉尔市,区县,ok,3230.629,,22.6182,32298.7638,0.0005,0.0,0.0,0.0,0.0,50918.0,17143.56,1714356.0,63023.0,21316.06,2131606.0,139230.0,34725.57,3472557.0,180249.0,43977.49,4397749.0,190042.0,49945.87,4994587.0,2010,2015,3472557.0,4397749.0,925192.0
1977,S659053,第二师铁门关经济工业园区,新疆维吾尔自治区,第二师铁门关,省政府,工业园区,2009.01,1032.38,纺织、农副产品加工、机械设备,85.708683,41.85587,85.706104,41.85455,新疆维吾尔自治区铁门关市第二师铁门关经济工业园区,住宅区,ok,3031.936,,11.6249,2115.732,0.0078,0.0,0.0,0.0,0.0,78166.0,5156.8182,510525.0,79891.0,7216.3232,714416.0,103073.0,9829.3131,973102.0,119255.0,11669.2222,1155253.0,125244.0,13342.4141,1320899.0,2000,2010,714416.0,973102.0,258686.0
1978,S659054,兵团草湖产业园,新疆维吾尔自治区,兵团草湖,省政府,工业园区,2013.03,996.23,纺织服装、食品饮料,75.956735,39.263759,75.953884,39.263708,新疆维吾尔自治区图木舒克市兵团草湖,住宅区,ok,3582.644,,23.3557,2989.5352,0.0302,0.0,0.0,0.0,0.0,272.0,5886.4848,582762.0,282.0,8649.2626,856277.0,1762.0,11143.798,1103236.0,6478.0,13198.0909,1306611.0,20874.0,16175.7677,1601401.0,2010,2015,1103236.0,1306611.0,203375.0
1979,S659055,第三师图木舒克工业园区,新疆维吾尔自治区,第三师图木舒克,省政府,工业园区,2011.04,866.29,纺织、农副食品加工、生物制药,79.074965,39.867776,79.072556,39.867219,新疆维吾尔自治区图木舒克市,区县,ok,3348.653,,51.8033,70866.9312,0.0004,0.0,0.0,0.0,0.0,11901.0,15963.8077,1660236.0,27411.0,20482.3654,2130166.0,67823.0,30225.7885,3143482.0,105620.0,37653.1731,3915930.0,113276.0,42859.4519,4457383.0,2010,2015,3143482.0,3915930.0,772448.0
1980,S659056,兵团霍尔果斯口岸工业园区,新疆维吾尔自治区,兵团霍尔果斯口岸,省政府,工业园区,2010.05,851.2,电子、建材、化工,128.049458,46.998325,128.042528,46.996012,黑龙江省伊春市铁力市兵团,村庄,ok,861.955,16.6558,11.9412,114145.5863,2.4197,473.0,180.0,293.0,113.0,164199.0,53847.566,5707842.0,182691.0,60201.5849,6381368.0,204745.0,69514.1792,7368503.0,215137.0,74560.7264,7903437.0,222599.0,76716.434,8131942.0,2010,2015,7368503.0,7903437.0,534934.0
1981,S659057,第四师金岗循环经济产业园区,新疆维吾尔自治区,第四师金岗循环,省政府,工业园区,2011.12,114.12,硅冶炼,93.420004,42.700146,93.41812,42.698446,新疆维吾尔自治区哈密市伊州区循环经济产业园区,住宅区,ok,2082.167,,4.5204,3575.6215,0.0,0.0,0.0,0.0,0.0,95518.0,8539.6569,871045.0,95530.0,8972.2745,915172.0,115921.0,10295.8137,1050173.0,124149.0,10891.8235,1110966.0,124487.0,10997.2843,1121723.0,2010,2015,1050173.0,1110966.0,60793.0
1982,S659058,五家渠工业园区,新疆维吾尔自治区,五家渠,省政府,工业园区,2010.12,4483.56,农副产品加工、纺织服装、建材,87.542852,44.166489,87.539905,44.16544,新疆维吾尔自治区五家渠市,区县,ok,3114.132,10.6846,6.2792,48751.6911,2.1996,77.0,75.0,2.0,-73.0,41587.0,19553.3942,2033553.0,62914.0,27294.7404,2838653.0,85054.0,41000.5,4264052.0,98111.0,50718.625,5274737.0,119063.0,58483.0288,6082235.0,2010,2015,4264052.0,5274737.0,1010685.0
1983,S659059,第七师奎屯天北新区工业园区,新疆维吾尔自治区,第七师奎屯天北,省政府,工业园区,2011.03,1243.74,纺织、建材、新材料,85.00122,44.577199,84.998561,44.576261,新疆维吾尔自治区伊犁哈萨克自治州奎屯市天北新区,住宅区,ok,3284.686,,1.5114,262.981,0.0002,0.0,0.0,0.0,0.0,0.0,334.902,34160.0,326.0,446.2745,45520.0,2762.0,964.7157,98401.0,8086.0,1652.2549,168530.0,32782.0,3680.2745,375388.0,2010,2015,98401.0,168530.0,70129.0
1984,S659060,第七师五五工业园区,新疆维吾尔自治区,第七师五五,省政府,工业园区,2011.03,3765.39,石化、新材料、建材,84.862788,44.839295,84.860384,44.838524,新疆维吾尔自治区克拉玛依市克拉玛依区五五工业园区,住宅区,ok,3313.186,,5.4839,674.5256,0.0065,0.0,0.0,0.0,0.0,48195.0,7360.1262,758093.0,48299.0,7866.0291,810201.0,51436.0,8565.0097,882196.0,52967.0,8909.9903,917729.0,54355.0,9175.6602,945093.0,2010,2015,882196.0,917729.0,35533.0
1985,S659061,石河子化工新材料产业园区,新疆维吾尔自治区,石河子,省政府,工业园区,2010.08,1747.99,新材料、化工、金属冶炼,86.076869,44.453666,86.074025,44.452499,新疆维吾尔自治区石河子市化工新材料产业园区,住宅区,ok,3215.777,21.8829,15.3526,31826.0318,0.0949,341.0,12.0,329.0,317.0,1919.0,3861.451,393868.0,5140.0,6034.8333,615553.0,74551.0,19136.8333,1951957.0,121015.0,28972.4314,2955188.0,169597.0,35452.098,3616114.0,2010,2015,1951957.0,2955188.0,1003231.0
1986,S659062,九师巴克图工业园区,新疆维吾尔自治区,九师巴克图,省政府,工业园区,2011.06,559.72,轻工,82.898313,46.711724,82.895371,46.711154,新疆维吾尔自治区白杨市九师巴克图工业园区,住宅区,ok,3568.622,,8.7943,42212.8088,0.1115,17.0,0.0,17.0,17.0,5478.0,11105.1,1110510.0,8240.0,19259.33,1925933.0,15154.0,27551.93,2755193.0,18146.0,31367.19,3136719.0,18532.0,32279.89,3227989.0,2010,2015,2755193.0,3136719.0,381526.0
1987,S659063,九师莫合台工业园区,新疆维吾尔自治区,九师莫合台,省政府,工业园区,2012.04,338.79,建材,84.660825,46.304502,84.658334,46.303853,新疆维吾尔自治区塔城地区额敏县莫合台,村庄,ok,3442.065,20.8418,25.8217,3460.1096,0.0676,0.0,0.0,0.0,0.0,27941.0,2002.5,196245.0,28620.0,2104.7143,206262.0,29119.0,2283.449,223778.0,29679.0,2396.8776,234894.0,31483.0,2603.9694,255189.0,2010,2015,223778.0,234894.0,11116.0
1988,S659064,第十师北屯工业园区,新疆维吾尔自治区,第十师北屯,省政府,工业园区,2010.11,2339.23,食品、建材,87.834419,47.326733,87.83132,47.325679,新疆维吾尔自治区北屯市,区县,ok,2582.524,9.8438,8.4107,104435.719,0.2773,103.0,96.0,7.0,-89.0,36276.0,20426.9423,2124402.0,37373.0,25426.2885,2644334.0,40392.0,31875.7885,3315082.0,42830.0,35411.1346,3682758.0,48996.0,39965.6731,4156430.0,2010,2015,3315082.0,3682758.0,367676.0
1989,S659065,第十师屯南工业园区,新疆维吾尔自治区,第十师屯南,省政府,工业园区,2008.06,540.55,农副产品加工、非金属制品,114.022534,23.061375,114.01745,23.064011,广东省东莞市第十村,村庄,ok,20.089,60.011,34.2586,225832.8771,0.7568,1364.0,701.0,663.0,-38.0,88484.0,27535.7864,2836186.0,240202.0,87366.1845,8998717.0,269350.0,124840.2233,12858543.0,281903.0,146663.5534,15106346.0,291584.0,153715.3398,15832680.0,2000,2010,8998717.0,12858543.0,3859826.0
1990,S659066,兵团乌鲁木齐工业园区,新疆维吾尔自治区,兵团乌鲁木齐,省政府,工业园区,2010.08,1680.41,轻工,87.361382,43.766651,87.358129,43.76509,新疆维吾尔自治区乌鲁木齐市沙依巴克区兵团乌鲁木齐工业园区,住宅区,ok,3090.174,,13.2147,1228.9665,0.0033,0.0,0.0,0.0,0.0,966.0,1298.2524,133720.0,972.0,2174.3495,223958.0,1019.0,3173.767,326898.0,1044.0,4238.3786,436553.0,1068.0,6784.2621,698779.0,2010,2015,326898.0,436553.0,109655.0
1991,S659067,新疆兵团准东产业园区,新疆维吾尔自治区,兵团准东,省政府,工业园区,2011.08,719.37,精细化工、装备制造,87.894127,44.150519,87.891342,44.149516,新疆维吾尔自治区昌吉回族自治州阜康市准东,村庄,ok,3094.577,8.6312,2.8765,37147.7136,0.022,25.0,4.0,21.0,17.0,142854.0,19622.0196,2001446.0,144640.0,23535.1373,2400584.0,169483.0,28693.9216,2926780.0,187444.0,33494.6176,3416451.0,227571.0,44175.8039,4505932.0,2010,2015,2926780.0,3416451.0,489671.0
1,S117001,北京石龙经济开发区,北京市,石龙,省政府,经济开发区,1992.01,144.35,智能制造、医药、节能环保,116.407387,39.904179,116.401145,39.902776,北京市,省,ok,143.164,104.8106,155.4466,1863960.3744,0.1891,41.0,0.0,41.0,41.0,325376.0,348641.9412,35561478.0,337001.0,353911.3333,36098956.0,338193.0,354738.3627,36183313.0,341500.0,357576.1176,36472764.0,355635.0,370136.3039,37753903.0,1990,2000,35561478.0,36098956.0,537478.0
2,S117002,北京良乡经济开发区,北京市,良乡,省政府,经济开发区,2000.12,239.76,生物制药、新材料、机械,116.14389,39.712443,116.137662,39.711101,北京市房山区良乡经济开发区,未知,ok,151.313,21.0837,28.0327,260143.1053,0.0319,1263.0,0.0,1263.0,1263.0,61117.0,67347.9216,6869488.0,134463.0,105489.1569,10759894.0,226673.0,141589.5,14442129.0,273987.0,163824.6765,16710117.0,339560.0,183989.6275,18766942.0,2000,2010,10759894.0,14442129.0,3682235.0
4,S117004,北京通州经济开发区,北京市,通州,省政府,经济开发区,2006.06,2075.13,科技研发、商务服务,116.720783,39.858069,116.71474,39.856861,北京市通州区北京通州经济开发区,住宅区,ok,119.421,57.5772,25.9517,229101.4204,0.0517,1563.0,116.0,1447.0,1331.0,44934.0,56157.4231,5840372.0,158367.0,89429.625,9300681.0,266191.0,126943.875,13202163.0,313836.0,150006.0962,15600634.0,321659.0,169099.375,17586335.0,2000,2010,9300681.0,13202163.0,3901482.0
5,S117005,北京永乐经济开发区,北京市,永乐,省政府,经济开发区,1992.09,438.89,机械、精密仪器、食品,116.787668,39.603266,116.781637,39.602099,北京市通州区北京永乐经济开发区,住宅区,ok,97.187,14.2345,16.6981,115584.3206,0.01,1384.0,0.0,1384.0,1384.0,75894.0,26119.1845,2690276.0,118018.0,57945.2524,5968361.0,154171.0,96410.6117,9930293.0,182858.0,120437.4175,12405054.0,256362.0,135740.0388,13981224.0,1990,2000,2690276.0,5968361.0,3278085.0
9,S117009,北京采育经济开发区,北京市,采育,省政府,经济开发区,2006.03,128.3,新能源汽车、汽车零部件,116.665773,39.65415,116.659894,39.653056,北京市大兴区北京采育经济开发区,住宅区,ok,109.026,16.922,11.8738,124864.7112,0.0206,1040.0,13.0,1027.0,1014.0,37337.0,25208.1165,2596436.0,53474.0,39592.8932,4078068.0,142591.0,63425.7087,6532848.0,205078.0,78206.6893,8055289.0,213495.0,87619.2233,9024780.0,2000,2010,4078068.0,6532848.0,2454780.0
10,S117010,北京大兴经济开发区,北京市,大兴,省政府,经济开发区,2000.12,413.47,文化创意,116.341483,39.726917,116.335341,39.725594,北京市大兴区,区县,city_only,137.015,71.747,33.5715,343503.8467,0.0134,432.0,0.0,432.0,432.0,351016.0,92801.6505,9558570.0,364370.0,144847.2913,14919271.0,373738.0,188503.5146,19415862.0,380580.0,213654.3981,22006403.0,388998.0,231596.6893,23854459.0,2000,2010,14919271.0,19415862.0,4496591.0
11,S117013,北京雁栖经济开发区,北京市,雁栖,省政府,经济开发区,2006.06,1072.69,交通设备、装备制造、科技研发,116.65695,40.348202,116.65101,40.347047,北京市怀柔区北京雁栖经济开发区,住宅区,ok,164.767,43.0423,36.8694,235411.1704,1.2949,809.0,103.0,706.0,603.0,86928.0,53760.6827,5591111.0,120301.0,84233.9135,8760327.0,193027.0,122473.1346,12737206.0,245647.0,143891.0962,14964674.0,275761.0,153305.8558,15943809.0,2000,2010,8760327.0,12737206.0,3976879.0
12,S117011,北京兴谷经济开发区,北京市,兴谷,省政府,经济开发区,2006.06,972.0,汽车零部件、食品,117.132127,40.162814,117.125573,40.161401,北京市平谷区北京兴谷经济开发区,住宅区,ok,127.101,44.9175,34.3647,222030.6226,0.3071,1181.0,54.0,1127.0,1073.0,0.0,52191.1942,5375693.0,129007.0,87766.6505,9039965.0,300274.0,117174.3592,12068959.0,396303.0,135537.4757,13960360.0,430450.0,146262.8544,15065074.0,2000,2010,9039965.0,12068959.0,3028994.0
14,S117014,北京密云经济开发区,北京市,密云,省政府,经济开发区,2000.12,352.68,装备制造、节能环保、生物医药,116.8175,40.353047,116.811421,40.351839,北京市密云区密云经济开发区,住宅区,ok,158.03,37.5261,37.0075,282922.0708,0.7662,1477.0,0.0,1477.0,1477.0,31886.0,70697.6733,7140465.0,101473.0,102003.6535,10302369.0,125923.0,144157.6535,14559923.0,137185.0,170835.3366,17254369.0,143977.0,187246.0792,18911854.0,2000,2010,10302369.0,14559923.0,4257554.0
15,S117015,北京延庆经济开发区,北京市,延庆,省政府,经济开发区,1992.08,303.57,医药、新材料、园艺、体育休闲,115.97879,40.44364,115.972664,40.442408,北京市延庆区经济开发区,未知,ok,210.066,39.6463,23.3037,162682.9449,0.2771,693.0,0.0,693.0,693.0,125070.0,36784.819,3862406.0,203998.0,61613.0667,6469372.0,286291.0,92823.2286,9746439.0,322604.0,108886.4095,11433073.0,324979.0,116995.0571,12284481.0,1990,2000,3862406.0,6469372.0,2606966.0
16,S117016,北京八达岭经济开发区,北京市,八达岭,省政府,经济开发区,2000.12,480.87,新能源、节能环保,115.924769,40.368375,115.918771,40.367282,北京市延庆区北京八达岭经济开发区,未知,ok,207.744,34.6225,13.5335,97224.6184,0.9717,324.0,0.0,324.0,324.0,12447.0,25233.9223,2599094.0,48336.0,38190.6019,3933632.0,147286.0,63670.5049,6558062.0,197524.0,78224.2913,8057102.0,214262.0,90822.9903,9354768.0,2000,2010,3933632.0,6558062.0,2624430.0
19,S127004,天津津南经济开发区,天津市,津南,省政府,经济开发区,1992.07,687.51,电子信息、汽车零部件,117.304105,39.044874,117.297754,39.043882,天津市津南区津南经济开发区,住宅区,ok,35.334,47.078,39.3911,391902.2914,0.5143,162.0,0.0,162.0,162.0,31416.0,74391.7184,7662347.0,111634.0,115153.5825,11860819.0,173037.0,176687.7961,18198843.0,200208.0,214943.8932,22139221.0,208885.0,233426.3981,24042919.0,1990,2000,7662347.0,11860819.0,4198472.0
25,S127018,天津武清福源经济开发区,天津市,武清福源,省政府,经济开发区,2006.04,300.54,电子、机械加工、建材,117.201811,39.359611,117.19548,39.358453,天津市武清区福源经济开发区,住宅区,ok,52.608,23.3183,10.1215,107075.1243,0.0973,169.0,13.0,156.0,143.0,79387.0,20191.8077,2099948.0,104554.0,29777.4712,3096857.0,186449.0,59257.5769,6162788.0,223299.0,79127.9519,8229307.0,239909.0,94004.375,9776455.0,2000,2010,3096857.0,6162788.0,3065931.0
26,S127019,天津宝坻经济开发区,天津市,宝坻,省政府,经济开发区,2006.04,703.92,装备制造、节能环保、新能源、新材料,117.436167,39.446436,117.429585,39.445118,天津市宝坻区天津宝坻经济开发区,住宅区,ok,44.509,,12.3792,55236.0912,0.2562,153.0,66.0,87.0,21.0,1227.0,10484.1275,1069381.0,1254.0,15540.0,1585080.0,25304.0,35249.2745,3595426.0,52505.0,48017.2647,4897761.0,95124.0,56244.1373,5736902.0,2000,2010,1585080.0,3595426.0,2010346.0
30,S127014,天津大港经济开发区,天津市,大港,省政府,经济开发区,1992.07,601.5,轻工机械、自行车、金属压延,121.151571,31.002276,121.147026,31.004291,上海市松江区大港经济开发区,住宅区,ok,36.787,70.0189,42.3502,207092.6919,0.4684,286.0,0.0,286.0,286.0,108644.0,17756.1068,1828879.0,193329.0,38438.0485,3959119.0,258453.0,78497.0583,8085197.0,291895.0,102547.3689,10562379.0,298344.0,116147.4272,11963185.0,1990,2000,1828879.0,3959119.0,2130240.0
32,S127021,天津宁河经济开发区,天津市,宁河,省政府,经济开发区,2006.04,773.41,金属制品、包装、机械,117.818344,39.2998,117.812128,39.298774,天津市宁河区天津宁河经济开发区,住宅区,ok,12.684,32.6781,21.6885,175525.1155,0.341,330.0,194.0,136.0,-58.0,66596.0,63914.6569,6519295.0,142349.0,82384.4608,8403215.0,262700.0,112745.7745,11500069.0,329950.0,133362.4804,13602973.0,341361.0,152490.0392,15553984.0,2000,2010,8403215.0,11500069.0,3096854.0
34,S127024,天津静海经济开发区,天津市,静海,省政府,经济开发区,2006.04,1175.75,自行车、电动车、汽车零部件,116.998966,38.936329,116.992863,38.935463,天津市静海区经济开发区,未知,ok,53.233,19.8952,14.2563,144230.6337,0.0282,130.0,49.0,81.0,32.0,0.0,35374.9802,3572873.0,1335.0,55808.6535,5636674.0,152064.0,95496.8812,9645185.0,277240.0,122800.1584,12402816.0,283339.0,139009.6337,14039973.0,2000,2010,5636674.0,9645185.0,4008511.0
36,S127025,天津蓟州区经济开发区,天津市,蓟州区,省政府,经济开发区,1992.06,668.08,机械、建材、食品,117.420032,40.033962,117.41335,40.032537,天津市蓟州区经济开发区,未知,ok,100.824,57.5444,27.8963,184980.4287,0.2694,1219.0,0.0,1219.0,1219.0,138643.0,51906.8469,5086871.0,337523.0,85582.2551,8387061.0,378859.0,120977.6224,11855807.0,411082.0,143044.0612,14018318.0,412758.0,153460.9694,15039175.0,1990,2000,5086871.0,8387061.0,3300190.0
38,S137046,河北石家庄长安国际服务外包经济开发区,河北省,石家庄长安国际服务外包,省政府,经济开发区,2012.02,243.63,环保、大数据、动漫创意,114.538955,38.03682,114.533072,38.036264,河北省石家庄市长安区,区县,ok,271.111,151.926,96.9378,1121764.347,0.0742,38.0,38.0,0.0,-38.0,406029.0,304302.89,30430289.0,407129.0,340816.44,34081644.0,407129.0,357723.62,35772362.0,407991.0,367721.55,36772155.0,412291.0,378954.35,37895435.0,2010,2015,35772362.0,36772155.0,999793.0
40,S137003,河北鹿泉经济开发区,河北省,鹿泉,省政府,经济开发区,1992.11,1395.86,电子信息、物流、食品,114.31991,38.078121,114.313684,38.07739,河北省石家庄市鹿泉区经济开发区,未知,ok,288.703,34.1728,17.2177,131749.4808,0.6765,644.0,0.0,644.0,644.0,354825.0,77786.9904,8089847.0,364118.0,92421.25,9611810.0,366531.0,112544.3942,11704617.0,367959.0,124283.2788,12925461.0,370268.0,133742.4038,13909210.0,1990,2000,8089847.0,9611810.0,1521963.0
41,S137048,河北井陉经济开发区,河北省,井陉,省政府,经济开发区,2012.10,345.59,煤炭加工、建材、成品油储运集散,114.046172,37.971011,114.039694,37.970216,河北省石家庄市井陉县经济开发区,未知,ok,314.895,13.8703,19.0474,77046.7448,0.2558,1136.0,354.0,782.0,428.0,7866.0,32056.901,3237747.0,24559.0,38075.4752,3845623.0,94093.0,43968.0495,4440773.0,144048.0,48132.5149,4861384.0,189278.0,55205.9307,5575799.0,2010,2015,4440773.0,4861384.0,420611.0
43,S137050,河北行唐经济开发区,河北省,行唐,省政府,经济开发区,2011.07,533.47,装备制造、节能环保、绿色农产品加工,114.48869,38.430771,114.482563,38.430113,河北省石家庄市行唐县经济开发区,未知,ok,267.753,10.6764,16.0863,83616.4418,0.0191,174.0,0.0,174.0,174.0,43330.0,24556.0505,2431049.0,68950.0,41796.8384,4137887.0,100774.0,62293.2323,6167030.0,114826.0,74354.3939,7361085.0,119730.0,83332.4848,8249916.0,2010,2015,6167030.0,7361085.0,1194055.0
44,S137051,河北灵寿经济开发区,河北省,灵寿,省政府,经济开发区,2012.10,583.72,服装纺织、机械、建材,114.414594,38.308203,114.408263,38.307401,河北省石家庄市灵寿县经济开发区,未知,ok,275.83,13.0407,20.1523,111079.6386,0.015,58.0,2.0,56.0,54.0,37.0,38117.6436,3849882.0,39.0,74730.5842,7547789.0,8246.0,93976.7426,9491651.0,13468.0,104645.3762,10569183.0,24858.0,110932.2574,11204158.0,2010,2015,9491651.0,10569183.0,1077532.0
45,S137052,河北高邑经济开发区,河北省,高邑,省政府,经济开发区,2012.10,580.65,陶瓷、纺织,114.611659,37.615905,114.605929,37.615368,河北省石家庄市高邑县,区县,ok,280.744,24.0753,21.2545,118238.9999,0.0292,71.0,6.0,65.0,59.0,61894.0,49402.7723,4989680.0,87611.0,71311.0,7202411.0,121356.0,87743.198,8862063.0,143397.0,97199.9406,9817194.0,163316.0,104048.2475,10508873.0,2010,2015,8862063.0,9817194.0,955131.0
46,S137053,河北深泽经济开发区,河北省,深泽,省政府,经济开发区,2011.05,898.82,化工、医药、装备制造,115.20089,38.184572,115.194745,38.183879,河北省石家庄市深泽县,区县,ok,210.829,66.6524,29.9694,135851.2297,0.0926,596.0,5.0,591.0,586.0,399039.0,64247.8447,6617528.0,435976.0,84481.3883,8701583.0,445980.0,97942.2427,10088051.0,450114.0,105996.2039,10917609.0,450783.0,113358.6505,11675941.0,2010,2015,10088051.0,10917609.0,829558.0
47,S137054,河北赞皇经济开发区,河北省,赞皇,省政府,经济开发区,2011.07,508.08,建材、食品机械、循环化工,114.447752,37.674047,114.441565,37.673192,河北省石家庄市赞皇县经济开发区,未知,ok,291.545,,20.1078,80632.4452,0.0581,115.0,0.0,115.0,115.0,14959.0,31110.5673,3235499.0,16131.0,45530.6635,4735189.0,68034.0,63071.9712,6559485.0,101499.0,74595.1346,7757894.0,135519.0,88962.8269,9252134.0,2010,2015,6559485.0,7757894.0,1198409.0
48,S137055,河北无极经济开发区,河北省,无极,省政府,经济开发区,2011.07,611.23,皮革、化工、装备制造,114.981427,38.136272,114.975457,38.135673,河北省石家庄市无极县经济开发区,未知,ok,230.773,,26.6054,152103.344,0.0111,691.0,29.0,662.0,633.0,2447.0,45979.39,4597939.0,2447.0,79736.21,7973621.0,24564.0,100152.34,10015234.0,77834.0,112523.68,11252368.0,262912.0,123273.76,12327376.0,2010,2015,10015234.0,11252368.0,1237134.0
49,S137056,河北平山西柏坡经济开发区,河北省,平山西柏坡,省政府,经济开发区,2011.07,591.96,装备制造、电力、钢铁,114.231613,38.246303,114.2254,38.245675,河北省石家庄市平山县西柏坡,住宅区,ok,292.686,26.9599,18.9612,82614.0386,0.1018,1162.0,37.0,1125.0,1088.0,4465.0,15167.1262,1562214.0,168447.0,52306.5631,5387576.0,216055.0,64541.1845,6647742.0,248320.0,71739.1359,7389131.0,270568.0,76847.4078,7915283.0,2010,2015,6647742.0,7389131.0,741389.0
50,S137057,河北元氏经济开发区,河北省,元氏,省政府,经济开发区,2012.10,530.45,化工、机械、轻工,114.592619,37.756636,114.586874,37.756105,河北省石家庄市元氏县经济开发区,未知,ok,276.239,,20.9048,101158.5577,0.033,215.0,3.0,212.0,209.0,6162.0,53768.7879,5323110.0,22483.0,74555.0707,7380952.0,57483.0,89453.0909,8855856.0,73287.0,97831.4646,9685315.0,82305.0,105871.7576,10481304.0,2010,2015,8855856.0,9685315.0,829459.0
51,S137058,河北赵县经济开发区,河北省,赵县,省政府,经济开发区,2011.05,708.09,生物医药、机械、服装纺织,114.700104,37.806732,114.694189,37.806063,河北省石家庄市赵县经济开发区,未知,ok,265.426,,20.4575,85512.3313,0.064,13.0,3.0,10.0,7.0,208.0,37186.3431,3793007.0,208.0,48785.5784,4976129.0,4527.0,58969.3431,6014873.0,22389.0,65620.3235,6693273.0,49559.0,72611.3333,7406356.0,2010,2015,6014873.0,6693273.0,678400.0
52,S137001,河北辛集经济开发区,河北省,辛集,省政府,经济开发区,2006.08,484.18,皮革、机械、食品、医药,115.256979,37.982052,115.250901,37.981359,河北省石家庄市辛集市经济开发区,未知,ok,212.744,37.0128,24.885,110115.9144,0.4151,447.0,0.0,447.0,447.0,97603.0,40561.8762,4258997.0,153245.0,57715.3429,6060111.0,182246.0,81951.5524,8604913.0,206890.0,98113.9143,10301961.0,234257.0,113317.6571,11898354.0,2000,2010,6060111.0,8604913.0,2544802.0
53,S137059,河北晋州经济开发区,河北省,晋州,省政府,经济开发区,2011.07,874.01,化工、纺织、装备制造,115.082087,38.040682,115.07581,38.039827,河北省石家庄市晋州市经济开发区,未知,ok,225.21,39.7749,29.2031,200917.5842,0.1192,122.0,3.0,119.0,116.0,56540.0,70930.4314,7234904.0,96016.0,105564.8725,10767617.0,218781.0,141327.5588,14415411.0,310106.0,164210.1373,16749434.0,319463.0,178754.3137,18232940.0,2010,2015,14415411.0,16749434.0,2334023.0
54,S137060,河北新乐经济开发区,河北省,新乐,省政府,经济开发区,2011.05,1167.61,生物医药、装备制造、食品加工,114.750038,38.334232,114.744007,38.333605,河北省石家庄市新乐市经济开发区,未知,ok,246.357,38.9445,33.0815,144400.618,0.0123,405.0,24.0,381.0,357.0,4205.0,51874.45,5187445.0,11026.0,72273.91,7227391.0,154098.0,89786.84,8978684.0,248732.0,101307.06,10130706.0,303181.0,111967.96,11196796.0,2010,2015,8978684.0,10130706.0,1152022.0
55,S137061,河北唐山古冶经济开发区,河北省,唐山古冶,省政府,经济开发区,2011.05,1400.48,钢铁、焦化、水泥,118.447134,39.73392,118.440868,39.732528,河北省唐山市古冶区,区县,ok,65.183,77.8596,28.777,260028.7625,0.1196,298.0,160.0,138.0,-22.0,344505.0,120744.2549,12315914.0,363081.0,133705.3039,13637941.0,382623.0,153270.7353,15633615.0,390984.0,165483.1471,16879281.0,393707.0,178414.2647,18198255.0,2010,2015,15633615.0,16879281.0,1245666.0
57,S137011,河北丰南经济开发区,河北省,丰南,省政府,经济开发区,2000.06,4511.29,钢铁及压延、装备制造、食品,118.092532,39.306901,118.086114,39.305606,河北省唐山市丰南区经济开发区,未知,ok,10.344,,7.2292,26646.7391,0.1255,76.0,0.0,76.0,76.0,43861.0,17778.2136,1831156.0,55230.0,23043.9612,2373528.0,96944.0,43061.5825,4435343.0,136105.0,55317.3107,5697683.0,157470.0,60381.6019,6219305.0,2000,2010,2373528.0,4435343.0,2061815.0
58,S137063,河北丰润经济开发区,河北省,丰润,省政府,经济开发区,2011.07,1331.69,轨道交通装备、装备制造、钢铁,118.123364,39.793167,118.116915,39.791744,河北省唐山市丰润区经济开发区,未知,ok,63.889,10.3727,19.8326,189381.2015,0.0154,37.0,23.0,14.0,-9.0,6179.0,88713.9697,8782683.0,39322.0,116667.7778,11550110.0,106657.0,156203.0909,15464106.0,163470.0,180062.2626,17826164.0,209008.0,191862.2727,18994365.0,2010,2015,15464106.0,17826164.0,2362058.0
59,S137012,河北唐山南堡经济开发区,河北省,唐山南堡,省政府,经济开发区,1995.12,2314.24,海洋化工,118.208236,39.243655,118.202082,39.242544,河北省唐山市曹妃甸区南堡经济开发区,住宅区,ok,9.389,54.9853,16.1517,70259.8525,0.1393,121.0,0.0,121.0,121.0,185704.0,28608.8641,2946713.0,288231.0,37682.2039,3881267.0,344638.0,53306.3883,5490558.0,370155.0,62814.466,6469890.0,379246.0,70840.5631,7296578.0,1990,2000,2946713.0,3881267.0,934554.0
60,S137014,河北滦县经济开发区,河北省,滦县,省政府,经济开发区,2003.07,2343.57,食品加工、钢材、装备制造,118.707452,39.740283,118.701436,39.739056,河北省唐山市滦州市经济开发区,未知,ok,47.419,53.7418,16.7563,143802.5782,0.0021,546.0,4.0,542.0,538.0,98215.0,60773.4615,6320440.0,158274.0,79776.0673,8296711.0,252251.0,107201.1827,11148923.0,298891.0,124152.2115,12911830.0,315936.0,135569.1154,14099188.0,2000,2010,8296711.0,11148923.0,2852212.0
61,S137015,河北唐山海港经济开发区,河北省,唐山海港,省政府,经济开发区,1993.06,3285.33,煤化工、农副产品加工、电力,118.987351,39.237928,118.981374,39.236872,河北省唐山市乐亭县海港区经济开发区,未知,ok,4.936,37.8663,17.0395,115357.6949,0.1751,266.0,0.0,266.0,266.0,1780.0,28474.495,2875924.0,8931.0,44152.6832,4459421.0,160526.0,82814.0099,8364215.0,240277.0,105875.5545,10693431.0,280599.0,123971.2079,12521092.0,1990,2000,2875924.0,4459421.0,1583497.0
62,S137064,河北迁西经济开发区,河北省,迁西,省政府,经济开发区,2011.05,849.04,钢铁及加工,118.348042,40.156378,118.341702,40.154969,河北省唐山市迁西县经济开发区,未知,ok,106.986,,12.9134,85280.3769,1.2702,744.0,91.0,653.0,562.0,24099.0,31849.125,3312309.0,39294.0,43453.0288,4519115.0,90303.0,60169.75,6257654.0,121083.0,69341.4712,7211513.0,159973.0,76798.4038,7987034.0,2010,2015,6257654.0,7211513.0,953859.0
63,S137016,河北玉田经济开发区,河北省,玉田,省政府,经济开发区,1994.08,1493.34,装备制造、钢铁加工、新能源,117.652219,39.870323,117.645953,39.869208,河北省唐山市玉田县经济开发区,未知,ok,76.983,5.9386,9.7182,75986.8032,0.0659,207.0,0.0,207.0,207.0,30434.0,40559.2843,4137047.0,41759.0,64669.2157,6596260.0,133224.0,93048.951,9490993.0,205750.0,109853.7549,11205083.0,284190.0,118310.2941,12067650.0,1990,2000,4137047.0,6596260.0,2459213.0
64,S137065,河北遵化经济开发区,河北省,遵化,省政府,经济开发区,2011.05,843.65,装备制造、食品、建材,118.040207,39.94173,118.033771,39.94036,河北省唐山市遵化市经济开发区,未知,ok,80.003,,7.772,25290.095,0.5336,692.0,337.0,355.0,18.0,44713.0,27209.5437,2802583.0,52809.0,34316.165,3534565.0,79454.0,46227.0485,4761386.0,97680.0,53888.932,5550560.0,112655.0,58506.9612,6026217.0,2010,2015,4761386.0,5550560.0,789174.0
66,S137067,河北迁安经济开发区,河北省,迁安,省政府,经济开发区,2011.05,2892.97,钢铁、冶金、装备制造、煤化工,118.601176,39.917715,118.595334,39.91663,河北省唐山市迁安市经济开发区,未知,ok,65.175,8.8705,10.1729,71749.2736,0.1364,786.0,161.0,625.0,464.0,1363.0,32321.2871,3264450.0,4747.0,49831.2277,5032954.0,37279.0,80435.8218,8124018.0,59948.0,99167.7228,10015940.0,78350.0,107227.8515,10830013.0,2010,2015,8124018.0,10015940.0,1891922.0
67,S137017,河北唐山芦台经济开发区,河北省,唐山芦台,省政府,经济开发区,2003.07,1030.35,自行车零配件、采暖散热器、家具,117.747643,39.380591,117.741294,39.379453,河北省唐山市丰南区芦台经济开发区,住宅区,ok,23.75,8.3913,8.3061,30989.8752,0.1715,81.0,18.0,63.0,45.0,121613.0,25050.9216,2555194.0,131853.0,32399.3824,3304737.0,135687.0,46749.598,4768459.0,137398.0,56611.7353,5774397.0,138302.0,69023.3627,7040383.0,2000,2010,3304737.0,4768459.0,1463722.0
68,S137009,河北北戴河经济开发区,河北省,北戴河,省政府,经济开发区,1995.01,266.18,金属制品、专用设备、电子设备,119.48449,39.834912,119.47837,39.833581,河北省秦皇岛市北戴河区,区县,ok,2.147,41.089,24.2158,158541.1675,0.1446,484.0,0.0,484.0,484.0,38671.0,42365.4554,4278911.0,221210.0,56880.0,5744880.0,286175.0,71548.198,7226368.0,317609.0,80514.8317,8131998.0,331810.0,87014.495,8788464.0,1990,2000,4278911.0,5744880.0,1465969.0
69,S137068,河北抚宁经济开发区,河北省,抚宁,省政府,经济开发区,2012.10,792.22,智能制造、食品、生物、新能源,119.244847,39.876253,119.238724,39.87497,河北省秦皇岛市抚宁区,区县,ok,17.887,17.5574,8.7657,89016.0295,0.0236,443.0,96.0,347.0,251.0,8671.0,35069.1058,3647187.0,113653.0,48206.5673,5013483.0,205727.0,64316.5096,6688917.0,262868.0,74879.8462,7787504.0,274932.0,85704.1442,8913231.0,2010,2015,6688917.0,7787504.0,1098587.0
70,S137069,河北青龙经济开发区,河北省,青龙,省政府,经济开发区,2011.02,636.0,金属压延、装备制造,118.94985,40.407473,118.943856,40.406258,河北省秦皇岛市青龙满族自治县,区县,ok,79.474,30.1018,21.0193,100030.7159,3.7605,3607.0,886.0,2721.0,1835.0,244619.0,11156.3365,1160259.0,294457.0,17408.1731,1810450.0,333509.0,32348.2596,3364219.0,351916.0,40718.2115,4234694.0,365859.0,45184.0385,4699140.0,2010,2015,3364219.0,4234694.0,870475.0
71,S137013,河北昌黎经济开发区,河北省,昌黎,省政府,经济开发区,2006.05,916.43,机械、钢铁、食品,119.198135,39.702563,119.191973,39.701251,河北省秦皇岛市昌黎县昌黎经济开发区,住宅区,ok,12.797,24.7433,20.2051,145719.1809,0.0098,131.0,6.0,125.0,119.0,30356.0,63544.5714,6227368.0,87838.0,79158.898,7757572.0,164068.0,103348.6224,10128165.0,215927.0,119402.7347,11701468.0,246249.0,132880.551,13022294.0,2000,2010,7757572.0,10128165.0,2370593.0
73,S137070,河北邯郸马头经济开发区,河北省,邯郸马头,省政府,经济开发区,2011.07,1857.18,装备制造、电力、新材料,114.914584,36.195819,114.908998,36.195977,河北省邯郸市魏县马头,村庄,ok,347.288,23.8375,17.0571,63435.2493,0.5203,254.0,0.0,254.0,254.0,48237.0,27894.59,2789459.0,68478.0,37276.45,3727645.0,88890.0,48528.58,4852858.0,97556.0,54820.64,5482064.0,99326.0,61799.47,6179947.0,2010,2015,4852858.0,5482064.0,629206.0
74,S137071,河北邯郸峰峰经济开发区,河北省,邯郸峰峰,省政府,经济开发区,2014.11,414.41,煤化工、钢铁、陶瓷,114.217948,36.475123,114.211912,36.474999,河北省邯郸市峰峰矿区峰峰,村庄,ok,378.666,39.1069,25.5589,133289.4843,0.143,576.0,108.0,468.0,360.0,367601.0,82918.0481,8623477.0,369237.0,91034.4327,9467581.0,370605.0,95834.0865,9966745.0,372487.0,99332.7692,10330608.0,379153.0,106692.3269,11096002.0,2010,2015,9966745.0,10330608.0,363863.0
75,S137072,河北肥乡经济开发区,河北省,肥乡,省政府,经济开发区,2011.07,452.42,装备制造、服装纺织,114.687577,36.58343,114.681823,36.583327,河北省邯郸市肥乡区经济开发区,未知,ok,339.116,13.2902,20.7569,64699.283,0.1343,63.0,6.0,57.0,51.0,3584.0,36393.1515,3602922.0,5943.0,43948.3232,4350884.0,14090.0,55601.8283,5504581.0,35180.0,65565.202,6490955.0,83286.0,86910.1111,8604101.0,2010,2015,5504581.0,6490955.0,986374.0
77,S137073,河北临漳经济开发区,河北省,临漳,省政府,经济开发区,2014.11,547.39,农副产品加工、新材料、装备制造,114.585514,36.322504,114.579919,36.322632,河北省邯郸市临漳县,区县,ok,360.986,20.9984,28.6961,201102.0913,0.3605,159.0,10.0,149.0,139.0,9605.0,39764.2745,4055956.0,14581.0,66434.3627,6776305.0,58549.0,84842.049,8653889.0,89334.0,96721.8627,9865630.0,116790.0,111156.2353,11337936.0,2010,2015,8653889.0,9865630.0,1211741.0
78,S137074,河北成安经济开发区,河北省,成安,省政府,经济开发区,2011.05,492.22,金属管件、板材、装备制造,114.670094,36.445331,114.664394,36.445328,河北省邯郸市成安县,区县,ok,350.797,29.001,18.5503,164670.9556,0.0461,71.0,2.0,69.0,67.0,59304.0,40781.9706,4159761.0,146724.0,57412.0294,5856027.0,261503.0,77611.5392,7916377.0,318136.0,90448.6471,9225762.0,329083.0,103642.3725,10571522.0,2010,2015,7916377.0,9225762.0,1309385.0
79,S137075,河北大名经济开发区,河北省,大名,省政府,经济开发区,2011.05,387.1,食品、装备制造、包装,115.188317,36.285385,115.182364,36.285268,河北省邯郸市大名县经济开发区,未知,ok,323.069,23.4616,24.9259,171963.4667,0.1993,168.0,3.0,165.0,162.0,43923.0,40549.099,4095459.0,68811.0,55579.8218,5613562.0,130896.0,78669.0891,7945578.0,170574.0,94280.4257,9522323.0,217499.0,113598.6139,11473460.0,2010,2015,7945578.0,9522323.0,1576745.0
80,S137044,河北涉县经济开发区,河北省,涉县,省政府,经济开发区,2000.09,616.34,电力、装备制造、食品,113.723461,36.598755,113.717074,36.598611,河北省邯郸市涉县经济开发区,未知,ok,405.587,25.919,25.6886,173834.9743,2.0229,2352.0,0.0,2352.0,2352.0,26730.0,52318.9706,5336535.0,50896.0,68850.1961,7022720.0,109330.0,86285.4804,8801119.0,141082.0,96703.9608,9863804.0,175097.0,104065.1078,10614641.0,2000,2010,7022720.0,8801119.0,1778399.0
81,S137076,河北磁县经济开发区,河北省,磁县,省政府,经济开发区,2012.10,310.0,煤化工、装备制造、新材料,114.299781,36.308558,114.293788,36.308471,河北省邯郸市磁县经济开发区,未知,ok,385.366,,15.691,49740.5546,0.0857,527.0,5.0,522.0,517.0,0.0,20283.32,2028332.0,0.0,30698.53,3069853.0,133924.0,45621.82,4562182.0,230828.0,53758.57,5375857.0,253828.0,57637.98,5763798.0,2010,2015,4562182.0,5375857.0,813675.0
82,S137077,河北邱县经济开发区,河北省,邱县,省政府,经济开发区,2011.07,880.6,纺织、装备制造、食品,115.156894,36.827517,115.150814,36.827062,河北省邯郸市邱县经济开发区,未知,ok,290.077,,25.8279,85412.7851,0.0509,167.0,59.0,108.0,49.0,746.0,37444.0198,3781846.0,5908.0,47990.6832,4847059.0,68807.0,61167.3366,6177901.0,119427.0,69304.8911,6999794.0,190126.0,77326.1782,7809944.0,2010,2015,6177901.0,6999794.0,821893.0
83,S137078,河北鸡泽经济开发区,河北省,鸡泽,省政府,经济开发区,2011.07,459.24,铸造、装备制造、纺织,114.899583,36.931873,114.893926,36.931656,河北省邯郸市鸡泽县经济开发区,未知,ok,299.408,,26.8534,114046.522,0.0671,140.0,0.0,140.0,140.0,2505.0,45263.9604,4571660.0,2505.0,56234.5743,5679692.0,33992.0,73022.4851,7375271.0,72062.0,84366.0792,8520974.0,178477.0,97362.5446,9833617.0,2010,2015,7375271.0,8520974.0,1145703.0
84,S137079,河北广平经济开发区,河北省,广平,省政府,经济开发区,2011.05,347.72,建材、装备制造、食品,115.172177,36.542109,115.166161,36.54186,河北省邯郸市广平县经济开发区,未知,ok,304.025,,14.6099,58775.5514,0.1074,161.0,0.0,161.0,161.0,4435.0,28392.9804,2896084.0,5053.0,35359.2549,3606644.0,25052.0,49964.4412,5096373.0,52895.0,59250.9804,6043600.0,104897.0,67865.9314,6922325.0,2010,2015,5096373.0,6043600.0,947227.0
85,S137080,河北馆陶经济开发区,河北省,馆陶,省政府,经济开发区,2011.07,264.2,盐化工、精细化工、装备制造,115.258476,36.536142,115.252562,36.535986,河北省邯郸市馆陶县经济开发区,未知,ok,298.85,27.3267,18.3629,142404.044,0.2306,431.0,0.0,431.0,431.0,528.0,38215.5825,3936205.0,18173.0,54025.0,5564575.0,87102.0,73469.9223,7567402.0,136781.0,86152.6311,8873721.0,177040.0,99506.7573,10249196.0,2010,2015,7567402.0,8873721.0,1306319.0
86,S137081,河北魏县经济开发区,河北省,魏县,省政府,经济开发区,2011.07,530.0,装备制造、木材加工、再生资源利用,115.004089,36.330089,114.998232,36.330013,河北省邯郸市魏县经济开发区,未知,ok,331.133,16.6297,23.1636,102035.8174,0.4917,119.0,6.0,113.0,107.0,1050.0,35493.1089,3584804.0,11961.0,43879.0594,4431785.0,29845.0,56871.8614,5744058.0,96561.0,66877.8614,6754664.0,399855.0,85844.703,8670315.0,2010,2015,5744058.0,6754664.0,1010606.0
87,S137082,河北曲周经济开发区,河北省,曲周,省政府,经济开发区,2011.05,563.25,装备制造、食品、自行车,114.997049,36.752792,114.991174,36.752523,河北省邯郸市曲周县经济开发区,未知,ok,306.09,15.3993,27.4823,149064.184,0.1264,72.0,1.0,71.0,70.0,8010.0,48022.3048,5042342.0,11131.0,60292.0762,6330668.0,19934.0,76993.981,8084368.0,58473.0,88296.581,9271141.0,216528.0,99934.1333,10493084.0,2010,2015,8084368.0,9271141.0,1186773.0
89,S137083,河北邢台经济开发区,河北省,邢台,省政府,经济开发区,1994.06,1860.17,先进制造、新能源,114.53369,37.010322,114.527903,37.009968,河北省邢台市襄都区邢台经济开发区,住宅区,ok,320.118,10.5407,22.3481,174315.1747,0.0747,414.0,0.0,414.0,414.0,7238.0,92545.835,9532221.0,18823.0,124340.6214,12807084.0,66564.0,149152.2136,15362678.0,107905.0,164523.9515,16945967.0,186204.0,181495.5146,18694038.0,1990,2000,9532221.0,12807084.0,3274863.0
90,S137084,河北邢台县旭阳经济开发区,河北省,邢台县旭阳,省政府,经济开发区,2011.05,575.31,精细化工、新材料、生物化工、再生资源利用,114.555174,37.14128,114.549438,37.140885,河北省邢台市襄都区旭阳经济开发区,住宅区,ok,310.429,9.3862,11.1707,68397.9055,0.0864,113.0,1.0,112.0,111.0,95775.0,40664.5146,4188445.0,128957.0,52959.4466,5454823.0,160423.0,70493.9126,7260873.0,188645.0,81517.3301,8396285.0,235898.0,94763.8932,9760681.0,2010,2015,7260873.0,8396285.0,1135412.0
91,S137085,河北临城经济开发区,河北省,临城,省政府,经济开发区,2011.07,167.75,通用设备、医药、非金属矿物,114.579491,37.437154,114.57377,37.436647,河北省邢台市临城县经济开发区,未知,ok,292.0,6.7144,10.3085,53665.9271,0.0182,35.0,1.0,34.0,33.0,2511.0,32558.9231,3386128.0,2511.0,42877.6346,4459274.0,10042.0,54947.5288,5714543.0,21588.0,63863.7692,6641832.0,50320.0,78145.9038,8127174.0,2010,2015,5714543.0,6641832.0,927289.0
93,S137087,河北柏乡经济开发区,河北省,柏乡,省政府,经济开发区,2012.04,364.01,服装纺织、造纸、机械,114.664106,37.4989,114.658305,37.498307,河北省邢台市柏乡县经济开发区,未知,ok,282.212,16.3774,23.7214,119081.573,0.0423,22.0,0.0,22.0,22.0,3020.0,46714.8119,4718196.0,3020.0,61621.9406,6223816.0,30066.0,71690.3168,7240722.0,59530.0,78052.901,7883343.0,100028.0,84645.297,8549175.0,2010,2015,7240722.0,7883343.0,642621.0
95,S137089,河北任县经济开发区,河北省,任县,省政府,经济开发区,2011.07,298.01,橡塑制品、机械、商贸物流,114.569653,37.058784,114.563958,37.058466,河北省邢台市任泽区经济开发区,未知,ok,314.42,20.9933,22.1415,215126.9336,0.0891,168.0,14.0,154.0,140.0,1100.0,106579.82,10657982.0,65726.0,150748.72,15074872.0,136179.0,181587.73,18158773.0,185294.0,199291.2,19929120.0,223631.0,211537.84,21153784.0,2010,2015,18158773.0,19929120.0,1770347.0
96,S137090,河北南和经济开发区,河北省,南和,省政府,经济开发区,2011.07,211.93,装备制造、农副产品加工、大宗物流,114.633606,37.017263,114.627918,37.016965,河北省邢台市南和区经济开发区,未知,ok,312.402,,21.3853,120976.7687,0.0256,160.0,2.0,158.0,156.0,880.0,45588.5644,4604445.0,1898.0,67898.5149,6857750.0,91925.0,93182.8515,9411468.0,166562.0,109364.0,11045764.0,237051.0,125744.0693,12700151.0,2010,2015,9411468.0,11045764.0,1634296.0
97,S137091,河北巨鹿经济开发区,河北省,巨鹿,省政府,经济开发区,2011.07,398.15,装备制造、新能源、医药,115.011252,37.213004,115.00527,37.212378,河北省邢台市巨鹿县经济开发区,未知,ok,272.511,27.426,19.1174,162899.1263,0.0217,594.0,1.0,593.0,592.0,2886.0,63119.7647,6438216.0,6204.0,73541.1667,7501199.0,48731.0,90343.2451,9215011.0,87139.0,101167.6863,10319104.0,114488.0,114243.8431,11652872.0,2010,2015,9215011.0,10319104.0,1104093.0
98,S137092,河北新河经济开发区,河北省,新河,省政府,经济开发区,2012.04,390.55,生物医药、装备制造、新能源,115.251005,37.520891,115.244983,37.520172,河北省邢台市新河县,区县,ok,235.827,24.5382,16.1911,113483.5554,0.0824,90.0,1.0,89.0,88.0,211749.0,43179.0198,4361081.0,271632.0,49584.3762,5008022.0,323604.0,62722.2574,6334948.0,356604.0,71280.7228,7199353.0,359589.0,78186.495,7896836.0,2010,2015,6334948.0,7199353.0,864405.0
99,S137093,河北广宗经济开发区,河北省,广宗,省政府,经济开发区,2012.04,538.12,自行车、装备制造、农副产品加工,115.185435,37.073756,115.179388,37.07318,河北省邢台市广宗县经济开发区,未知,ok,269.842,13.5504,13.8257,114006.9594,0.0068,1932.0,3.0,1929.0,1926.0,73682.0,51565.9712,5362861.0,99178.0,58477.6923,6081680.0,165818.0,76846.5192,7992038.0,204631.0,89131.625,9269689.0,244987.0,104418.375,10859511.0,2010,2015,7992038.0,9269689.0,1277651.0
102,S137040,河北清河经济开发区,河北省,清河,省政府,经济开发区,2003.06,859.38,羊绒、战略合金、新能源汽车及零部件,115.623396,37.035534,115.617664,37.035216,河北省邢台市清河县经济开发区,未知,ok,239.121,10.6682,14.6531,109033.6934,0.0255,1777.0,15.0,1762.0,1747.0,30269.0,58111.0495,5869216.0,38692.0,76335.5941,7709895.0,164652.0,107415.7327,10848989.0,242034.0,126747.5545,12801503.0,305202.0,141584.5248,14300037.0,2000,2010,7709895.0,10848989.0,3139094.0
104,S137097,河北南宫经济开发区,河北省,南宫,省政府,经济开发区,2011.05,374.21,装备制造、食品、医药,115.42385,37.357563,115.417618,37.356716,河北省邢台市南宫市经济开发区,未知,ok,233.611,26.0295,21.6433,152736.8571,0.0066,322.0,0.0,322.0,322.0,158.0,54265.8738,5589385.0,6794.0,62253.3204,6412092.0,87852.0,80622.068,8304073.0,147786.0,93539.1359,9634531.0,183961.0,105575.4078,10874267.0,2010,2015,8304073.0,9634531.0,1330458.0
105,S137098,河北沙河经济开发区,河北省,沙河,省政府,经济开发区,2011.07,1334.57,玻璃及深加工、装备制造、新材料,114.578675,36.895828,114.573012,36.895635,河北省邢台市沙河市经济开发区,未知,ok,324.324,21.9854,14.5409,111834.0424,0.019,412.0,3.0,409.0,406.0,53704.0,27805.7549,2836187.0,231325.0,46962.2549,4790150.0,401128.0,80074.8137,8167631.0,470725.0,100311.7647,10231800.0,479071.0,117540.5294,11989134.0,2010,2015,8167631.0,10231800.0,2064169.0
106,S137099,河北保定经济开发区,河北省,保定,省政府,经济开发区,2011.05,1812.91,汽车及零部件,115.432749,38.820079,115.426355,38.819146,河北省保定市莲池区河北保定经济开发区,住宅区,ok,185.426,17.8525,28.1355,220357.5652,0.0078,203.0,8.0,195.0,187.0,31108.0,102607.0408,10055490.0,50684.0,133349.3469,13068236.0,98536.0,164172.4184,16088897.0,128497.0,182695.5204,17904161.0,153578.0,198035.2959,19407459.0,2010,2015,16088897.0,17904161.0,1815264.0
107,S137100,河北满城经济开发区,河北省,满城,省政府,经济开发区,2014.11,794.69,造纸及纸制品、机械、汽车,115.426008,38.958394,115.419585,38.957374,河北省保定市满城区经济开发区,未知,ok,188.264,6.7189,14.9273,118552.6557,0.0467,167.0,6.0,161.0,155.0,3886.0,38009.0784,3876926.0,9505.0,68780.8725,7015649.0,16469.0,91505.2451,9333535.0,25790.0,105611.3529,10772358.0,71187.0,120790.8824,12320670.0,2010,2015,9333535.0,10772358.0,1438823.0
108,S137101,河北徐水经济开发区,河北省,徐水,省政府,经济开发区,2012.07,1404.74,汽车及零部件、新能源、机电设备,115.655772,39.018781,115.649762,39.018016,河北省保定市徐水区,区县,ok,170.257,92.2773,26.2228,224467.3045,0.0854,584.0,44.0,540.0,496.0,314763.0,67423.4466,6944615.0,329345.0,90727.5922,9344942.0,372773.0,115950.1359,11942864.0,393777.0,130507.6117,13442284.0,394657.0,139097.6214,14327055.0,2010,2015,11942864.0,13442284.0,1499420.0
109,S137102,河北涞水经济开发区,河北省,涞水,省政府,经济开发区,2011.07,297.36,电子信息、新能源汽车、航天航空,115.713152,39.50361,115.706975,39.502494,河北省保定市涞水县经济开发区,未知,ok,179.452,,13.5579,62217.2053,0.0629,981.0,9.0,972.0,963.0,17235.0,21530.619,2260715.0,48028.0,36016.8667,3781771.0,90511.0,57782.2762,6067139.0,112960.0,70145.3619,7365263.0,136524.0,79107.5619,8306294.0,2010,2015,6067139.0,7365263.0,1298124.0
110,S137103,河北阜平经济开发区,河北省,阜平,省政府,经济开发区,2013.07,608.93,新材料、装备制造、农产品加工,114.195118,38.849221,114.188748,38.848411,河北省保定市阜平县,区县,ok,292.766,53.5481,25.1023,65115.4573,1.0033,1507.0,491.0,1016.0,525.0,265495.0,7492.24,749224.0,326870.0,12127.0,1212700.0,332989.0,17432.56,1743256.0,336883.0,21521.02,2152102.0,344096.0,29137.08,2913708.0,2010,2015,1743256.0,2152102.0,408846.0
111,S137104,河北定兴金台经济开发区,河北省,定兴金台,省政府,经济开发区,2011.05,1127.34,食品加工、汽车及零部件、装备制造,115.789239,39.232203,115.78313,39.23121,河北省保定市定兴县金台经济开发区,住宅区,ok,162.93,,29.4116,155763.7167,0.1708,1029.0,2.0,1027.0,1025.0,20520.0,39663.6442,4125019.0,36344.0,67223.8558,6991281.0,68743.0,92646.0577,9635190.0,103471.0,107402.1731,11169826.0,193609.0,117265.1923,12195580.0,2010,2015,9635190.0,11169826.0,1534636.0
112,S137105,河北唐县经济开发区,河北省,唐县,省政府,经济开发区,2012.07,437.09,机械、建材、食品,114.984007,38.692835,114.977962,38.692183,河北省保定市唐县经济开发区,未知,ok,223.449,16.5716,15.3518,80335.8055,0.0908,86.0,1.0,85.0,84.0,2625.0,15033.7379,1548475.0,4148.0,56797.8641,5850180.0,36661.0,91399.3398,9414132.0,75562.0,108975.8058,11224508.0,126863.0,115093.3883,11854619.0,2010,2015,9414132.0,11224508.0,1810376.0
113,S137106,河北高阳经济开发区,河北省,高阳,省政府,经济开发区,2011.05,1028.8,纺织、医药、电子设备,115.779149,38.700846,115.773084,38.700141,河北省保定市高阳县,区县,ok,154.345,26.7706,17.6273,121028.8344,0.0069,757.0,6.0,751.0,745.0,96520.0,53075.0891,5360584.0,244854.0,81743.4752,8256091.0,296538.0,104039.7624,10508016.0,324788.0,116584.8119,11775066.0,338037.0,124882.6634,12613149.0,2010,2015,10508016.0,11775066.0,1267050.0
114,S137107,河北涞源经济开发区,河北省,涞源,省政府,经济开发区,2012.07,368.59,装备制造、新材料、生物医药,114.694416,39.360622,114.68833,39.359613,河北省保定市涞源县,区县,ok,257.872,39.1646,9.5294,86498.7519,1.0871,1329.0,768.0,561.0,-207.0,263131.0,16648.7143,1748115.0,411593.0,30319.6476,3183563.0,426928.0,57563.7143,6044190.0,434787.0,74081.2476,7778531.0,436274.0,81397.4,8546727.0,2010,2015,6044190.0,7778531.0,1734341.0
115,S137108,河北望都经济开发区,河北省,望都,省政府,经济开发区,2012.10,220.36,食品、机电、医疗、建材,115.194363,38.666342,115.188148,38.665595,河北省保定市望都县经济开发区,未知,ok,205.113,19.3669,26.114,78472.5346,0.0578,497.0,0.0,497.0,497.0,9708.0,28103.7692,2922792.0,19993.0,45712.625,4754113.0,46056.0,57201.3365,5948939.0,67424.0,64058.8558,6662121.0,88072.0,70895.2885,7373110.0,2010,2015,5948939.0,6662121.0,713182.0
116,S137109,河北顺平经济开发区,河北省,顺平,省政府,经济开发区,2011.07,158.98,装备制造、食品、建材,115.173877,38.876213,115.167592,38.875328,河北省保定市顺平县经济开发区,未知,ok,208.457,,17.1554,76135.8613,0.0534,175.0,6.0,169.0,163.0,54413.0,32239.2736,3417363.0,146991.0,55743.7453,5908837.0,169175.0,74708.5566,7919107.0,184998.0,85448.0849,9057497.0,221332.0,93425.4717,9903100.0,2010,2015,7919107.0,9057497.0,1138390.0
117,S137110,河北博野经济开发区,河北省,博野,省政府,经济开发区,2012.10,529.93,橡胶机带、机械、新材料,115.410537,38.444242,115.404163,38.443413,河北省保定市博野县博野经济开发区,住宅区,ok,187.579,12.4325,16.3866,92666.1716,0.045,358.0,0.0,358.0,358.0,8645.0,37236.2019,3872565.0,21607.0,56321.7115,5857458.0,39957.0,70657.4519,7348375.0,52705.0,78398.7404,8153469.0,66697.0,82540.8846,8584252.0,2010,2015,7348375.0,8153469.0,805094.0
119,S137111,河北定州经济开发区,河北省,定州,省政府,经济开发区,2011.05,1066.42,装备制造、生物医药,114.918153,38.547015,114.912306,38.546542,河北省保定市定州市经济开发区,未知,ok,229.406,28.987,30.5111,197284.5423,0.123,1420.0,6.0,1414.0,1408.0,15287.0,28130.8922,2869351.0,30783.0,59488.8922,6067867.0,141687.0,92215.7059,9406002.0,220166.0,111862.2745,11409952.0,249115.0,125334.8039,12784150.0,2010,2015,9406002.0,11409952.0,2003950.0
121,S137029,河北高碑店经济开发区,河北省,高碑店,省政府,经济开发区,1996.01,649.85,汽车、建材、新能源,115.906669,39.333901,115.900803,39.333009,河北省保定市高碑店市经济开发区,未知,ok,156.738,30.311,24.6433,213731.2469,0.1105,103.0,0.0,103.0,103.0,17665.0,64269.1635,6683993.0,33062.0,100247.4712,10425737.0,99149.0,136158.4615,14160480.0,151182.0,157687.3462,16399484.0,179273.0,176409.1346,18346550.0,1990,2000,6683993.0,10425737.0,3741744.0
122,S137005,河北张家口经济开发区,河北省,张家口,省政府,经济开发区,2000.09,216.64,新能源、智能制造,114.884612,40.774439,114.878501,40.77315,河北省张家口市桥东区张家口经济开发区,住宅区,ok,304.652,79.1992,38.499,380370.3294,0.0897,316.0,0.0,316.0,316.0,121329.0,84353.8922,8604097.0,263902.0,120073.4216,12247489.0,327599.0,151801.7451,15483778.0,361855.0,170801.8725,17421791.0,375539.0,186556.4118,19028754.0,2000,2010,12247489.0,15483778.0,3236289.0
123,S137006,河北宣化经济开发区,河北省,宣化,省政府,经济开发区,1992.11,696.95,汽车、智能制造、生物制药,114.874542,40.634397,114.868438,40.633198,河北省张家口市宣化区经济开发区,未知,ok,296.412,5.8848,5.421,16159.9217,0.0002,0.0,0.0,0.0,0.0,3618.0,7951.5,795150.0,3644.0,13147.0,1314700.0,6651.0,19927.17,1992717.0,13237.0,24074.88,2407488.0,41219.0,27243.31,2724331.0,1990,2000,795150.0,1314700.0,519550.0
124,S137113,河北张家口下花园经济开发区,河北省,张家口下花园,省政府,经济开发区,2014.11,732.62,装备制造、新能源、新材料,115.287127,40.502628,115.280703,40.501299,河北省张家口市下花园区,区县,ok,259.378,17.706,8.0325,41608.2263,0.1539,176.0,115.0,61.0,-54.0,39213.0,28232.7692,2936208.0,129253.0,36423.3365,3788027.0,153097.0,39026.3462,4058740.0,170380.0,41173.7596,4282071.0,210160.0,47325.3269,4921834.0,2010,2015,4058740.0,4282071.0,223331.0
126,S137115,河北张北经济开发区,河北省,张北,省政府,经济开发区,2011.07,699.28,食品、装备制造、云计算,114.761013,41.16894,114.754632,41.167153,河北省张家口市张北县经济开发区,未知,ok,340.21,15.6798,10.2817,100164.1494,0.0029,12.0,0.0,12.0,12.0,5270.0,19315.6442,2008827.0,6970.0,28291.6827,2942335.0,91528.0,54888.4615,5708400.0,160170.0,71093.875,7393763.0,166777.0,75947.9808,7898590.0,2010,2015,5708400.0,7393763.0,1685363.0
127,S137116,河北沽源经济开发区,河北省,沽源,省政府,经济开发区,2012.10,249.07,云计算、农副产品加工、商贸物流,115.666885,41.67947,115.660513,41.677511,河北省张家口市沽源县经济开发区,未知,ok,334.088,8.4958,6.8705,69790.7854,0.0078,103.0,0.0,103.0,103.0,287.0,16031.9293,1587161.0,609.0,20124.3131,1992307.0,31085.0,31449.2424,3113475.0,50399.0,38275.0606,3789231.0,62722.0,42981.3333,4255152.0,2010,2015,3113475.0,3789231.0,675756.0
128,S137117,河北蔚县经济开发区,河北省,蔚县,省政府,经济开发区,2011.07,246.14,生物科技、装备制造、食品,114.631604,39.830165,114.625597,39.829152,河北省张家口市蔚县经济开发区,未知,ok,278.99,8.261,9.8528,93897.0211,0.0067,15.0,12.0,3.0,-9.0,0.0,26469.3048,2779277.0,2.0,45642.1619,4792427.0,11792.0,64945.9619,6819326.0,30655.0,76459.7333,8028272.0,86472.0,81486.3143,8556063.0,2010,2015,6819326.0,8028272.0,1208946.0
129,S137118,河北怀安经济开发区,河北省,怀安,省政府,经济开发区,2011.07,332.75,装备制造、汽车及零部件、应急产品,114.386488,40.67527,114.379844,40.673707,河北省张家口市怀安县,区县,ok,333.846,16.0566,7.1191,76729.8776,0.0227,47.0,15.0,32.0,17.0,1731.0,21013.8529,2143413.0,36233.0,34868.4804,3556585.0,140812.0,50541.6373,5155247.0,198796.0,60043.0098,6124387.0,224596.0,66634.1863,6796687.0,2010,2015,5155247.0,6124387.0,969140.0
130,S137007,河北沙城经济开发区,河北省,沙城,省政府,经济开发区,2006.03,388.19,特种玻璃、信息技术、装备制造,115.546879,40.403065,115.540675,40.401924,河北省张家口市怀来县沙城经济开发区,住宅区,ok,235.07,18.2341,14.9484,95983.5561,0.0251,84.0,74.0,10.0,-64.0,36736.0,58383.466,6013497.0,105342.0,76615.1942,7891365.0,185606.0,90124.3786,9282811.0,233295.0,97217.6699,10013420.0,254472.0,103736.1068,10684819.0,2000,2010,7891365.0,9282811.0,1391446.0
131,S137119,河北涿鹿经济开发区,河北省,涿鹿,省政府,经济开发区,2010.11,596.04,电子信息、装备制造,115.189079,40.39533,115.182635,40.39401,河北省张家口市涿鹿县经济开发区,未知,ok,259.591,12.0051,12.4296,118528.7008,0.2895,114.0,34.0,80.0,46.0,15974.0,25960.8571,2725890.0,23050.0,37359.2381,3922720.0,96554.0,55704.7238,5848996.0,138508.0,66802.8762,7014302.0,160785.0,75319.7905,7908578.0,2010,2015,5848996.0,7014302.0,1165306.0
132,S137120,河北赤城经济开发区,河北省,赤城,省政府,经济开发区,2011.03,96.3,先进制造、节能环保,115.831256,40.913348,115.825048,40.911846,河北省张家口市赤城县,区县,ok,256.919,12.8325,5.6003,27799.9354,0.8302,505.0,48.0,457.0,409.0,222941.0,11552.2041,1132116.0,250048.0,14547.7755,1425682.0,272198.0,20274.7143,1986922.0,282354.0,23501.898,2303186.0,284485.0,25672.1122,2515867.0,2010,2015,1986922.0,2303186.0,316264.0
133,S137121,河北承德双滦经济开发区,河北省,承德双滦,省政府,经济开发区,2011.07,1802.05,黑色金属采冶压延加工、炼焦,117.799588,40.959426,117.793104,40.957781,河北省承德市双滦区,区县,ok,194.061,58.0414,24.9624,112555.5791,3.448,584.0,241.0,343.0,102.0,257033.0,27130.3235,2767293.0,290964.0,36682.4216,3741607.0,315662.0,51330.6373,5235725.0,332408.0,60707.4706,6192162.0,343719.0,68254.9804,6962008.0,2010,2015,5235725.0,6192162.0,956437.0
135,S137123,河北兴隆经济开发区,河北省,兴隆,省政府,经济开发区,2012.07,317.16,钢延产品、农副产品加工、医药化工,117.500558,40.417358,117.494046,40.41604,河北省承德市兴隆县,区县,ok,138.998,48.3047,24.8965,94083.8304,19.7981,3027.0,1088.0,1939.0,851.0,279600.0,19570.2745,1996168.0,310364.0,26200.0,2672400.0,319524.0,33841.2353,3451806.0,324269.0,38417.4804,3918583.0,327522.0,43112.4608,4397471.0,2010,2015,3451806.0,3918583.0,466777.0
137,S137125,河北隆化经济开发区,河北省,隆化,省政府,经济开发区,2012.10,605.89,装备制造、食品、建材,117.672125,41.246856,117.665631,41.245032,河北省承德市隆化县经济开发区,未知,ok,226.862,13.4592,9.1497,32060.377,4.6836,1541.0,305.0,1236.0,931.0,9.0,3809.3069,384740.0,9.0,5519.4059,557460.0,6590.0,7920.7327,799994.0,15879.0,9699.703,979670.0,45547.0,12607.198,1273327.0,2010,2015,799994.0,979670.0,179676.0
138,S137126,河北丰宁经济开发区,河北省,丰宁,省政府,经济开发区,2012.07,738.62,新能源装备、节能环保、新材料,116.6293,41.163363,116.623322,41.161698,河北省承德市丰宁满族自治县经济开发区,未知,ok,245.944,13.9399,6.8725,50616.3041,2.5894,574.0,130.0,444.0,314.0,20477.0,15543.549,1585442.0,42110.0,19420.9118,1980933.0,109457.0,26334.9314,2686163.0,148630.0,30397.3529,3100530.0,177393.0,32852.0882,3350913.0,2010,2015,2686163.0,3100530.0,414367.0
139,S137127,河北宽城经济开发区,河北省,宽城,省政府,经济开发区,2011.05,415.77,冶金、装备制造、新材料,118.485472,40.611333,118.479226,40.609851,河北省承德市宽城满族自治县,区县,ok,122.5,65.4145,12.3569,106615.1194,8.5687,1243.0,488.0,755.0,267.0,110484.0,12835.6731,1334910.0,181091.0,20079.8942,2088309.0,263755.0,35073.4904,3647643.0,297054.0,44258.7692,4602912.0,300363.0,50905.6058,5294183.0,2010,2015,3647643.0,4602912.0,955269.0
140,S137128,河北围场经济开发区,河北省,围场,省政府,经济开发区,2014.11,306.35,食品、药品、矿产品加工,117.75934,41.938372,117.752649,41.936254,河北省承德市围场满族蒙古族自治县,区县,ok,272.304,60.5051,37.8166,132509.3076,4.3103,991.0,351.0,640.0,289.0,242197.0,23194.6827,2412247.0,264523.0,29084.2885,3024766.0,276318.0,37434.5288,3893191.0,281101.0,41579.0,4324216.0,281101.0,42762.0096,4447249.0,2010,2015,3893191.0,4324216.0,431025.0
141,S137129,河北平泉经济开发区,河北省,平泉,省政府,经济开发区,2012.10,461.69,矿山冶金、新能源、化工,118.746118,41.067074,118.739886,41.065273,河北省承德市平泉市经济开发区,未知,ok,146.833,20.3628,11.9071,48890.7234,1.8251,1386.0,605.0,781.0,176.0,4630.0,5276.3204,543461.0,7503.0,9060.1942,933200.0,27839.0,22483.9029,2315842.0,52283.0,31115.6214,3204909.0,88864.0,38765.7379,3992871.0,2010,2015,2315842.0,3204909.0,889067.0
142,S137030,河北沧州经济开发区,河北省,沧州,省政府,经济开发区,1992.07,995.7,汽车及零部件、管道装备、生物医药,116.916012,38.280276,116.910264,38.279781,河北省沧州市新华区沧州经济开发区,住宅区,ok,67.032,47.2649,17.9353,200337.6988,0.0128,141.0,0.0,141.0,141.0,181761.0,88916.6602,9158416.0,322398.0,110918.6019,11424616.0,373095.0,140849.2913,14507477.0,394575.0,159731.4272,16452337.0,401314.0,178968.2621,18433731.0,1990,2000,9158416.0,11424616.0,2266200.0
144,S137131,河北青县经济开发区,河北省,青县,省政府,经济开发区,2011.05,1068.96,装备制造、食品、汽车零部件,116.937141,38.634026,116.93131,38.633463,河北省沧州市青县经济开发区,未知,ok,53.33,3.872,5.6706,19365.1946,0.0027,18.0,18.0,0.0,-18.0,1583.0,15806.1414,1564808.0,1583.0,25631.7273,2537541.0,54972.0,34120.798,3377959.0,104122.0,40677.798,4027102.0,208822.0,48360.7374,4787713.0,2010,2015,3377959.0,4027102.0,649143.0
145,S137132,河北东光经济开发区,河北省,东光,省政府,经济开发区,2011.05,440.77,包装机械、精细化工、包装、装备制造,116.55029,37.841728,116.544691,37.841117,河北省沧州市东光县经济开发区,未知,ok,123.079,5.1596,10.4274,85953.3777,0.0447,1372.0,36.0,1336.0,1300.0,7004.0,33812.5865,3516509.0,16361.0,43967.6923,4572640.0,30705.0,61967.1538,6444584.0,39041.0,73154.6058,7608079.0,43408.0,78493.4519,8163319.0,2010,2015,6444584.0,7608079.0,1163495.0
146,S137133,河北海兴经济开发区,河北省,海兴,省政府,经济开发区,2012.07,1221.68,精细化工、装备制造、汽车零部件,117.590022,38.142788,117.584031,38.142263,河北省沧州市海兴县经济开发区,未知,ok,26.288,,4.0483,24297.9619,0.0159,5.0,5.0,0.0,-5.0,41.0,8113.4327,843797.0,41.0,11082.6154,1152592.0,57.0,13117.4231,1364212.0,6385.0,15158.9327,1576529.0,47611.0,22055.5385,2293776.0,2010,2015,1364212.0,1576529.0,212317.0
147,S137134,河北盐山经济开发区,河北省,盐山,省政府,经济开发区,2011.05,1133.01,管道装备、机械、机床,117.311026,38.051437,117.304781,38.050654,河北省沧州市盐山县经济开发区,未知,ok,51.204,9.393,5.8026,47923.4229,0.0446,0.0,0.0,0.0,0.0,11068.0,25157.165,2591188.0,22329.0,28449.9029,2930340.0,105188.0,37571.5922,3869874.0,154664.0,43736.767,4504887.0,160844.0,49338.2427,5081839.0,2010,2015,3869874.0,4504887.0,635013.0
148,S137135,河北肃宁经济开发区,河北省,肃宁,省政府,经济开发区,2011.05,458.45,毛皮加工、装备制造、印刷,115.818582,38.466552,115.812639,38.465972,河北省沧州市肃宁县经济开发区,未知,ok,151.881,,16.0829,99488.5721,0.0087,1782.0,0.0,1782.0,1782.0,67395.0,45549.8137,4646081.0,86241.0,65243.5098,6654838.0,108463.0,85458.8039,8716798.0,125223.0,96870.7647,9880818.0,153415.0,105781.451,10789708.0,2010,2015,8716798.0,9880818.0,1164020.0
149,S137136,河北南皮经济开发区,河北省,南皮,省政府,经济开发区,2011.07,590.84,机电、玻璃器皿、纺织,116.583887,38.031504,116.578318,38.030975,河北省沧州市南皮县经济开发区,未知,ok,106.853,13.995,10.9751,88294.7327,0.1274,130.0,30.0,100.0,70.0,20355.0,63573.14,6357314.0,60014.0,75103.19,7510319.0,142140.0,93054.05,9305405.0,188134.0,103643.6,10364360.0,189687.0,108925.93,10892593.0,2010,2015,9305405.0,10364360.0,1058955.0
150,S137034,河北吴桥经济开发区,河北省,吴桥,省政府,经济开发区,1993.01,711.0,装备制造、橡胶制品、汽车零部件,116.422845,37.635415,116.41689,37.634483,河北省沧州市吴桥县经济开发区,未知,ok,142.053,13.9811,10.3043,91244.2829,0.0513,418.0,0.0,418.0,418.0,25428.0,37967.91,3796791.0,31128.0,50616.03,5061603.0,165070.0,66355.49,6635549.0,262378.0,75286.07,7528607.0,293499.0,79778.53,7977853.0,1990,2000,3796791.0,5061603.0,1264812.0
151,S137137,河北献县经济开发区,河北省,献县,省政府,经济开发区,2011.07,341.67,装备制造、食品饮品、新能源,116.158948,38.156751,116.152948,38.155957,河北省沧州市献县经济开发区,未知,ok,132.017,7.1384,12.2503,99877.0755,0.0022,895.0,3.0,892.0,889.0,61130.0,51305.2788,5335749.0,68261.0,64883.1058,6747843.0,105308.0,87909.4135,9142579.0,124442.0,101979.5673,10605875.0,130639.0,112812.3365,11732483.0,2010,2015,9142579.0,10605875.0,1463296.0
152,S137138,河北孟村经济开发区,河北省,孟村,省政府,经济开发区,2011.05,643.82,装备制造,117.104514,38.053438,117.098217,38.052538,河北省沧州市孟村回族自治县,区县,ok,66.309,23.6327,6.7389,69046.7951,0.1263,33.0,6.0,27.0,21.0,224232.0,42977.9314,4383749.0,255015.0,54882.5392,5598019.0,292639.0,76629.7157,7816231.0,311247.0,89446.7353,9123567.0,312716.0,96563.4118,9849468.0,2010,2015,7816231.0,9123567.0,1307336.0
153,S137139,河北泊头经济开发区,河北省,泊头,省政府,经济开发区,2011.05,1074.52,装备制造、铸造、汽车模具,116.637489,38.060743,116.631868,38.060193,河北省沧州市泊头市经济开发区,未知,ok,101.154,7.785,9.9094,98311.1458,0.0664,778.0,28.0,750.0,722.0,5066.0,52778.5631,5436192.0,5066.0,65614.8058,6758325.0,27868.0,86648.5631,8924802.0,55877.0,99581.7379,10256919.0,136615.0,109322.0,11260166.0,2010,2015,8924802.0,10256919.0,1332117.0
154,S137031,河北任丘经济开发区,河北省,任丘,省政府,经济开发区,1995.12,609.04,新材料、新能源、节能环保、装备制造,116.135773,38.747031,116.129645,38.746126,河北省沧州市任丘市经济开发区,未知,ok,123.801,13.5102,18.8365,149806.6347,0.0056,1056.0,0.0,1056.0,1056.0,67436.0,84844.2596,8823803.0,77618.0,109971.75,11437062.0,99294.0,133530.9519,13887219.0,149936.0,148309.1635,15424153.0,361675.0,165284.4712,17189585.0,1990,2000,8823803.0,11437062.0,2613259.0
155,S137032,河北黄骅经济开发区,河北省,黄骅,省政府,经济开发区,1992.07,465.78,汽车、专用设备、金属制品,117.324585,38.335196,117.318268,38.334427,河北省沧州市黄骅市经济开发区,未知,ok,33.648,22.0261,11.6592,108581.9007,0.0019,9.0,0.0,9.0,9.0,44411.0,53187.6019,5478323.0,67635.0,72077.8155,7424015.0,168181.0,91010.6893,9374101.0,223781.0,102541.8932,10561815.0,266387.0,115959.6117,11943840.0,1990,2000,5478323.0,7424015.0,1945692.0
158,S137022,河北永清经济开发区,河北省,永清,省政府,经济开发区,2006.03,1049.22,装备制造、新材料,116.53303,39.352564,116.527209,39.35156,河北省廊坊市永清县经济开发区,未知,ok,109.337,6.3295,6.3954,70464.5652,0.0146,1309.0,9.0,1300.0,1291.0,1470.0,28022.9901,2830322.0,4111.0,41193.495,4160543.0,37111.0,67028.6238,6769891.0,74383.0,86549.2277,8741472.0,87931.0,110156.505,11125807.0,2000,2010,4160543.0,6769891.0,2609348.0
159,S137023,河北香河经济开发区,河北省,香河,省政府,经济开发区,1993.01,1543.41,高端制造、食品、医药,116.957161,39.736902,116.951134,39.735802,河北省廊坊市香河县经济开发区,未知,ok,95.586,11.786,15.2702,125704.4697,0.067,5079.0,0.0,5079.0,5079.0,2977.0,50777.13,5077713.0,3277.0,77566.16,7756616.0,57735.0,116975.78,11697578.0,99305.0,139737.58,13973758.0,114315.0,151859.45,15185945.0,1990,2000,5077713.0,7756616.0,2678903.0
160,S137024,河北大城经济开发区,河北省,大城,省政府,经济开发区,2006.03,432.69,机械装备、新能源车、气雾剂,116.649041,38.801113,116.643308,38.800463,河北省廊坊市大城县大城经济开发区,住宅区,ok,80.786,6.1327,10.3317,32503.4277,0.0002,0.0,0.0,0.0,0.0,2312.0,17314.404,1714126.0,2348.0,28009.1414,2772905.0,17056.0,39439.0505,3904466.0,42937.0,46565.9596,4610030.0,109445.0,51682.404,5116558.0,2000,2010,2772905.0,3904466.0,1131561.0
161,S137025,河北文安经济开发区,河北省,文安,省政府,经济开发区,2006.03,935.28,新能源、装备制造、家具,116.477045,38.899045,116.471076,38.898142,河北省廊坊市文安县经济开发区,未知,ok,97.254,7.3599,6.4911,70259.7419,0.0008,336.0,0.0,336.0,336.0,99283.0,36938.9135,3841647.0,168364.0,53166.4519,5529311.0,202769.0,67682.5481,7038985.0,217372.0,75672.1058,7869899.0,217534.0,81875.5192,8515054.0,2000,2010,5529311.0,7038985.0,1509674.0
163,S137019,河北霸州经济开发区,河北省,霸州,省政府,经济开发区,1996.09,1630.27,装备制造、金属玻璃家具,116.34201,39.135096,116.33594,39.134,河北省廊坊市霸州市经济开发区,未知,ok,114.155,12.8991,10.9297,100520.6451,0.0235,1048.0,0.0,1048.0,1048.0,149426.0,47514.3366,4798948.0,192138.0,72338.495,7306188.0,235301.0,98967.5248,9995720.0,277946.0,116802.901,11797093.0,419168.0,138536.5248,13992189.0,1990,2000,4798948.0,7306188.0,2507240.0
164,S137141,河北三河经济开发区,河北省,三河,省政府,经济开发区,2011.03,524.08,节能环保、装备制造、新材料,116.844911,39.955329,116.838934,39.954223,河北省廊坊市三河市经济开发区,未知,ok,120.143,44.88,22.635,241425.3577,0.0098,695.0,168.0,527.0,359.0,10501.0,58832.2952,6177391.0,143294.0,99740.4476,10472747.0,263621.0,161804.7143,16989495.0,318662.0,197830.9333,20772248.0,319308.0,213876.7429,22457058.0,2010,2015,16989495.0,20772248.0,3782753.0
167,S137037,河北枣强经济开发区,河北省,枣强,省政府,经济开发区,2006.03,699.51,复合材料、燃气设备、中央空调,115.749718,37.492596,115.743763,37.491873,河北省衡水市枣强县经济开发区,未知,ok,201.654,14.4148,12.0003,116823.3735,0.0156,141.0,2.0,139.0,137.0,19231.0,50671.1373,5168456.0,48618.0,66918.8039,6825718.0,77952.0,82978.2451,8463781.0,90526.0,92535.2843,9438599.0,95741.0,102998.6176,10505859.0,2000,2010,6825718.0,8463781.0,1638063.0
168,S137142,河北武邑经济开发区,河北省,武邑,省政府,经济开发区,2011.05,638.56,金属制品、橡胶制品,115.861066,37.771008,115.855318,37.77042,河北省衡水市武邑县经济开发区,未知,ok,175.469,7.534,10.5404,101567.393,0.0196,189.0,2.0,187.0,185.0,3463.0,35836.5784,3655331.0,3463.0,42392.4314,4324028.0,5501.0,57228.4412,5837301.0,21281.0,67850.0882,6920709.0,103860.0,80006.3431,8160647.0,2010,2015,5837301.0,6920709.0,1083408.0
169,S137143,河北武强经济开发区,河北省,武强,省政府,经济开发区,2011.07,481.4,装备制造、乐器、食品,116.027176,38.047548,116.021183,38.046774,河北省衡水市武强县经济开发区,未知,ok,147.592,9.4089,7.9915,79666.8591,0.0075,234.0,3.0,231.0,228.0,1759.0,36826.297,3719456.0,4346.0,43989.0198,4442891.0,10481.0,52069.3861,5259008.0,19518.0,57335.6634,5790902.0,53980.0,63809.1485,6444724.0,2010,2015,5259008.0,5790902.0,531894.0
170,S137144,河北饶阳经济开发区,河北省,饶阳,省政府,经济开发区,2011.02,424.36,机械、服装,115.684755,38.241259,115.678778,38.240675,河北省衡水市饶阳县经济开发区,未知,ok,168.214,5.2981,8.2684,97277.4953,0.0066,28.0,3.0,25.0,22.0,6045.0,37644.6019,3877394.0,11317.0,52831.0097,5441594.0,14291.0,68689.7961,7075049.0,18141.0,79127.3301,8150115.0,29452.0,93454.6893,9625833.0,2010,2015,7075049.0,8150115.0,1075066.0
172,S137146,河北故城经济开发区,河北省,故城,省政府,经济开发区,2010.11,577.78,新能源、新材料、装备制造,116.205714,37.434317,116.199919,37.433566,河北省衡水市故城县经济开发区,未知,ok,171.13,7.1064,8.5584,96119.5182,0.083,150.0,16.0,134.0,118.0,3304.0,44174.7624,4461651.0,3967.0,61802.1683,6242019.0,27031.0,85108.7624,8595985.0,38125.0,99086.9901,10007786.0,45703.0,112570.3861,11369609.0,2010,2015,8595985.0,10007786.0,1411801.0
174,S137147,河北阜城经济开发区,河北省,阜城,省政府,经济开发区,2011.07,402.52,装备制造、服装纺织、农副产品加工,116.188746,37.890898,116.182858,37.890106,河北省衡水市阜城县经济开发区,未知,ok,144.122,8.17,10.3851,84430.7331,0.0202,281.0,8.0,273.0,265.0,12059.0,42191.08,4219108.0,14456.0,55200.56,5520056.0,85645.0,77507.35,7750735.0,142800.0,92113.44,9211344.0,229319.0,105434.09,10543409.0,2010,2015,7750735.0,9211344.0,1460609.0
175,S137148,河北深州经济开发区,河北省,深州,省政府,经济开发区,2011.02,997.36,农副产品加工、装备制造、家居,115.595089,38.013552,115.589257,38.013044,河北省衡水市深州市经济开发区,未知,ok,183.757,20.9492,23.0106,140986.2476,0.1396,287.0,2.0,285.0,283.0,26555.0,56327.09,5632709.0,27631.0,78531.92,7853192.0,84756.0,97021.5,9702150.0,161437.0,108590.16,10859016.0,368585.0,120191.86,12019186.0,2010,2015,9702150.0,10859016.0,1156866.0
178,S147003,山西清徐经济开发区,山西省,清徐,省政府,经济开发区,2003.01,838.87,化工新材料、仓储物流、装备制造,112.311696,37.587471,112.305187,37.58674,山西省太原市清徐县山西清徐经济开发区,住宅区,ok,473.505,34.0873,23.5196,141682.1866,0.5048,396.0,132.0,264.0,132.0,183471.0,88121.7822,8900300.0,225761.0,113021.7129,11415193.0,249549.0,126718.8713,12798606.0,261249.0,134128.6436,13546993.0,272145.0,140967.4554,14237713.0,2000,2010,11415193.0,12798606.0,1383413.0
179,S147007,山西阳泉经济开发区,山西省,阳泉,省政府,经济开发区,1996.01,383.2,装备制造、化工、商贸服务,113.620208,37.864278,113.613818,37.863772,山西省阳泉市经济开发区,未知,ok,354.114,90.3728,42.8551,366368.5349,0.4708,1210.0,0.0,1210.0,1210.0,99368.0,76499.6078,7802960.0,156060.0,93359.2157,9522640.0,264540.0,110618.402,11283077.0,309195.0,120800.8824,12321690.0,316653.0,129399.6373,13198763.0,1990,2000,7802960.0,9522640.0,1719680.0
180,S147014,山西壶关经济开发区,山西省,壶关,省政府,经济开发区,2006.04,217.63,钢铁加工、新材料,113.206836,36.115645,113.200338,36.11564,山西省长治市壶关县,区县,ok,474.611,33.6238,16.0227,125842.3296,0.3729,610.0,102.0,508.0,406.0,304247.0,22748.6923,2365864.0,327489.0,31424.1538,3268112.0,336440.0,48324.2596,5025723.0,340022.0,57782.2596,6009355.0,340024.0,60104.2308,6250840.0,2000,2010,3268112.0,5025723.0,1757611.0
181,S147005,山西朔州经济开发区,山西省,朔州,省政府,经济开发区,1996.01,1010.36,煤炭、煤机维修、铁合金冶炼,112.457771,39.348561,112.450981,39.347437,山西省朔州市朔城区朔州经济开发区,住宅区,ok,448.485,40.8785,15.4459,184594.4411,0.0026,22.0,0.0,22.0,22.0,88968.0,62948.1923,6546612.0,163033.0,84689.7115,8807730.0,293542.0,113554.9135,11809711.0,345779.0,131148.3654,13639430.0,352357.0,137450.0577,14294806.0,1990,2000,6546612.0,8807730.0,2261118.0
183,S147012,山西祁县经济开发区,山西省,祁县,省政府,经济开发区,2006.04,61.21,玻璃、食品、装备制造,112.440404,37.428093,112.433808,37.427304,山西省晋中市祁县经济开发区,未知,ok,467.742,12.8562,9.2621,55118.6651,0.0171,17.0,4.0,13.0,9.0,90558.0,31824.8835,3277963.0,125808.0,39378.1942,4055954.0,160636.0,47338.4078,4875856.0,180050.0,52361.5437,5393239.0,191339.0,57753.3883,5948599.0,2000,2010,4055954.0,4875856.0,819902.0
184,S147018,山西运城经济开发区,山西省,运城,省政府,经济开发区,1997.04,3081.2,装备制造、轻工、食品,111.031547,35.077788,111.025621,35.078399,山西省运城市经济开发区,未知,ok,701.49,20.7012,20.9066,193825.2537,0.006,37.0,0.0,37.0,37.0,140719.0,73446.099,7418056.0,268058.0,106269.6238,10733232.0,355594.0,150194.2277,15169617.0,396149.0,178063.0198,17984365.0,416391.0,210538.9604,21264435.0,1990,2000,7418056.0,10733232.0,3315176.0
186,S147021,山西绛县经济开发区,山西省,绛县,省政府,经济开发区,1997.12,321.7,装备制造、煤化工、食品,111.66016,35.511937,111.654037,35.512338,山西省运城市绛县经济开发区,未知,ok,626.991,19.9509,9.8262,26648.7474,5.8481,1324.0,0.0,1324.0,1324.0,132661.0,22300.12,2230012.0,153033.0,24625.42,2462542.0,201337.0,30507.71,3050771.0,226507.0,33953.36,3395336.0,243513.0,36848.63,3684863.0,1990,2000,2230012.0,2462542.0,232530.0
187,S147020,山西风陵渡经济开发区,山西省,风陵渡,省政府,经济开发区,1992.11,413.75,生物制药、能源、精细化工,110.317329,34.639258,110.311973,34.640358,山西省运城市芮城县风陵渡经济开发区,住宅区,ok,782.852,19.3904,9.2433,79390.569,0.0066,58.0,0.0,58.0,58.0,54674.0,22938.2621,2362641.0,81076.0,27686.3592,2851695.0,113821.0,39695.8447,4088672.0,127373.0,45602.0097,4697007.0,129646.0,47748.4272,4918088.0,1990,2000,2362641.0,2851695.0,489054.0
188,S147006,山西忻州经济开发区,山西省,忻州,省政府,经济开发区,1996.10,400.0,电力、装备制造、食品,112.730629,38.456583,112.72406,38.456001,山西省忻州市忻府区忻州经济开发区,住宅区,ok,420.545,67.3052,34.5396,229757.3114,0.0128,176.0,0.0,176.0,176.0,52818.0,57151.165,5886570.0,142349.0,79079.4854,8145187.0,206203.0,97069.2524,9998133.0,235546.0,108494.8447,11174969.0,245912.0,118113.8835,12165730.0,1990,2000,5886570.0,8145187.0,2258617.0
189,S147023,原平经济技术开发区,山西省,原平,省政府,经济开发区,2016.01,459.89,装备制造、钢结构,112.683697,38.934353,112.677166,38.933651,山西省忻州市原平市原平经济技术开发区,住宅区,ok,424.242,,8.531,10331.0858,0.0593,107.0,46.0,61.0,15.0,6269.0,6213.297,627543.0,7611.0,7301.8812,737490.0,10612.0,9807.0396,990511.0,14062.0,12006.6832,1212675.0,26844.0,16654.0297,1682057.0,2015,2020,1212675.0,1682057.0,469382.0
190,S147015,山西临汾经济开发区,山西省,临汾,省政府,经济开发区,1997.07,710.46,装备制造、塑料编织、新能源,111.518864,36.101136,111.512644,36.101256,山西省临汾市经济开发区,未知,ok,602.865,104.5174,59.3404,433956.3331,0.2105,504.0,0.0,504.0,504.0,400656.0,151483.2,15148320.0,417004.0,165391.48,16539148.0,428357.0,181360.04,18136004.0,433314.0,190690.97,19069097.0,435393.0,199548.81,19954881.0,1990,2000,15148320.0,16539148.0,1390828.0
191,S147016,山西侯马经济开发区,山西省,侯马,省政府,经济开发区,1997.07,374.51,机电、医药、电商,111.38591,35.624849,111.379521,35.62489,山西省临汾市侯马市山西侯马经济开发区,住宅区,ok,640.595,48.7056,19.3027,152858.0257,0.0747,321.0,0.0,321.0,321.0,139740.0,93280.2762,9794429.0,212012.0,113987.0667,11968642.0,318109.0,131178.5429,13773747.0,366231.0,140330.4667,14734699.0,374056.0,146228.2095,15353962.0,1990,2000,9794429.0,11968642.0,2174213.0
192,S147009,山西文水经济开发区,山西省,文水,省政府,经济开发区,2006.04,231.3,化工、机械、煤化工,112.011694,37.360309,112.005195,37.35967,山西省吕梁市文水县经济开发区,未知,ok,506.168,,17.6398,58722.9751,0.0236,16.0,9.0,7.0,-2.0,227.0,29999.3137,3059930.0,227.0,40450.2549,4125926.0,261.0,52872.098,5392954.0,8884.0,60562.1275,6177337.0,53586.0,66892.1471,6822999.0,2000,2010,4125926.0,5392954.0,1267028.0
193,S147022,山西交城经济开发区,山西省,交城,省政府,经济开发区,2006.09,572.68,煤化工、机械、新材料,112.177726,37.531074,112.171179,37.530334,山西省吕梁市交城县山西交城经济开发区,住宅区,ok,486.605,24.6292,17.9039,130358.6162,0.0649,64.0,28.0,36.0,8.0,124030.0,65461.5,6677073.0,212882.0,100437.2549,10244600.0,274586.0,125070.3627,12757177.0,301179.0,138264.451,14102974.0,310733.0,146219.549,14914394.0,2000,2010,10244600.0,12757177.0,2512577.0
194,S147008,山西孝义经济开发区,山西省,孝义,省政府,经济开发区,2006.04,524.76,煤炭、化工、建材、耐火材料,111.890309,37.14049,111.884087,37.140187,山西省吕梁市孝义市经济开发区,未知,ok,524.218,,13.4427,68423.1159,0.0134,31.0,4.0,27.0,23.0,14982.0,29622.9802,2991921.0,18712.0,43028.6733,4345896.0,159909.0,54862.7723,5541140.0,240817.0,62054.4653,6267501.0,251560.0,66997.6139,6766759.0,2000,2010,4345896.0,5541140.0,1195244.0
195,S147024,汾阳杏花村经济技术开发区,山西省,汾阳杏花村,省政府,经济开发区,2016.05,989.47,酿酒,111.924159,37.346572,111.917909,37.34615,山西省吕梁市汾阳市杏花村镇经济技术开发区,未知,ok,513.991,15.1939,11.3022,99877.2923,0.0056,19.0,9.0,10.0,1.0,127576.0,29336.58,2933658.0,153402.0,40597.33,4059733.0,187199.0,57402.06,5740206.0,202691.0,67215.09,6721509.0,208182.0,72587.58,7258758.0,2015,2020,6721509.0,7258758.0,537249.0
199,S157004,呼和浩特金桥经济开发区,内蒙古自治区,呼和浩特金桥,省政府,经济开发区,2001.12,899.26,石化、光伏材料、新材料,111.721748,40.770055,111.714861,40.76868,内蒙古自治区呼和浩特市赛罕区呼和浩特金桥经济开发区,住宅区,ok,547.52,,27.7766,339235.1394,0.1589,168.0,25.0,143.0,118.0,32275.0,52745.4038,5485522.0,52929.0,91105.9135,9475015.0,235607.0,171996.5288,17887639.0,336970.0,224418.7692,23339552.0,391912.0,252888.0385,26300356.0,2000,2010,9475015.0,17887639.0,8412624.0
200,S157006,内蒙古托—清经济开发区,内蒙古自治区,托—清,省政府,经济开发区,2006.06,1028.95,电力、生物、冶金,111.765226,40.818233,111.758316,40.816809,内蒙古自治区,省,city_only,546.102,26.652,23.8081,278578.8354,0.2363,161.0,103.0,58.0,-45.0,9206.0,41271.5644,4168428.0,54385.0,77383.7822,7815762.0,109951.0,159600.5347,16119654.0,151869.0,213851.1287,21598964.0,176346.0,241421.0594,24383527.0,2000,2010,7815762.0,16119654.0,8303892.0
201,S157007,内蒙古和林格尔经济开发区,内蒙古自治区,和林格尔,省政府,经济开发区,2000.12,1030.19,食品、新材料、生物医药,111.821695,40.379226,111.814947,40.378134,内蒙古自治区呼和浩特市和林格尔县,区县,ok,525.36,27.2866,7.193,45481.1498,0.002,25.0,0.0,25.0,25.0,178537.0,11616.8942,1208157.0,302959.0,15802.0096,1643409.0,378583.0,29446.1154,3062396.0,410094.0,37528.0385,3902916.0,416400.0,41200.3077,4284832.0,2000,2010,1643409.0,3062396.0,1418987.0
202,S157008,内蒙古武川经济开发区,内蒙古自治区,武川,省政府,经济开发区,2006.05,214.21,有机肥、水泥建材、铁合金,111.44565,41.089861,111.438601,41.088071,内蒙古自治区呼和浩特市武川县经济开发区,未知,ok,582.636,16.1854,6.727,36702.7799,0.0022,0.0,0.0,0.0,0.0,9763.0,11048.3529,1126932.0,18794.0,16531.1569,1686178.0,138885.0,27928.6667,2848724.0,224116.0,35438.9706,3614775.0,234976.0,38993.549,3977342.0,2000,2010,1686178.0,2848724.0,1162546.0
211,S157038,乌海经济开发区,内蒙古自治区,乌海,省政府,经济开发区,1998.08,4328.08,煤焦化工、氯碱化工、精细化工,106.79415,39.655048,106.78939,39.654105,内蒙古自治区乌海市,市,ok,936.25,32.5622,13.9262,112537.8768,0.0017,0.0,0.0,0.0,0.0,24494.0,48372.5577,5030746.0,57316.0,67695.5385,7040336.0,67050.0,73053.8269,7597598.0,82555.0,76926.7596,8000383.0,141542.0,82817.0673,8612975.0,1990,2000,5030746.0,7040336.0,2009590.0
214,S157024,内蒙古赤峰松山经济开发区,内蒙古自治区,赤峰松山,省政府,经济开发区,1992.10,134.01,装备制造、电子信息、建材,118.916156,42.299795,118.909975,42.297862,内蒙古自治区赤峰市松山区,区县,ok,263.775,14.7165,22.4287,260823.2689,1.5141,416.0,0.0,416.0,416.0,95145.0,92639.9528,9819835.0,146629.0,128815.5094,13654444.0,178388.0,179009.2264,18974978.0,207832.0,211132.9623,22380094.0,270476.0,245603.5094,26033972.0,1990,2000,9819835.0,13654444.0,3834609.0
220,S157050,喀喇沁经济开发区,内蒙古自治区,喀喇沁,省政府,经济开发区,2011.11,817.69,商贸物流、医药健康、建材,118.875468,42.233317,118.869289,42.23137,内蒙古自治区赤峰市喀喇沁旗经济开发区,未知,ok,258.013,20.7531,17.4574,160625.2168,0.7164,110.0,52.0,58.0,6.0,46844.0,40937.0481,4257453.0,75214.0,68521.7981,7126267.0,204751.0,111642.7885,11610850.0,291700.0,138244.3269,14377410.0,343826.0,161445.6058,16790343.0,2010,2015,11610850.0,14377410.0,2766560.0
221,S157025,内蒙古宁城经济开发区,内蒙古自治区,宁城,省政府,经济开发区,2006.05,167.21,食品、机械、建材,119.320056,41.600193,119.313606,41.59798,内蒙古自治区赤峰市宁城县,区县,ok,179.407,19.4934,7.3414,91084.7243,0.0369,195.0,45.0,150.0,105.0,36462.0,33754.0192,3510418.0,61054.0,50976.625,5301569.0,160202.0,72638.7788,7554433.0,222662.0,84828.3462,8822148.0,254897.0,92065.8365,9574847.0,2000,2010,5301569.0,7554433.0,2252864.0
222,S157021,内蒙古通辽经济技术开发区,内蒙古自治区,通辽,省政府,经济开发区,2001.09,1000.0,装备制造、农畜产品加工、能源原材料,122.221895,43.642489,122.21632,43.64011,内蒙古自治区通辽市经济技术开发区,未知,ok,295.129,18.789,16.1175,199759.7803,0.0459,20.0,3.0,17.0,14.0,9465.0,71809.53,7180953.0,31915.0,97567.88,9756788.0,271425.0,162681.07,16268107.0,400853.0,203198.27,20319827.0,418828.0,222181.09,22218109.0,2000,2010,9756788.0,16268107.0,6511319.0
227,S157030,达拉特经济开发区,内蒙古自治区,达拉特,省政府,经济开发区,2001.03,125.94,煤电铝、化工、建材、物流,110.10222,40.321909,110.096159,40.320607,内蒙古自治区鄂尔多斯市达拉特旗经济开发区,未知,ok,664.813,7.4847,4.3477,24081.7191,0.0113,88.0,0.0,88.0,88.0,1135.0,9412.6061,931848.0,1158.0,12441.6566,1231724.0,11556.0,24997.1515,2474718.0,28101.0,35874.8384,3551609.0,62027.0,58146.8384,5756537.0,2000,2010,1231724.0,2474718.0,1242994.0
228,S157033,内蒙古准格尔经济开发区,内蒙古自治区,准格尔,省政府,经济开发区,1999.10,318.81,陶瓷、高岭土、煤炭、农副产品加工,110.878579,39.653954,110.872643,39.653058,内蒙古自治区鄂尔多斯市准格尔旗经济开发区,未知,ok,587.872,23.0137,4.7315,42072.5043,0.0133,49.0,0.0,49.0,49.0,55686.0,5844.5294,596142.0,82139.0,9412.9706,960123.0,148942.0,21021.2157,2144164.0,184309.0,28784.0098,2935969.0,188399.0,32143.4118,3278628.0,1990,2000,596142.0,960123.0,363981.0
230,S157031,内蒙古鄂尔多斯上海庙经济开发区,内蒙古自治区,鄂尔多斯上海庙,省政府,经济开发区,2001.12,540.45,煤炭、煤电、煤化工,106.651261,38.345946,106.646852,38.345625,内蒙古自治区鄂尔多斯市鄂托克前旗上海庙镇经济开发区,未知,ok,950.7,,10.1123,2720.21,0.0,0.0,0.0,0.0,0.0,5993.0,371.7426,37546.0,6210.0,384.0099,38785.0,85349.0,4275.4158,431817.0,141610.0,7498.495,757348.0,152615.0,8741.0891,882850.0,2000,2010,38785.0,431817.0,393032.0
231,S157034,内蒙古鄂托克经济开发区,内蒙古自治区,鄂托克,省政府,经济开发区,2001.04,1183.44,煤电、化工、冶金、新材料,107.975948,39.089549,107.970876,39.088856,内蒙古自治区鄂尔多斯市鄂托克旗,区县,ok,832.167,16.6875,12.5633,21872.6419,0.0,0.0,0.0,0.0,0.0,315557.0,11442.604,1155703.0,375094.0,17064.4356,1723508.0,379606.0,23533.2574,2376859.0,381412.0,28136.9208,2841829.0,381412.0,30585.2871,3089114.0,2000,2010,1723508.0,2376859.0,653351.0
233,S157032,内蒙古鄂尔多斯苏里格经济开发区,内蒙古自治区,鄂尔多斯苏里格,省政府,经济开发区,2001.07,1424.04,煤化工、精细化工、清洁能源,109.782473,39.608744,109.776762,39.607727,内蒙古自治区鄂尔多斯市,市,ok,680.364,4.4531,4.8322,57861.1852,0.0009,41.0,0.0,41.0,41.0,5.0,2546.8252,262323.0,5.0,6610.9612,680929.0,64720.0,25429.6019,2619249.0,137717.0,41980.4951,4323991.0,163222.0,52569.9515,5414705.0,2000,2010,680929.0,2619249.0,1938320.0
234,S157056,蒙苏经济开发区,内蒙古自治区,蒙苏,省政府,经济开发区,2014.08,1309.16,装备制造、新材料、电子信息,108.675362,23.712452,108.671467,23.715189,广西壮族自治区南宁市上林县经济,村庄,ok,195.539,,13.2013,11735.9403,16.546,20537.0,5862.0,14675.0,8813.0,3576.0,6200.6176,632463.0,3960.0,7000.7745,714079.0,5485.0,8627.8725,880043.0,6107.0,9495.5294,968544.0,6111.0,10262.4706,1046772.0,2010,2015,880043.0,968544.0,88501.0
235,S157013,内蒙古呼伦贝尔经济开发区,内蒙古自治区,呼伦贝尔,省政府,经济开发区,2002.09,1000.0,冶炼、装备制造、建材,119.896824,49.355067,119.889867,49.353308,内蒙古自治区呼伦贝尔市经济开发区,未知,ok,941.655,2.0882,1.4446,13755.1434,0.0075,28.0,0.0,28.0,28.0,605.0,1003.6476,105383.0,605.0,1246.5333,130886.0,854.0,2558.181,268609.0,974.0,3315.2952,348106.0,1077.0,4050.0,425250.0,2000,2010,130886.0,268609.0,137723.0
240,S157059,呼伦贝尔市巴彦托海经济技术开发区,内蒙古自治区,呼伦贝尔市巴彦托海,省政府,经济开发区,2002.07,387.98,煤电联产、煤化工、新材料,123.220598,48.433225,123.213727,48.431203,内蒙古自治区呼伦贝尔市阿荣旗巴彦托海,村庄,ok,833.084,,4.1318,2565.8588,0.249,807.0,2.0,805.0,803.0,0.0,2459.72,245972.0,0.0,3719.24,371924.0,0.0,5452.43,545243.0,57.0,6493.35,649335.0,655.0,7834.08,783408.0,2000,2010,371924.0,545243.0,173319.0
245,S157061,呼伦贝尔市根河兴安经济开发区,内蒙古自治区,呼伦贝尔市根河兴安,省政府,经济开发区,2009.05,264.93,有色金属采选、木材加工、食品,121.520165,50.779758,121.513264,50.778446,内蒙古自治区呼伦贝尔市根河市,区县,ok,1087.677,21.9335,17.7264,33272.5298,,,,,,269907.0,25240.2095,2650222.0,281905.0,27413.4476,2878412.0,284368.0,28294.0381,2970874.0,287007.0,28895.5238,3034030.0,295252.0,30126.1238,3163243.0,2000,2010,2878412.0,2970874.0,92462.0
252,S157065,卓资经济技术开发区,内蒙古自治区,卓资,省政府,经济开发区,2012.04,479.34,氯碱化工、天然气、仓储物流,112.577716,40.894618,112.571093,40.893284,内蒙古自治区乌兰察布市卓资县,区县,ok,487.181,8.7935,1.9609,20594.8845,0.0332,15.0,15.0,0.0,-15.0,28586.0,9506.5102,931638.0,137166.0,13240.5408,1297573.0,236570.0,21889.9286,2145213.0,295542.0,27797.2041,2724126.0,337843.0,34404.5,3371641.0,2010,2015,2145213.0,2724126.0,578913.0
254,S157020,乌兰浩特经济技术开发区,内蒙古自治区,乌兰浩特,省政府,经济开发区,2003.03,472.12,农畜产品加工、制药,122.136771,46.059742,122.130616,46.057712,内蒙古自治区兴安盟乌兰浩特市经济技术开发区,未知,ok,562.794,18.7918,8.7775,85967.2799,0.0026,78.0,0.0,78.0,78.0,312.0,32646.1429,3427845.0,5262.0,40433.2,4245486.0,191756.0,62228.9143,6534036.0,296977.0,75791.3429,7958091.0,325067.0,85636.2952,8991811.0,2000,2010,4245486.0,6534036.0,2288550.0
257,S157027,锡林郭勒经济开发区,内蒙古自治区,锡林郭勒,省政府,经济开发区,2001.12,421.13,煤炭加工、清洁能源、生物制药,116.047387,43.933212,116.04055,43.931027,内蒙古自治区锡林郭勒盟,市,ok,547.363,7.6408,5.9364,66636.3484,0.0,1.0,0.0,1.0,1.0,10440.0,58689.91,5868991.0,20845.0,73016.53,7301653.0,93363.0,99423.89,9942389.0,146052.0,119126.29,11912629.0,184082.0,133451.98,13345198.0,2000,2010,7301653.0,9942389.0,2640736.0
264,S157074,策克口岸经济开发区,内蒙古自治区,策克口岸,省政府,经济开发区,2012.05,1533.55,煤化工,101.270716,42.580899,101.268517,42.579201,内蒙古自治区阿拉善盟额济纳旗策克口岸经济开发区,住宅区,ok,1438.746,,0.7859,464.4787,0.0,0.0,0.0,0.0,0.0,77264.0,6249.6058,649959.0,77264.0,6250.1827,650019.0,78262.0,6277.5865,652869.0,78853.0,6300.875,655291.0,79754.0,6361.2019,661565.0,2010,2015,652869.0,655291.0,2422.0
265,S217005,沈阳浑河民族经济开发区,辽宁省,沈阳浑河民族,省政府,经济开发区,2006.05,106.84,电子信息、工业研发设计,123.370013,41.72053,123.36392,41.718111,辽宁省沈阳市和平区浑河民族经济开发区,住宅区,ok,151.486,31.9123,28.4988,285387.1875,0.0428,495.0,89.0,406.0,317.0,107726.0,103490.5196,10556033.0,220265.0,148636.7157,15160945.0,293815.0,196115.1569,20003746.0,333726.0,223403.5588,22787163.0,340680.0,241228.951,24605353.0,2000,2010,15160945.0,20003746.0,4842801.0
267,S217007,沈阳—欧盟经济开发区,辽宁省,沈阳—欧盟,省政府,经济开发区,2006.05,380.02,汽车及零部件、电子电器,123.539097,41.943491,123.533275,41.94134,辽宁省沈阳市大东区欧盟经济开发区,住宅区,ok,179.404,14.4084,14.4164,158637.6039,0.1366,509.0,227.0,282.0,55.0,22719.0,33017.0099,3334718.0,54146.0,44722.5149,4516974.0,170920.0,88650.5149,8953702.0,241475.0,122140.1386,12336154.0,284302.0,166319.6535,16798285.0,2000,2010,4516974.0,8953702.0,4436728.0
268,S217044,沈阳首府经济开发区,辽宁省,沈阳首府,省政府,经济开发区,2013.10,998.91,包装印刷、金融、互联网,123.464675,41.677576,123.458631,41.675224,辽宁省沈阳市,市,ok,153.527,26.1857,23.6121,239545.1673,0.0177,442.0,71.0,371.0,300.0,0.0,27109.0192,2819338.0,1028.0,48103.1923,5002732.0,62667.0,95588.1923,9941172.0,132197.0,131922.3462,13719924.0,170125.0,167760.5769,17447100.0,2010,2015,9941172.0,13719924.0,3778752.0
269,S217004,沈阳雪松经济开发区,辽宁省,沈阳雪松,省政府,经济开发区,2006.05,388.64,金属材料、电力电器、汽车零部件,123.464675,41.677576,123.458631,41.675224,辽宁省沈阳市,市,ok,153.527,26.1857,23.6121,239545.1673,0.0177,442.0,26.0,416.0,390.0,0.0,27109.0192,2819338.0,1028.0,48103.1923,5002732.0,62667.0,95588.1923,9941172.0,132197.0,131922.3462,13719924.0,170125.0,167760.5769,17447100.0,2000,2010,5002732.0,9941172.0,4938440.0
270,S217001,沈阳道义经济开发区,辽宁省,沈阳道义,省政府,经济开发区,2002.01,240.11,食品、医药、装备制造,123.40448,41.918938,123.398314,41.916494,辽宁省沈阳市沈北新区道义经济开发区,住宅区,ok,170.195,42.5981,19.9607,232183.4249,0.088,795.0,4.0,791.0,787.0,85485.0,52556.4854,5413318.0,173448.0,88472.8252,9112701.0,260787.0,139828.0971,14402294.0,315414.0,176618.6699,18191723.0,325800.0,210247.4078,21655483.0,2000,2010,9112701.0,14402294.0,5289593.0
271,S217045,沈阳永安经济开发区,辽宁省,沈阳永安,省政府,经济开发区,2013.10,626.04,装备制造、家具、金属加工,123.601239,41.690856,123.595539,41.688784,辽宁省沈阳市浑南区永安村,村庄,ok,163.336,,8.5502,26274.6179,0.0706,72.0,55.0,17.0,-38.0,59699.0,15023.3238,1577449.0,75277.0,22071.1048,2317466.0,93451.0,34966.0857,3671439.0,110106.0,43414.9238,4558567.0,128627.0,53303.6667,5596885.0,2010,2015,3671439.0,4558567.0,887128.0
273,S217009,辽宁康平经济开发区,辽宁省,康平,省政府,经济开发区,2006.05,250.75,塑料制品、服装纺织、农副产品加工,123.337453,42.803164,123.331293,42.800752,辽宁省沈阳市康平县辽宁康平经济开发区,住宅区,ok,234.379,15.1248,4.214,47575.8467,0.0586,108.0,88.0,20.0,-68.0,4892.0,5607.7327,566381.0,7586.0,8522.7129,860794.0,16774.0,15477.2871,1563206.0,29934.0,21828.0099,2204629.0,64706.0,37297.4455,3767042.0,2000,2010,860794.0,1563206.0,702412.0
274,S217008,辽宁法库经济开发区,辽宁省,法库,省政府,经济开发区,2006.05,325.3,陶瓷,123.409414,42.485192,123.403166,42.482778,辽宁省沈阳市法库县辽宁法库经济开发区,住宅区,ok,208.972,,16.3938,135314.1063,0.2086,746.0,209.0,537.0,328.0,1109.0,25701.4646,2544445.0,8372.0,32282.0505,3195923.0,248458.0,64237.6263,6359525.0,391047.0,85025.3333,8417508.0,473510.0,105646.9091,10459044.0,2000,2010,3195923.0,6359525.0,3163602.0
275,S217006,辽宁新民经济开发区,辽宁省,新民,省政府,经济开发区,2006.05,346.73,造纸、医药、食品、包装印刷,122.869111,42.000807,122.863791,41.99873,辽宁省沈阳市新民市辽宁新民经济开发区,住宅区,ok,139.22,12.7888,12.8251,133842.3767,0.0257,1407.0,13.0,1394.0,1381.0,0.0,49978.0874,5147743.0,11725.0,63632.0097,6554097.0,108165.0,81208.9806,8364525.0,185746.0,93129.1456,9592302.0,215179.0,106495.2621,10969012.0,2000,2010,6554097.0,8364525.0,1810428.0
276,S217026,大连炮台经济开发区,辽宁省,大连炮台,省政府,经济开发区,2002.10,236.61,食品、铸造机械、建材,121.84032,39.458327,121.835308,39.457183,辽宁省大连市金州区炮台经济开发区,住宅区,ok,7.719,12.0885,7.9324,39931.577,0.6519,205.0,0.0,205.0,205.0,24664.0,7660.0583,788986.0,28991.0,11627.767,1197660.0,37228.0,19893.4369,2049024.0,43012.0,25891.1359,2666787.0,50798.0,33588.9126,3459658.0,2000,2010,1197660.0,2049024.0,851364.0
277,S217029,大连金州经济开发区,辽宁省,大连金州,省政府,经济开发区,2002.10,490.61,汽车电子、装备制造、纺织服装,121.690663,39.294149,121.685543,39.293024,辽宁省大连市金州区金州经济开发区,住宅区,ok,1.342,3.8477,6.3636,6637.2444,0.1969,326.0,8.0,318.0,310.0,97.0,4720.6214,486224.0,97.0,6286.835,647544.0,328.0,8253.9612,850158.0,3434.0,10066.4272,1036842.0,19367.0,14643.6893,1508300.0,2000,2010,647544.0,850158.0,202614.0
278,S217031,大连普兰店经济开发区,辽宁省,大连普兰店,省政府,经济开发区,2002.10,267.69,汽车零部件、电力设备器材、装备制造,121.9303,39.387162,121.925397,39.386095,辽宁省大连市普兰店区经济开发区,未知,ok,1.18,15.0807,15.6057,122286.5295,0.7219,583.0,6.0,577.0,571.0,672.0,34805.8654,3619810.0,1850.0,48676.5577,5062362.0,60317.0,63783.6827,6633503.0,95269.0,75914.5288,7895111.0,126523.0,96706.5673,10057483.0,2000,2010,5062362.0,6633503.0,1571141.0
282,S217021,辽宁鞍山经济开发区,辽宁省,鞍山,省政府,经济开发区,1993.03,727.88,钢铁加工、装备制造、精细化工,122.952519,41.091127,122.947203,41.089335,辽宁省鞍山市铁西区辽宁省鞍山经济开发区,住宅区,ok,83.627,55.8366,47.8311,499308.6359,0.1242,918.0,0.0,918.0,918.0,159300.0,170451.7184,17556527.0,286317.0,197829.9515,20376485.0,325655.0,213788.4854,22020214.0,343872.0,225007.3689,23175759.0,356255.0,242608.3301,24988658.0,1990,2000,17556527.0,20376485.0,2819958.0
283,S217049,鞍山立山经济开发区,辽宁省,鞍山立山,省政府,经济开发区,2014.08,381.04,装备制造、钢铁加工、化工、建材,123.029091,41.150401,123.023423,41.148345,辽宁省鞍山市立山区,区县,ok,92.777,85.0942,39.7288,441386.9978,0.9564,765.0,401.0,364.0,-37.0,435175.0,190578.7404,19820189.0,448192.0,212718.1058,22122683.0,449377.0,233006.4519,24232671.0,450736.0,247510.0288,25741043.0,455149.0,269309.4615,28008184.0,2010,2015,24232671.0,25741043.0,1508372.0
284,S217050,鞍山台安经济开发区,辽宁省,鞍山台安,省政府,经济开发区,2011.01,384.65,化工、造纸、建材,122.397471,41.403626,122.391981,41.401312,辽宁省鞍山市台安县经济开发区,未知,ok,63.035,13.9736,5.9974,61191.128,0.0204,268.0,135.0,133.0,-2.0,4194.0,35408.1905,3717860.0,50389.0,46478.1905,4880210.0,105241.0,64990.4286,6823995.0,153864.0,77760.1333,8164814.0,179032.0,92242.1048,9685421.0,2010,2015,6823995.0,8164814.0,1340819.0
286,S217022,辽宁海城经济开发区,辽宁省,海城,省政府,经济开发区,2002.01,420.14,装备制造、服装纺织、箱包,122.692991,40.882455,122.687789,40.880772,辽宁省鞍山市海城市经济开发区,未知,ok,51.661,51.788,14.4408,148263.678,0.0086,198.0,5.0,193.0,188.0,2094.0,66046.0,7000876.0,139657.0,95359.4811,10108105.0,271905.0,115248.8585,12216379.0,339867.0,128971.1226,13670939.0,378861.0,147594.1321,15644978.0,2000,2010,10108105.0,12216379.0,2108274.0
287,S217023,辽宁鞍山腾鳌经济开发区,辽宁省,鞍山腾鳌,省政府,经济开发区,1995.08,230.74,新材料、装备制造,122.831674,41.075561,122.826417,41.073757,辽宁省鞍山市海城市腾鳌经济开发区,住宅区,ok,70.031,46.8934,11.284,112727.3908,0.0694,291.0,0.0,291.0,291.0,206770.0,39582.2,3958220.0,250961.0,65008.51,6500851.0,270093.0,84991.31,8499131.0,279581.0,98466.77,9846677.0,288706.0,116738.58,11673858.0,1990,2000,3958220.0,6500851.0,2542631.0
288,S217016,抚顺胜利经济开发区,辽宁省,抚顺胜利,省政府,经济开发区,1993.03,701.76,食品、机械、油母页岩加工,123.90278,41.827676,123.897086,41.825586,辽宁省抚顺市新抚区抚顺胜利经济开发区,住宅区,ok,212.641,30.5753,23.2433,257721.9618,1.1381,1599.0,0.0,1599.0,1599.0,259013.0,94822.4615,9861536.0,281771.0,103646.2692,10779212.0,304168.0,112549.0673,11705103.0,314637.0,118089.6154,12281320.0,322165.0,126541.2692,13160292.0,1990,2000,9861536.0,10779212.0,917676.0
290,S217017,抚顺经济开发区,辽宁省,抚顺,省政府,经济开发区,1993.03,1378.94,智能装备、印刷,123.725594,41.82061,123.71964,41.818351,辽宁省抚顺市经济开发区,未知,ok,210.937,20.1595,21.6932,215868.7683,0.09,389.0,0.0,389.0,389.0,132092.0,64503.7308,6708388.0,328628.0,78656.3077,8180256.0,354739.0,107778.7885,11208994.0,369526.0,127661.7308,13276820.0,383802.0,142659.7308,14836612.0,1990,2000,6708388.0,8180256.0,1471868.0
291,S217053,本溪桥北经济开发区,辽宁省,本溪桥北,省政府,经济开发区,2012.09,609.7,钢材加工,123.659489,41.230932,123.653757,41.229001,辽宁省本溪市平山区桥北街道,乡镇,ok,145.415,16.0751,18.9198,105856.2016,10.2562,2312.0,1682.0,630.0,-1052.0,97309.0,18535.9429,1946274.0,150584.0,30774.7048,3231344.0,158080.0,44137.0667,4634392.0,162958.0,51864.781,5445802.0,172471.0,57310.219,6017573.0,2010,2015,4634392.0,5445802.0,811410.0
292,S217054,本溪太子河经济开发区,辽宁省,本溪太子河,省政府,经济开发区,2012.09,354.64,汽车零部件,123.766046,41.314677,123.760157,41.312573,辽宁省本溪市明山区太子河,住宅区,ok,154.943,55.4507,38.7746,350328.2698,6.1078,1551.0,723.0,828.0,105.0,68670.0,128929.875,13408707.0,69127.0,141250.8942,14690093.0,69936.0,152666.2692,15877292.0,71086.0,159307.5288,16567983.0,75261.0,165732.9519,17236227.0,2010,2015,15877292.0,16567983.0,690691.0
293,S217055,辽宁五女山经济开发区,辽宁省,五女山,省政府,经济开发区,2012.09,473.06,中药、食品、新材料,125.376184,41.28562,125.369939,41.283321,辽宁省本溪市桓仁满族自治县五女山经济开发区,未知,ok,200.003,57.8213,37.459,160287.1203,8.5616,1856.0,649.0,1207.0,558.0,143368.0,25989.7573,2676945.0,198614.0,33043.5728,3403488.0,215742.0,40998.8058,4222877.0,224596.0,45459.1359,4682291.0,235985.0,48864.2233,5033015.0,2010,2015,4222877.0,4682291.0,459414.0
294,S217024,辽宁丹东东港经济开发区,辽宁省,丹东东港,省政府,经济开发区,1994.10,1533.91,机电设备及零部件、食品、再生资源利用,124.153894,39.867621,124.148119,39.866101,辽宁省丹东市东港市东港经济开发区,住宅区,ok,13.831,62.3227,19.4299,163949.7343,0.1348,230.0,0.0,230.0,230.0,0.0,20007.219,2100758.0,218804.0,43969.7333,4616822.0,319151.0,88093.1238,9249778.0,373550.0,113835.019,11952677.0,376021.0,124260.1143,13047312.0,1990,2000,2100758.0,4616822.0,2516064.0
295,S217025,辽宁丹东前阳经济开发区,辽宁省,丹东前阳,省政府,经济开发区,1994.10,552.78,服装纺织、食品、机械,124.229653,39.964937,124.224039,39.96353,辽宁省丹东市东港市丹东前阳经济开发区,住宅区,ok,25.188,7.9155,6.9178,77161.4018,0.0371,37.0,0.0,37.0,37.0,5123.0,14788.1346,1537966.0,14837.0,26451.9038,2750998.0,70035.0,41734.5769,4340396.0,109820.0,51866.0096,5394065.0,147474.0,65428.5192,6804566.0,1990,2000,1537966.0,2750998.0,1213032.0
296,S217056,黑山庞河经济开发区,辽宁省,黑山庞河,省政府,经济开发区,2012.10,442.0,农副产品加工、装备制造,122.12585,41.65035,122.120308,41.647967,辽宁省锦州市黑山县庞河经济开发区,未知,ok,75.449,23.5822,9.0725,92730.1061,0.0253,113.0,59.0,54.0,-5.0,22223.0,44373.5192,4614846.0,58641.0,54304.3942,5647657.0,96235.0,63700.6346,6624866.0,122253.0,70348.5,7316244.0,163251.0,79458.4327,8263677.0,2010,2015,6624866.0,7316244.0,691378.0
297,S217057,锦州七里河经济开发区,辽宁省,锦州七里河,省政府,经济开发区,2012.10,284.76,机电装备、食品,121.25308,41.324413,121.247606,41.322357,辽宁省锦州市义县七里河村经济开发区,未知,ok,43.674,,7.2552,25414.8286,0.0481,187.0,8.0,179.0,171.0,12818.0,18013.5392,1837381.0,22704.0,24533.8627,2502454.0,78148.0,31072.2353,3169368.0,129712.0,36437.5294,3716628.0,163647.0,44676.3039,4556983.0,2010,2015,3169368.0,3716628.0,547260.0
298,S217038,辽宁锦州沟帮子经济开发区,辽宁省,锦州沟帮子,省政府,经济开发区,2006.05,464.42,农副产品加工、装备制造,121.757618,41.369866,121.752193,41.367772,辽宁省锦州市北镇市沟帮子经济开发区,住宅区,ok,42.437,17.5391,11.1366,79671.1498,0.1551,71.0,10.0,61.0,51.0,61339.0,36820.3465,3718855.0,95671.0,50498.4257,5100341.0,220423.0,63015.3168,6364547.0,281590.0,70368.0594,7107174.0,290118.0,76417.5248,7718170.0,2000,2010,5100341.0,6364547.0,1264206.0
301,S217033,营口南楼经济开发区,辽宁省,营口南楼,省政府,经济开发区,2002.10,296.69,有色金属加工、建材、机械,122.536689,40.611672,122.531652,40.610243,辽宁省营口市大石桥市南楼经济开发区,住宅区,ok,22.4,24.2176,26.7052,236421.2164,0.0441,417.0,23.0,394.0,371.0,32237.0,114642.7745,11693563.0,103837.0,149284.9902,15227069.0,192531.0,169161.6275,17254486.0,249614.0,181991.549,18563138.0,275931.0,199218.5588,20320293.0,2000,2010,15227069.0,17254486.0,2027417.0
302,S217034,营口大石桥经济开发区,辽宁省,营口大石桥,省政府,经济开发区,2004.10,253.86,有色金属加工、装备制造,122.506436,40.632504,122.501294,40.630978,辽宁省营口市大石桥市经济开发区,未知,ok,21.258,78.321,26.0399,258523.7,0.0275,447.0,65.0,382.0,317.0,471809.0,110399.1471,11260713.0,475813.0,149163.3529,15214662.0,475813.0,173290.9902,17675681.0,476208.0,188697.3824,19247133.0,478184.0,206760.3529,21089556.0,2000,2010,15214662.0,17675681.0,2461019.0
306,S217020,辽宁辽阳经济开发区,辽宁省,辽阳,省政府,经济开发区,2002.01,336.28,汽车零部件、装备制造,123.131891,41.293077,123.126019,41.290836,辽宁省辽阳市太子河区辽阳经济开发区,兴趣点,ok,104.723,29.2807,23.8164,207464.2621,0.0484,180.0,1.0,179.0,178.0,81661.0,112806.3627,11506249.0,153876.0,129290.5882,13187640.0,201100.0,146286.4706,14921220.0,238000.0,158152.4706,16131552.0,262120.0,173793.6569,17726953.0,2000,2010,13187640.0,14921220.0,1733580.0
312,S217068,铁岭市调兵山经济开发区,辽宁省,铁岭市调兵山,省政府,经济开发区,2012.09,572.89,新能源、农产品加工、特色装备,123.567039,42.468007,123.56121,42.465938,辽宁省铁岭市调兵山市,区县,ok,215.808,20.6041,20.898,140350.7234,0.6839,325.0,108.0,217.0,109.0,214048.0,41613.2212,4327775.0,252539.0,56572.4519,5883535.0,276485.0,69435.875,7221331.0,290991.0,77284.7115,8037610.0,293843.0,82896.3269,8621218.0,2010,2015,7221331.0,8037610.0,816279.0
313,S217069,铁岭市开原经济开发区,辽宁省,铁岭市开原,省政府,经济开发区,2012.09,791.74,装备制造、建材、食品、包装,124.02437,42.52424,124.018267,42.521918,辽宁省铁岭市开原市开原经济开发区,住宅区,ok,254.701,22.769,21.0874,209924.8799,0.0249,308.0,66.0,242.0,176.0,2010.0,59202.0495,5979407.0,2804.0,66988.1485,6765803.0,159199.0,85092.0,8594292.0,249084.0,96846.9802,9781545.0,294250.0,105743.6832,10680112.0,2010,2015,8594292.0,9781545.0,1187253.0
314,S217011,辽宁朝阳经济开发区,辽宁省,朝阳,省政府,经济开发区,1994.08,301.53,电子、装备制造、金属新材料,120.437118,41.610878,120.431393,41.608556,辽宁省朝阳市经济开发区,未知,ok,98.331,27.6697,27.6225,321332.2372,0.0072,502.0,0.0,502.0,502.0,60515.0,83173.3592,8566856.0,134515.0,109583.6311,11287114.0,206784.0,144901.233,14924827.0,247219.0,165895.6602,17087253.0,260201.0,180412.7379,18582512.0,1990,2000,8566856.0,11287114.0,2720258.0
316,S217071,朝阳柳城经济开发区,辽宁省,朝阳柳城,省政府,经济开发区,2016.04,208.92,有色金属加工、精细化工、装备制造,120.432109,41.536184,120.426382,41.533878,辽宁省朝阳市朝阳县柳城街道,乡镇,ok,91.495,28.9364,26.7798,259335.3987,0.0487,277.0,161.0,116.0,-45.0,46280.0,57138.6176,5828139.0,65607.0,83416.6078,8508494.0,113337.0,123207.1569,12567130.0,151500.0,149946.1569,15294508.0,225494.0,170087.1961,17348894.0,2015,2020,15294508.0,17348894.0,2054386.0
317,S217072,朝阳建平经济开发区,辽宁省,朝阳建平,省政府,经济开发区,2016.04,403.0,冶金材料、建材、新材料,119.651667,41.431967,119.645668,41.43002,辽宁省朝阳市建平县经济开发区,未知,ok,134.14,5.1626,4.0939,48066.1961,0.2383,515.0,190.0,325.0,135.0,6999.0,39716.7358,4209974.0,51660.0,50600.7264,5363677.0,167451.0,68796.934,7292475.0,236151.0,78039.4151,8272178.0,281766.0,83554.4623,8856773.0,2015,2020,8272178.0,8856773.0,584595.0
318,S217073,朝阳喀左经济开发区,辽宁省,朝阳喀左,省政府,经济开发区,2016.04,282.87,冶金铸锻、装备制造、建材,119.849567,41.377979,119.843745,41.376058,辽宁省朝阳市喀喇沁左翼蒙古族自治县喀左经济开发区,住宅区,ok,119.728,12.618,6.5706,54798.8,0.1015,81.0,75.0,6.0,-69.0,20438.0,14916.3204,1536381.0,28282.0,19488.8447,2007351.0,61321.0,32221.3592,3318800.0,82533.0,39715.8544,4090733.0,91565.0,45543.932,4691025.0,2015,2020,4090733.0,4691025.0,600292.0
319,S217012,辽宁北票经济开发区,辽宁省,北票,省政府,经济开发区,2002.09,422.43,农产品加工、冶金、轻工,120.778108,41.818282,120.772672,41.816098,辽宁省朝阳市北票市经济开发区,未知,ok,104.838,29.705,28.9026,142894.6759,0.0365,217.0,4.0,213.0,209.0,196500.0,54455.6019,5608927.0,196792.0,62410.8932,6428322.0,201609.0,71694.6408,7384548.0,210797.0,78832.3981,8119737.0,249000.0,93022.233,9581290.0,2000,2010,6428322.0,7384548.0,956226.0
320,S217074,朝阳凌源经济开发区,辽宁省,朝阳凌源,省政府,经济开发区,2016.04,201.64,汽车及零部件、钢铁加工、玻璃制品,119.392922,41.315445,119.38639,41.313257,辽宁省朝阳市凌源市经济开发区,未知,ok,147.475,15.9828,8.1152,88853.1038,0.2427,425.0,73.0,352.0,279.0,116357.0,29991.8932,3089165.0,154697.0,38315.233,3946469.0,213770.0,51454.0388,5299766.0,244420.0,58878.6505,6064501.0,277439.0,65564.4563,6753139.0,2015,2020,6064501.0,6753139.0,688638.0
321,S217041,辽宁葫芦岛杨家杖子经济开发区,辽宁省,葫芦岛杨家杖子,省政府,经济开发区,2006.08,451.63,机械、矿山采选冶炼,120.55101,40.803135,120.545826,40.801649,辽宁省葫芦岛市连山区杨家杖子经济开发区,住宅区,ok,31.49,31.243,11.5383,32087.998,0.8186,594.0,106.0,488.0,382.0,111870.0,13550.5196,1382153.0,119853.0,15958.3922,1627756.0,162595.0,20312.2941,2071854.0,194784.0,24263.9314,2474921.0,240952.0,34308.9902,3499517.0,2000,2010,1627756.0,2071854.0,444098.0
323,S217040,辽宁葫芦岛经济开发区,辽宁省,葫芦岛,省政府,经济开发区,2003.01,1241.77,装备制造、石化,120.972209,40.786143,120.966966,40.784605,辽宁省葫芦岛市龙港区葫芦岛经济开发区,住宅区,ok,0.119,,12.6347,19318.4596,0.0547,139.0,25.0,114.0,89.0,11632.0,8711.1961,888542.0,14435.0,13161.6373,1342487.0,18448.0,20659.2941,2107248.0,24273.0,26882.6078,2742026.0,46360.0,38644.049,3941693.0,2000,2010,1342487.0,2107248.0,764761.0
325,S217042,辽宁葫芦岛八家子经济开发区,辽宁省,葫芦岛八家子,省政府,经济开发区,2006.08,73.63,有色金属制品加工、炸药及火工产品,120.702908,41.145022,120.697587,41.143149,辽宁省葫芦岛市南票区八家子,村庄,ok,42.799,,13.3879,20162.1817,0.3649,1137.0,141.0,996.0,855.0,10082.0,10124.3269,1052930.0,23481.0,12333.3462,1282668.0,26886.0,14938.5481,1553609.0,30806.0,17555.0962,1825730.0,44203.0,24855.125,2584933.0,2000,2010,1282668.0,1553609.0,270941.0
327,S227001,长春宽城经济开发区,吉林省,长春宽城,省政府,经济开发区,2001.09,3536.17,汽车、装备制造、农产品加工,125.455848,43.979845,125.449262,43.977448,吉林省长春市宽城区经济开发区,未知,ok,476.176,18.233,16.1987,178638.8492,0.0777,1082.0,0.0,1082.0,1082.0,2112.0,19056.5941,1924716.0,9795.0,32400.2277,3272423.0,102058.0,69907.1782,7060625.0,155940.0,100598.4653,10160445.0,178245.0,143143.0198,14457445.0,2000,2010,3272423.0,7060625.0,3788202.0
328,S227002,长春朝阳经济开发区,吉林省,长春朝阳,省政府,经济开发区,2002.11,310.11,汽车、建材、农产品加工,125.208434,43.79792,125.202031,43.795516,吉林省长春市朝阳区经济开发区,未知,ok,451.56,18.9533,28.3778,344591.3033,0.1119,734.0,5.0,729.0,724.0,1816.0,41360.0101,4094641.0,134743.0,75574.1919,7481845.0,363381.0,163184.3131,16155247.0,460364.0,218085.8788,21590502.0,460376.0,250066.0303,24756537.0,2000,2010,7481845.0,16155247.0,8673402.0
329,S227005,长春绿园经济开发区,吉林省,长春绿园,省政府,经济开发区,2003.06,730.93,轨道交通设备,125.173151,43.946442,125.166652,43.944062,吉林省长春市绿园区经济开发区,未知,ok,466.956,10.2672,9.4851,96510.4824,0.1368,290.0,0.0,290.0,290.0,6.0,19214.4412,1959873.0,11565.0,42299.7941,4314579.0,175202.0,77292.6275,7883848.0,276645.0,98234.4314,10019912.0,293610.0,108040.6176,11020143.0,2000,2010,4314579.0,7883848.0,3569269.0
330,S227006,长春双阳经济开发区,吉林省,长春双阳,省政府,经济开发区,2003.06,105.81,装备制造、生物医药、新材料,125.577161,43.605944,125.571068,43.603655,吉林省长春市双阳区经济开发区,未知,ok,440.482,4.363,3.4948,35185.4643,0.0359,74.0,2.0,72.0,70.0,1869.0,7953.94,795394.0,9651.0,16603.4,1660340.0,38940.0,33105.41,3310541.0,52337.0,42104.87,4210487.0,60161.0,47565.52,4756552.0,2000,2010,1660340.0,3310541.0,1650201.0
331,S227007,长春九台经济开发区,吉林省,长春九台,省政府,经济开发区,2003.07,501.58,装备制造、生物医药,125.509353,44.008851,125.502978,44.00662,吉林省长春市九台区九台经济开发区,住宅区,ok,480.476,,12.4434,114044.1735,0.0994,868.0,0.0,868.0,868.0,530.0,16148.0693,1630955.0,606.0,28858.0594,2914664.0,793.0,60538.9505,6114434.0,57586.0,84923.8416,8577308.0,357341.0,119991.8515,12119177.0,2000,2010,2914664.0,6114434.0,3199770.0
332,S227008,长春榆树经济开发区,吉林省,长春榆树,省政府,经济开发区,2003.07,528.49,农副食品、生物医药、生物化工,126.533126,44.840263,126.527231,44.838314,吉林省长春市榆树市,区县,ok,595.384,50.9783,36.7609,260120.321,0.1766,31.0,5.0,26.0,21.0,18328.0,55014.6117,5666505.0,30664.0,69888.8738,7198554.0,87872.0,85989.8641,8856956.0,121563.0,95074.9806,9792723.0,144872.0,103126.5825,10622038.0,2000,2010,7198554.0,8856956.0,1658402.0
333,S227009,吉林德惠经济开发区,吉林省,德惠,省政府,经济开发区,1992.08,394.22,农副产品加工、食品,125.708419,44.474158,125.702045,44.472151,吉林省长春市德惠市经济开发区,未知,ok,534.588,13.0848,6.7631,81163.3696,0.5854,190.0,0.0,190.0,190.0,8815.0,12405.48,1240548.0,27962.0,28613.3,2861330.0,35369.0,43331.78,4333178.0,38542.0,51116.07,5111607.0,39749.0,54761.85,5476185.0,1990,2000,1240548.0,2861330.0,1620782.0
334,S227012,吉林龙潭经济开发区,吉林省,龙潭,省政府,经济开发区,1998.12,904.56,化工、汽车及零部件,126.541889,43.914349,126.536164,43.912122,吉林省吉林市龙潭区经济开发区,未知,ok,501.228,26.6537,33.9508,352035.5081,0.4593,1441.0,0.0,1441.0,1441.0,142115.0,140161.1714,14716923.0,187918.0,164970.981,17321953.0,200599.0,188112.2476,19751786.0,206499.0,200935.8381,21098263.0,210665.0,213019.9143,22367091.0,1990,2000,14716923.0,17321953.0,2605030.0
336,S227013,吉林船营经济开发区,吉林省,船营,省政府,经济开发区,2002.11,426.07,装备制造、木器加工、食品,126.5005,43.866143,126.49462,43.863775,吉林省吉林市船营区船营经济开发区,住宅区,ok,494.941,27.3522,31.4696,309283.672,1.9126,2283.0,10.0,2273.0,2263.0,66915.0,118504.125,12324429.0,184030.0,145014.9808,15081558.0,283678.0,170341.9712,17715565.0,327982.0,183487.3173,19082681.0,349704.0,192245.5481,19993537.0,2000,2010,15081558.0,17715565.0,2634007.0
337,S227014,吉林丰满经济开发区,吉林省,丰满,省政府,经济开发区,2003.06,398.86,专用设备、食品、医药,126.569543,43.772116,126.563909,43.769861,吉林省吉林市丰满区丰满经济开发区,住宅区,ok,488.034,19.5621,21.4557,201898.1861,2.4115,1703.0,217.0,1486.0,1269.0,2268.0,47111.0097,4852434.0,21548.0,71479.2816,7362366.0,66838.0,97973.4175,10091262.0,91203.0,112582.7379,11596022.0,118949.0,125284.9806,12904353.0,2000,2010,7362366.0,10091262.0,2728896.0
338,S227018,吉林永吉经济开发区,吉林省,永吉,省政府,经济开发区,1998.04,239.8,汽车零部件、装备制造、新材料,126.526197,43.701962,126.520447,43.699585,吉林省吉林市永吉县永吉经济开发区,住宅区,ok,479.485,13.8538,9.9853,59332.5288,7.2869,4225.0,0.0,4225.0,4225.0,10525.0,19110.1429,2006565.0,26085.0,26421.1619,2774222.0,162468.0,38572.5429,4050117.0,242786.0,45684.181,4796839.0,310173.0,51701.5714,5428665.0,1990,2000,2006565.0,2774222.0,767657.0
340,S227015,吉林桦甸经济开发区,吉林省,桦甸,省政府,经济开发区,2002.11,309.47,医药、食品、新材料、新能源,126.731609,42.978281,126.725848,42.975841,吉林省吉林市桦甸市吉林桦甸经济开发区,住宅区,ok,418.392,27.0644,9.0858,95192.264,4.2818,2963.0,147.0,2816.0,2669.0,147979.0,43262.6796,4456056.0,211922.0,50935.233,5246329.0,297175.0,66401.2427,6839328.0,337146.0,74799.8544,7704385.0,345806.0,79008.1942,8137844.0,2000,2010,5246329.0,6839328.0,1592999.0
341,S227037,舒兰经济开发区,吉林省,舒兰,省政府,经济开发区,2005.09,1620.55,农副食品、专用设备、非金属矿物制品,126.826768,44.311218,126.820894,44.309184,吉林省吉林市舒兰市经济开发区,未知,ok,550.872,27.6223,16.3296,81354.1703,2.3706,2049.0,17.0,2032.0,2015.0,1200.0,17718.3039,1807267.0,2563.0,20510.2941,2092050.0,83726.0,26065.5098,2658682.0,141153.0,29277.7451,2986330.0,168706.0,31731.1863,3236581.0,2000,2010,2092050.0,2658682.0,566632.0
342,S227017,吉林磐石经济开发区,吉林省,磐石,省政府,经济开发区,2002.11,554.07,医药、有色金属加工、机械,126.044622,42.945555,126.038492,42.943015,吉林省吉林市磐石市磐石经济开发区,住宅区,ok,386.833,34.2831,18.6481,143590.4666,1.4444,487.0,38.0,449.0,411.0,53003.0,35130.7524,3688729.0,77021.0,40418.2,4243911.0,199265.0,51962.3333,5456045.0,268017.0,59048.7429,6200118.0,303573.0,63462.381,6663550.0,2000,2010,4243911.0,5456045.0,1212134.0
343,S227020,吉林四平经济开发区,吉林省,四平,省政府,经济开发区,1998.12,174.0,通用设备、汽车及零部件、医药,124.424388,43.156654,124.418137,43.154039,吉林省四平市铁东区四平经济开发区,住宅区,ok,364.812,36.6711,28.0264,282926.9465,0.0419,111.0,0.0,111.0,111.0,39693.0,98868.53,9886853.0,66997.0,118406.0,11840600.0,145179.0,139143.45,13914345.0,202303.0,152312.24,15231224.0,232084.0,165604.53,16560453.0,1990,2000,9886853.0,11840600.0,1953747.0
344,S227038,吉林梨树经济开发区,吉林省,梨树,省政府,经济开发区,2012.01,664.19,食品、农畜产品加工、物流,124.42251,43.29342,124.416235,43.290779,吉林省四平市梨树县经济开发区,未知,ok,330.839,13.6676,5.4613,39217.3081,0.0567,5.0,2.0,3.0,1.0,5558.0,10353.5962,1076774.0,11725.0,16131.1538,1677640.0,52553.0,24339.5192,2531310.0,87801.0,29669.2212,3085599.0,110708.0,35622.6058,3704751.0,2010,2015,2531310.0,3085599.0,554289.0
345,S227039,伊通满族自治县经济开发区,吉林省,伊通满族自治县,省政府,经济开发区,2005.09,733.66,石油开采、汽车零部件、建材,125.305393,43.345754,125.299008,43.343209,吉林省四平市伊通满族自治县,区县,ok,405.122,33.2201,9.8757,119446.3325,0.0649,190.0,20.0,170.0,150.0,354915.0,33821.0577,3517390.0,362919.0,41358.7212,4301307.0,366255.0,51035.8942,5307733.0,368422.0,56396.6923,5865256.0,371898.0,60620.4904,6304531.0,2000,2010,4301307.0,5307733.0,1006426.0
346,S227021,吉林公主岭经济开发区,吉林省,公主岭,省政府,经济开发区,2002.11,549.45,汽车零部件、非金属矿制品,125.072715,43.720482,125.066181,43.717904,吉林省长春市公主岭市经济开发区,未知,ok,440.662,31.3066,11.3413,110940.8648,0.0981,197.0,0.0,197.0,197.0,270366.0,34092.7905,3579743.0,299219.0,44531.3429,4675791.0,360499.0,68558.4667,7198639.0,385470.0,82594.7333,8672447.0,388034.0,90639.5714,9517155.0,2000,2010,4675791.0,7198639.0,2522848.0
347,S227040,吉林双辽经济开发区,吉林省,双辽,省政府,经济开发区,2005.10,893.6,玻璃建材、能源,123.541272,43.520354,123.535232,43.518036,吉林省四平市双辽市经济开发区,未知,ok,312.106,13.2172,9.9983,72687.3981,0.017,30.0,6.0,24.0,18.0,47017.0,40032.9126,4123390.0,78657.0,54989.0194,5663869.0,91810.0,70022.0,7212266.0,99510.0,77851.9806,8018754.0,102153.0,80795.5049,8321937.0,2000,2010,5663869.0,7212266.0,1548397.0
348,S227022,吉林辽源经济开发区,吉林省,辽源,省政府,经济开发区,2001.12,534.59,装备制造、医药、纺织,125.109343,42.898332,125.102906,42.895772,吉林省辽源市经济开发区,未知,ok,352.928,36.7982,31.2691,304561.4184,0.3797,1644.0,0.0,1644.0,1644.0,89369.0,76537.1792,8112941.0,110814.0,90393.0189,9581660.0,202674.0,110616.2264,11725320.0,248458.0,121008.0094,12826849.0,278031.0,125173.0377,13268342.0,2000,2010,9581660.0,11725320.0,2143660.0
350,S227042,东丰经济开发区,吉林省,东丰,省政府,经济开发区,2011.10,477.61,黑色金属冶炼压延、食品、纺织,125.54506,42.686229,125.539024,42.684031,吉林省辽源市东丰县东丰经济开发区,住宅区,ok,343.602,17.7073,11.7554,108702.1476,0.3622,1774.0,155.0,1619.0,1464.0,53355.0,31278.19,3127819.0,59346.0,36372.86,3637286.0,88245.0,45711.56,4571156.0,104933.0,51252.69,5125269.0,108603.0,54861.97,5486197.0,2010,2015,4571156.0,5125269.0,554113.0
351,S227043,东辽经济开发区,吉林省,东辽,省政府,经济开发区,2005.11,529.32,通用设备、专用设备、农副食品,125.038852,42.91098,125.032541,42.908491,吉林省辽源市东辽县经济开发区,未知,ok,352.717,28.5185,33.3774,144190.3127,0.3635,2403.0,115.0,2288.0,2173.0,10077.0,20819.0,2165176.0,16296.0,29117.9808,3028270.0,94115.0,46457.8269,4831614.0,145056.0,55975.4423,5821446.0,149736.0,60070.3846,6247320.0,2000,2010,3028270.0,4831614.0,1803344.0
352,S227044,吉林二道江经济开发区,吉林省,二道江,省政府,经济开发区,2012.06,456.48,黑色金属冶炼压延加工、医药、金属制品,126.042546,41.773989,126.036592,41.771546,吉林省通化市二道江区,区县,ok,276.909,54.5829,32.4349,134248.2012,13.314,3264.0,1129.0,2135.0,1006.0,357769.0,51706.7404,5377501.0,373198.0,57819.9231,6013272.0,376789.0,66666.8558,6933353.0,378961.0,71529.5,7439068.0,382619.0,75126.4231,7813148.0,2010,2015,6933353.0,7439068.0,505715.0
353,S227045,通化聚鑫经济开发区,吉林省,通化聚鑫,省政府,经济开发区,2005.11,303.41,医药、有色金属矿采选、食品,125.784654,41.677573,125.778729,41.675287,吉林省通化市通化县通化聚鑫经济开发区,住宅区,ok,255.3,35.4413,17.8985,94271.3418,18.4647,5696.0,633.0,5063.0,4430.0,6647.0,12141.4952,1274857.0,13660.0,15273.581,1603726.0,86903.0,23350.7619,2451830.0,136704.0,28517.8286,2994372.0,174428.0,31099.1429,3265410.0,2000,2010,1603726.0,2451830.0,848104.0
354,S227046,吉林辉南经济开发区,吉林省,辉南,省政府,经济开发区,2012.01,520.2,医药、黑色金属冶炼压延加工、食品,126.064227,42.69563,126.058098,42.693133,吉林省通化市辉南县辉南经济开发区,住宅区,ok,363.056,31.5575,22.3777,77918.9843,1.5536,730.0,482.0,248.0,-234.0,40360.0,34040.88,3404088.0,47394.0,41377.36,4137736.0,172932.0,53073.02,5307302.0,236375.0,59314.09,5931409.0,242569.0,62807.17,6280717.0,2010,2015,5307302.0,5931409.0,624107.0
356,S227024,吉林梅河口经济开发区,吉林省,梅河口,省政府,经济开发区,2002.02,247.16,医药、食品、金属制品,125.662055,42.535426,125.656066,42.533245,吉林省通化市梅河口市经济开发区,未知,ok,332.181,27.4174,27.6835,220969.8721,0.1672,899.0,9.0,890.0,881.0,120417.0,49084.4286,5153865.0,153927.0,61976.3524,6507517.0,184653.0,80123.5333,8412971.0,197620.0,91287.8286,9585222.0,200439.0,101771.8095,10686040.0,2000,2010,6507517.0,8412971.0,1905454.0
357,S227025,吉林集安经济开发区,吉林省,集安,省政府,经济开发区,1993.11,214.09,医药、采矿、食品,126.21142,41.138381,126.205782,41.136317,吉林省通化市集安市经济开发区,未知,ok,237.623,40.9384,36.6185,111283.5048,10.9827,1603.0,0.0,1603.0,1603.0,68919.0,27024.13,2702413.0,97406.0,32775.22,3277522.0,165386.0,39098.06,3909806.0,193479.0,42024.88,4202488.0,195026.0,42914.99,4291499.0,1990,2000,2702413.0,3277522.0,575109.0
358,S227026,吉林白山经济开发区,吉林省,白山,省政府,经济开发区,2002.11,608.05,医药、矿产品开发、能源,126.414274,41.944132,126.408407,41.941619,吉林省白山市,市,ok,311.284,76.7983,47.7117,232928.5853,11.156,4137.0,14.0,4123.0,4109.0,79631.0,52819.2264,5598838.0,114124.0,58529.9717,6204177.0,171416.0,66846.4906,7085728.0,205009.0,72533.6132,7688563.0,236055.0,82199.4906,8713146.0,2000,2010,6204177.0,7085728.0,881551.0
359,S227048,江源工业经济开发区,吉林省,江源,省政府,经济开发区,2005.09,245.58,矿产品开发、建材、电力,115.755284,23.915285,115.750524,23.917941,广东省梅州市五华县工业经济开发区,住宅区,ok,96.292,52.932,50.2889,317373.1107,2.6288,5379.0,566.0,4813.0,4247.0,82959.0,46122.28,4612228.0,160593.0,67333.48,6733348.0,230294.0,80069.56,8006956.0,258768.0,86160.18,8616018.0,262628.0,89286.18,8928618.0,2000,2010,6733348.0,8006956.0,1273608.0
361,S227028,吉林靖宇经济开发区,吉林省,靖宇,省政府,经济开发区,2002.05,54.63,食品、医药,126.777085,42.366558,126.771407,42.364264,吉林省白山市靖宇县靖宇经济开发区,住宅区,ok,366.411,7.5467,5.4045,43403.4275,19.2495,2396.0,61.0,2335.0,2274.0,0.0,19129.1485,1932044.0,4713.0,24956.8218,2520639.0,21999.0,34311.6436,3465476.0,31482.0,39419.1584,3981335.0,47389.0,42114.5248,4253567.0,2000,2010,2520639.0,3465476.0,944837.0
362,S227029,吉林长白经济开发区,吉林省,长白,省政府,经济开发区,1992.10,127.14,硅藻土、食品、医药,128.182383,41.414473,128.176454,41.412125,吉林省白山市长白朝鲜族自治县经济开发区,未知,ok,395.304,32.5231,23.731,39749.4964,5.8979,4589.0,0.0,4589.0,4589.0,145293.0,32432.9126,3340590.0,166241.0,34049.9029,3507140.0,197684.0,36889.233,3799591.0,214218.0,39012.7573,4018314.0,233988.0,42770.4175,4405353.0,1990,2000,3340590.0,3507140.0,166550.0
363,S227027,吉林临江经济开发区,吉林省,临江,省政府,经济开发区,1992.11,47.59,林产品加工、医药、新材料,126.918086,41.811979,126.912649,41.809811,吉林省白山市临江市,区县,ok,330.72,65.8531,40.3714,86071.7387,17.9611,3742.0,0.0,3742.0,3742.0,344674.0,20385.7596,2120119.0,347912.0,22270.0192,2316082.0,350075.0,25497.0577,2651694.0,354511.0,27276.9615,2836804.0,372363.0,29133.7404,3029909.0,1990,2000,2120119.0,2316082.0,195963.0
365,S227030,吉林白城经济开发区,吉林省,白城,省政府,经济开发区,1998.02,399.17,汽车零部件、医药、电力,122.833976,45.599881,122.828098,45.59796,吉林省白城市洮北区白城经济开发区,住宅区,ok,517.185,36.5853,12.8628,149439.8241,0.0357,5.0,0.0,5.0,5.0,202110.0,99075.396,10006615.0,284444.0,126247.604,12751008.0,348532.0,151890.3267,15340923.0,381317.0,167659.1881,16933578.0,386774.0,188735.0495,19062240.0,1990,2000,10006615.0,12751008.0,2744393.0
366,S227051,吉林镇赉经济开发区,吉林省,镇赉,省政府,经济开发区,2012.06,1311.66,农副产品加工、能源、医药,123.238555,45.861712,123.232139,45.859738,吉林省白城市镇赉县经济开发区,未知,ok,551.539,7.2295,5.6146,64539.3593,0.0027,4.0,0.0,4.0,4.0,34096.0,52393.1048,5501276.0,48813.0,59386.3143,6235563.0,69894.0,65305.8952,6857119.0,85376.0,68996.0667,7244587.0,111967.0,74699.581,7843456.0,2010,2015,6857119.0,7244587.0,387468.0
367,S227052,吉林通榆经济开发区,吉林省,通榆,省政府,经济开发区,2012.01,1169.04,装备制造、农畜产品加工、食品,123.094361,44.823827,123.087972,44.821693,吉林省白城市通榆县经济开发区,未知,ok,436.529,35.584,10.2349,121487.7122,0.0036,6.0,6.0,0.0,-6.0,185387.0,45205.9505,4565801.0,244807.0,53406.8713,5394094.0,399648.0,63451.2376,6408575.0,466961.0,70272.3366,7097506.0,470034.0,79583.2079,8037904.0,2010,2015,6408575.0,7097506.0,688931.0
368,S227053,洮南经济开发区,吉林省,洮南,省政府,经济开发区,2005.12,619.68,农副产品加工、医药化工、机械,122.83142,45.319396,122.82558,45.317464,吉林省白城市洮南市经济开发区,未知,ok,486.385,9.0931,6.9579,88769.1717,0.0005,2.0,1.0,1.0,0.0,20744.0,69524.581,7300081.0,26196.0,77958.8095,8185675.0,113716.0,86416.2762,9073709.0,168143.0,91173.9238,9573262.0,189614.0,95397.8286,10016772.0,2000,2010,8185675.0,9073709.0,888034.0
369,S227031,吉林大安经济开发区,吉林省,大安,省政府,经济开发区,1993.11,329.5,农副产品加工、专业设备,124.277796,45.534667,124.271377,45.532579,吉林省白城市大安市经济开发区,未知,ok,540.413,,12.2607,62198.677,0.0193,16.0,0.0,16.0,16.0,43271.0,42624.2,4262420.0,51226.0,46586.12,4658612.0,73286.0,52577.74,5257774.0,85639.0,56217.26,5621726.0,87441.0,60328.68,6032868.0,1990,2000,4262420.0,4658612.0,396192.0
370,S227033,吉林图们经济开发区,吉林省,图们,省政府,经济开发区,1995.01,110.0,电子、非金属矿物制品、医药,129.794841,43.024451,129.787838,43.021947,吉林省延边朝鲜族自治州图们市经济开发区,未知,ok,600.489,20.1543,9.9731,39433.6104,15.9219,1314.0,0.0,1314.0,1314.0,1299.0,8153.6095,856129.0,1325.0,9399.0,986895.0,45079.0,12494.0667,1311877.0,78426.0,14802.781,1554292.0,148618.0,19581.1333,2056019.0,1990,2000,856129.0,986895.0,130766.0
371,S227034,吉林敦化经济开发区,吉林省,敦化,省政府,经济开发区,1994.06,311.2,木制品加工、食品、医药,128.314408,43.393448,128.308182,43.39081,吉林省延边朝鲜族自治州敦化市经济开发区,未知,ok,535.191,,8.2588,47925.9928,1.4867,2086.0,0.0,2086.0,2086.0,8393.0,18322.2095,1923832.0,9698.0,24806.5143,2604684.0,19744.0,34096.8476,3580169.0,31135.0,39360.3524,4132837.0,58789.0,43160.5714,4531860.0,1990,2000,1923832.0,2604684.0,680852.0
374,S227056,吉林安图经济开发区,吉林省,安图,省政府,经济开发区,2012.01,200.68,食品、矿产品加工、木制品加工,128.971606,43.064334,128.965179,43.061885,吉林省延边朝鲜族自治州安图县经济开发区,未知,ok,549.478,,6.7575,15481.363,11.9656,2739.0,518.0,2221.0,1703.0,1497.0,4804.3679,509263.0,1617.0,5395.0472,571875.0,2019.0,6561.0566,695472.0,13340.0,7379.3868,782215.0,74699.0,8996.5,953629.0,2010,2015,695472.0,782215.0,86743.0
376,S237003,黑龙江阿城经济开发区,黑龙江省,阿城,省政府,经济开发区,2002.09,961.24,建材、食品、医药,126.934114,45.557777,126.928094,45.555794,黑龙江省哈尔滨市阿城区经济开发区,未知,ok,681.117,18.6747,36.7664,192913.5318,0.2201,368.0,5.0,363.0,358.0,88519.0,54839.8558,5703345.0,116471.0,66989.5,6966908.0,161558.0,85395.2404,8881105.0,198433.0,95051.4712,9885353.0,226790.0,99965.2019,10396381.0,2000,2010,6966908.0,8881105.0,1914197.0
377,S237002,黑龙江双城经济开发区,黑龙江省,双城,省政府,经济开发区,1992.08,379.58,食品、机械,126.356416,45.383887,126.350055,45.381608,黑龙江省哈尔滨市双城区经济开发区,未知,ok,647.527,40.2933,47.2103,194222.9721,0.209,76.0,0.0,76.0,76.0,213.0,57273.6731,5956462.0,25505.0,70358.8269,7317318.0,143564.0,88474.9712,9201397.0,206076.0,98795.5769,10274740.0,217760.0,105945.3942,11018321.0,1990,2000,5956462.0,7317318.0,1360856.0
378,S237005,黑龙江依兰经济开发区,黑龙江省,依兰,省政府,经济开发区,2001.12,265.54,建材、食品、医药、装备制造,129.567777,46.325536,129.560399,46.323673,黑龙江省哈尔滨市依兰县,区县,ok,852.561,56.8387,28.4314,117251.2348,8.2285,4280.0,338.0,3942.0,3604.0,237795.0,29758.4,3124632.0,255851.0,34008.4762,3570890.0,261924.0,39279.0667,4124302.0,266271.0,43370.2095,4553872.0,281535.0,52315.8857,5493168.0,2000,2010,3570890.0,4124302.0,553412.0
379,S237009,黑龙江方正经济开发区,黑龙江省,方正,省政府,经济开发区,2006.03,130.97,食品、木材加工、建材,128.850045,45.821109,128.843358,45.819103,黑龙江省哈尔滨市方正县黑龙江方正经济开发区,住宅区,ok,775.256,32.3543,28.1012,87984.8394,3.7543,697.0,40.0,657.0,617.0,0.0,25052.0784,2555312.0,8626.0,32011.4608,3265169.0,52266.0,41571.6373,4240307.0,81348.0,46885.0882,4782279.0,100104.0,49702.3235,5069637.0,2000,2010,3265169.0,4240307.0,975138.0
380,S237031,黑龙江巴彦经济开发区,黑龙江省,巴彦,省政府,经济开发区,2015.06,366.64,农畜产品加工、木材加工,127.403521,46.086182,127.396681,46.083982,黑龙江省哈尔滨市巴彦县,区县,ok,749.244,90.4457,35.7339,165876.7101,0.0827,107.0,28.0,79.0,51.0,311698.0,33754.6698,3577995.0,340175.0,43536.066,4614823.0,381990.0,53370.9717,5657323.0,400358.0,58690.0189,6221142.0,410436.0,62694.3962,6645606.0,2015,2020,6221142.0,6645606.0,424464.0
382,S237033,黑龙江通河经济开发区,黑龙江省,通河,省政府,经济开发区,2010.12,334.98,农副产品加工、矿物制品、木材加工,128.766987,45.99338,128.760168,45.991303,黑龙江省哈尔滨市通河县黑龙江通河经济开发区,住宅区,ok,788.125,20.9557,20.9897,82111.7184,0.133,138.0,74.0,64.0,-10.0,2442.0,25960.8505,2777811.0,6564.0,31222.3271,3340789.0,106270.0,37766.7944,4041047.0,175881.0,42050.215,4499373.0,224727.0,47624.1495,5095784.0,2010,2015,4041047.0,4499373.0,458326.0
383,S237034,黑龙江延寿经济开发区,黑龙江省,延寿,省政府,经济开发区,2016.06,294.84,食品、纺织、医药,128.303817,45.447559,128.297283,45.44532,黑龙江省哈尔滨市延寿县黑龙江延寿经济开发区,住宅区,ok,717.549,56.2633,30.7034,115199.0665,1.5749,1438.0,66.0,1372.0,1306.0,55701.0,29153.783,3090301.0,97247.0,37730.5377,3999437.0,176399.0,47083.566,4990858.0,223442.0,52140.2547,5526867.0,266554.0,55912.6981,5926746.0,2015,2020,5526867.0,5926746.0,399879.0
384,S237008,黑龙江尚志经济开发区,黑龙江省,尚志,省政府,经济开发区,2006.03,522.31,食品.、木制品加工、医药,127.999824,45.198321,127.993397,45.196165,黑龙江省哈尔滨市尚志市经济开发区,未知,ok,681.595,27.2117,35.4755,159888.1381,1.9929,560.0,130.0,430.0,300.0,0.0,38445.181,4036744.0,6024.0,50467.7905,5299118.0,108335.0,64938.0762,6818498.0,179297.0,73716.2095,7740202.0,253264.0,82730.1333,8686664.0,2000,2010,5299118.0,6818498.0,1519380.0
385,S237035,黑龙江牛家经济开发区,黑龙江省,牛家,省政府,经济开发区,2014.01,613.55,医药、食品、机械、木制品加工,126.750212,45.36256,126.744072,45.360416,黑龙江省哈尔滨市五常市牛家经济开发区,住宅区,ok,655.654,,22.3705,33466.2689,0.0447,265.0,2.0,263.0,261.0,3108.0,12592.6176,1284447.0,4571.0,17647.3431,1800029.0,47350.0,25105.951,2560807.0,77538.0,29046.0784,2962700.0,104179.0,30928.2157,3154678.0,2010,2015,2560807.0,2962700.0,401893.0
387,S237011,黑龙江富拉尔基经济开发区,黑龙江省,富拉尔基,省政府,经济开发区,2001.05,416.77,装备制造、农副产品加工、建材,123.628926,47.20873,123.62235,47.206739,黑龙江省齐齐哈尔市富拉尔基区,区县,ok,704.223,57.2804,19.2255,136366.8001,0.0695,96.0,0.0,96.0,96.0,326223.0,84175.4135,8754243.0,365113.0,92635.2596,9634067.0,378236.0,100424.2981,10444127.0,385406.0,105438.0962,10965562.0,394999.0,113836.7692,11839024.0,2000,2010,9634067.0,10444127.0,810060.0
388,S237037,黑龙江龙江经济开发区,黑龙江省,龙江,省政府,经济开发区,2012.02,200.0,农产品加工、乳制品加工,123.204953,47.338512,123.198263,47.336284,黑龙江省齐齐哈尔市龙江县,区县,ok,712.485,29.2167,18.9184,103237.9755,0.0773,26.0,23.0,3.0,-20.0,358422.0,55478.3495,5714270.0,365089.0,60196.5534,6200245.0,401172.0,68703.5631,7076467.0,426427.0,73567.0,7577401.0,439233.0,77628.9126,7995778.0,2010,2015,7076467.0,7577401.0,500934.0
389,S237038,黑龙江依安经济开发区,黑龙江省,依安,省政府,经济开发区,2016.06,381.84,陶瓷、食品、生物,125.322719,47.816027,125.315516,47.813682,黑龙江省齐齐哈尔市依安县经济开发区,未知,ok,805.624,23.2608,18.3174,56948.8602,0.0911,373.0,114.0,259.0,145.0,6.0,1905.8058,196298.0,18.0,3529.8835,363578.0,61.0,7446.5146,766991.0,21074.0,11452.7767,1179636.0,133151.0,21277.0194,2191533.0,2015,2020,1179636.0,2191533.0,1011897.0
392,S237041,黑龙江富裕经济开发区,黑龙江省,富裕,省政府,经济开发区,2015.06,213.38,乳制品加工、农产品加工、酿酒,124.474411,47.774038,124.46753,47.771717,黑龙江省齐齐哈尔市富裕县,区县,ok,780.79,18.9552,8.7943,111002.2854,0.0268,48.0,15.0,33.0,18.0,71462.0,39065.2621,4023722.0,82865.0,46026.1942,4740698.0,93450.0,55972.9612,5765215.0,99225.0,61978.5825,6383794.0,109799.0,68463.4951,7051740.0,2015,2020,6383794.0,7051740.0,667946.0
396,S237045,黑龙江讷河经济开发区,黑龙江省,讷河,省政府,经济开发区,2016.06,115.46,畜产品加工、农产品加工,124.88293,48.466829,124.876169,48.464954,黑龙江省齐齐哈尔市讷河市,区县,ok,863.365,77.9121,39.887,177537.0872,0.1866,587.0,135.0,452.0,317.0,1883.0,35837.1553,3691227.0,11212.0,40430.2233,4164313.0,73881.0,45275.6311,4663390.0,125982.0,49191.0874,5066682.0,240002.0,57976.1262,5971541.0,2015,2020,5066682.0,5971541.0,904859.0
397,S237046,黑龙江鸡西经济开发区,黑龙江省,鸡西,省政府,经济开发区,2013.12,142.24,煤化工、石墨加工、医药,130.969385,45.295087,130.961929,45.292922,黑龙江省鸡西市,市,ok,834.243,116.5395,40.9167,344232.4438,0.5199,738.0,541.0,197.0,-344.0,251580.0,99139.4902,10112228.0,262512.0,115888.8333,11820661.0,299353.0,130687.5882,13330134.0,314476.0,139621.3137,14241374.0,316413.0,150462.4902,15347174.0,2010,2015,13330134.0,14241374.0,911240.0
399,S237048,黑龙江虎林经济开发区,黑龙江省,虎林,省政府,经济开发区,2014.02,304.89,生物制药、食品、木材加工,132.937002,45.763262,132.930003,45.761148,黑龙江省鸡西市虎林市,区县,ok,983.755,15.0042,9.1548,57757.5075,2.9774,450.0,328.0,122.0,-206.0,134197.0,34619.211,3773494.0,179759.0,43857.1009,4780424.0,225536.0,53061.6972,5783725.0,244653.0,57962.8716,6317953.0,248695.0,61357.7706,6687997.0,2010,2015,5783725.0,6317953.0,534228.0
400,S237021,黑龙江密山经济开发区,黑龙江省,密山,省政府,经济开发区,1992.06,48.46,食品、建材,131.846824,45.529482,131.839431,45.527327,黑龙江省鸡西市密山市,区县,ok,902.188,30.0771,18.6532,98470.0543,1.7053,188.0,0.0,188.0,188.0,79260.0,53995.028,5777468.0,147276.0,64917.3178,6946153.0,166168.0,72500.486,7757552.0,177538.0,76952.2804,8233894.0,197064.0,82896.7009,8869947.0,1990,2000,5777468.0,6946153.0,1168685.0
401,S237022,黑龙江北大荒经济开发区,黑龙江省,北大荒,省政府,经济开发区,1992.08,446.17,农副食品,126.661998,45.742253,126.655979,45.740264,黑龙江省,省,ok,692.937,130.8386,104.8258,1360009.497,0.225,210.0,0.0,210.0,210.0,361288.0,345363.6381,36263182.0,374353.0,363030.4476,38118197.0,375199.0,367399.8286,38576982.0,377408.0,370724.7619,38926100.0,386735.0,378578.5429,39750747.0,1990,2000,36263182.0,38118197.0,1855015.0
402,S237049,黑龙江鹤岗经济开发区,黑龙江省,鹤岗,省政府,经济开发区,2014.02,521.3,煤化工、食品、石墨加工,130.297687,47.350659,130.289833,47.348215,黑龙江省鹤岗市,市,ok,978.185,50.7845,27.3294,300405.0527,3.0791,1810.0,1180.0,630.0,-550.0,316964.0,111779.2376,11289703.0,320442.0,118121.8812,11930310.0,323210.0,125830.7822,12708909.0,325256.0,130257.5347,13156011.0,329939.0,135647.9604,13700444.0,2010,2015,12708909.0,13156011.0,447102.0
403,S237015,黑龙江宝泉岭经济开发区,黑龙江省,宝泉岭,省政府,经济开发区,1993.07,260.03,仓储物流、农畜产品加工、医药,128.499183,46.81135,128.49241,46.80925,黑龙江省伊春市铁力市宝泉岭,住宅区,ok,857.774,,1.4534,33.4287,61.6294,269.0,0.0,269.0,269.0,0.0,38.1887,4048.0,0.0,41.9151,4443.0,0.0,64.0094,6785.0,0.0,79.3208,8408.0,0.0,150.7075,15975.0,1990,2000,4048.0,4443.0,395.0
404,S237050,黑龙江绥滨经济开发区,黑龙江省,绥滨,省政府,经济开发区,2011.10,92.82,农副产品加工,131.852863,47.289522,131.845139,47.287232,黑龙江省鹤岗市绥滨县,区县,ok,1043.288,40.3452,13.1839,52116.096,0.0783,38.0,10.0,28.0,18.0,387347.0,27033.5315,3000722.0,391927.0,28866.8919,3204225.0,393175.0,31759.027,3525252.0,394464.0,33742.6937,3745439.0,398422.0,37561.1171,4169284.0,2010,2015,3525252.0,3745439.0,220187.0
406,S237052,黑龙江宝清经济开发区,黑龙江省,宝清,省政府,经济开发区,2013.12,716.85,农副产品加工、电力、煤化工,132.196907,46.327335,132.189382,46.325185,黑龙江省双鸭山市宝清县,区县,ok,982.689,70.9722,25.3632,117685.131,0.2252,192.0,44.0,148.0,104.0,403071.0,52392.2571,5501187.0,403220.0,60411.0571,6343161.0,403220.0,70122.9714,7362912.0,404300.0,77796.2286,8168604.0,409694.0,93566.5619,9824489.0,2010,2015,7362912.0,8168604.0,805692.0
407,S237053,黑龙江肇州经济开发区,黑龙江省,肇州,省政府,经济开发区,2013.12,381.17,食品、生物科技,125.243322,45.882209,125.236609,45.880188,黑龙江省大庆市肇州县经济开发区,未知,ok,607.195,,9.8412,9280.291,0.0019,0.0,0.0,0.0,0.0,660.0,9442.3301,972560.0,660.0,11190.7864,1152651.0,857.0,13921.3592,1433900.0,13634.0,16031.932,1651289.0,75642.0,20411.5534,2102390.0,2010,2015,1433900.0,1651289.0,217389.0
411,S237057,黑龙江西林经济开发区,黑龙江省,西林,省政府,经济开发区,2016.06,610.78,钢铁、建材、化工,129.310477,47.472328,129.302705,47.469864,黑龙江省伊春市金林区西林镇,乡镇,ok,951.355,18.3143,9.6793,46673.8121,29.7736,1750.0,679.0,1071.0,392.0,37576.0,16853.7843,1719086.0,48105.0,19418.4804,1980685.0,71075.0,23794.451,2427034.0,81433.0,25892.6078,2641046.0,90023.0,27148.8725,2769185.0,2015,2020,2641046.0,2769185.0,128139.0
412,S237058,黑龙江伊春经济开发区,黑龙江省,伊春,省政府,经济开发区,2016.03,540.0,林产品加工、医药、电力,128.840863,47.728332,128.83381,47.726065,黑龙江省伊春市,市,ok,960.664,25.4872,11.0062,84923.5697,24.3491,2233.0,1809.0,424.0,-1385.0,9138.0,32594.6321,3455031.0,19855.0,38644.3774,4096304.0,93393.0,47702.5755,5056473.0,131948.0,53293.6981,5649132.0,156849.0,58057.0189,6154044.0,2015,2020,5649132.0,6154044.0,504912.0
414,S237060,黑龙江铁力经济开发区,黑龙江省,铁力,省政府,经济开发区,2016.05,637.0,矿产品加工、新材料、新能源、食品,128.032554,46.986604,128.025682,46.984338,黑龙江省伊春市铁力市,区县,ok,860.251,40.9935,11.3751,124284.823,2.1125,403.0,254.0,149.0,-105.0,283672.0,56108.1748,5779142.0,295387.0,63041.6019,6493285.0,335733.0,72590.6117,7476833.0,357239.0,77750.2621,8008277.0,373708.0,79958.5922,8235735.0,2015,2020,8008277.0,8235735.0,227458.0
416,S237016,黑龙江佳木斯经济开发区,黑龙江省,佳木斯,省政府,经济开发区,1992.01,169.28,农副食品、金属制品、纺织,130.318916,46.800002,130.311123,46.797781,黑龙江省佳木斯市,市,ok,928.7,71.506,49.8976,434707.5828,0.0994,299.0,0.0,299.0,299.0,240698.0,119292.7255,12167858.0,324091.0,138859.5686,14163676.0,363314.0,147289.8235,15023562.0,380199.0,152437.5588,15548631.0,386182.0,160537.0,16374774.0,1990,2000,12167858.0,14163676.0,1995818.0
417,S237062,黑龙江桦南经济开发区,黑龙江省,桦南,省政府,经济开发区,2014.03,254.34,食品、建材、能源装备,130.568903,46.267949,130.561543,46.266052,黑龙江省佳木斯市桦南县经济开发区,未知,ok,893.337,44.2762,48.2376,208193.5949,0.1462,332.0,67.0,265.0,198.0,10539.0,45030.0388,4638094.0,13608.0,51275.6408,5281391.0,56036.0,59814.6019,6160904.0,83945.0,65042.6019,6699388.0,96714.0,71204.9709,7334112.0,2010,2015,6160904.0,6699388.0,538484.0
420,S237017,黑龙江同江经济开发区,黑龙江省,同江,省政府,经济开发区,1992.09,415.33,农产品加工、食品、进口资源加工,132.510113,47.642475,132.5026,47.640002,黑龙江省佳木斯市同江市,区县,ok,1105.349,25.9519,14.9508,62210.1341,0.322,155.0,0.0,155.0,155.0,98985.0,27563.88,2756388.0,181910.0,32065.81,3206581.0,268428.0,39430.11,3943011.0,311201.0,43551.1,4355110.0,314924.0,46010.18,4601018.0,1990,2000,2756388.0,3206581.0,450193.0
421,S237018,黑龙江建三江经济开发区,黑龙江省,建三江,省政府,经济开发区,2001.09,670.04,食品,132.631266,47.255892,132.624043,47.253616,黑龙江省佳木斯市富锦市建3江,住宅区,ok,1079.694,47.5403,14.2607,86348.4342,0.364,168.0,6.0,162.0,156.0,165133.0,22559.932,2323673.0,184729.0,30279.6019,3118799.0,209169.0,42738.2718,4402042.0,223691.0,50261.0777,5176891.0,228079.0,53629.8058,5523870.0,2000,2010,3118799.0,4402042.0,1283243.0
423,S237020,黑龙江七台河经济开发区,黑龙江省,七台河,省政府,经济开发区,2006.05,97.97,农副产品加工、建材、电气机械器材,131.003015,45.771178,130.995311,45.768954,黑龙江省七台河市,市,ok,873.836,95.9429,40.9865,258911.6572,5.5147,1411.0,260.0,1151.0,891.0,353290.0,63486.8113,6729602.0,381530.0,81856.8019,8676821.0,385466.0,96408.0377,10219252.0,387157.0,104834.6698,11112475.0,387739.0,112769.5,11953567.0,2000,2010,8676821.0,10219252.0,1542431.0
425,S237067,黑龙江阳明经济开发区,黑龙江省,阳明,省政府,经济开发区,2013.02,113.71,生物科技、食品、新材料,129.635836,44.595851,129.628745,44.593887,黑龙江省牡丹江市阳明区,区县,ok,705.118,73.8446,49.2834,500374.7299,2.8426,1312.0,893.0,419.0,-474.0,342629.0,179964.91,17996491.0,366955.0,197522.84,19752284.0,368230.0,213943.27,21394327.0,371577.0,224755.58,22475558.0,385746.0,242473.89,24247389.0,2010,2015,21394327.0,22475558.0,1081231.0
427,S237026,黑龙江林口经济开发区,黑龙江省,林口,省政府,经济开发区,2006.03,100.0,化工、电子、新材料,130.232752,45.268424,130.225353,45.266189,黑龙江省牡丹江市林口县黑龙江林口经济开发区,住宅区,ok,791.96,43.5099,25.0079,108009.1337,0.2732,99.0,26.0,73.0,47.0,181552.0,37373.38,3737338.0,207547.0,40338.19,4033819.0,233399.0,45901.65,4590165.0,245637.0,48899.26,4889926.0,249874.0,50891.14,5089114.0,2000,2010,4033819.0,4590165.0,556346.0
429,S237025,黑龙江穆棱经济开发区,黑龙江省,穆棱,省政府,经济开发区,2006.08,734.09,木材加工、食品,130.489574,44.672935,130.48225,44.670765,黑龙江省牡丹江市穆棱市经济开发区,未知,ok,759.119,6.8912,8.7051,44500.5954,1.2553,413.0,79.0,334.0,255.0,74.0,17598.066,1865395.0,74.0,21355.4528,2263678.0,1149.0,27685.0189,2934612.0,7623.0,31356.0283,3323739.0,41197.0,35349.5849,3747056.0,2000,2010,2263678.0,2934612.0,670934.0
430,S237027,黑龙江东宁经济开发区,黑龙江省,东宁,省政府,经济开发区,2002.06,210.01,食品、机电、轻纺,131.124839,44.090361,131.117176,44.087834,黑龙江省牡丹江市东宁市,区县,ok,756.686,9.551,12.1247,73815.267,9.2373,262.0,35.0,227.0,192.0,65493.0,44295.0396,4473799.0,88264.0,55261.8515,5581447.0,140060.0,60617.7228,6122390.0,173599.0,63711.901,6434902.0,187602.0,67163.9109,6783555.0,2000,2010,5581447.0,6122390.0,540943.0
431,S237013,黑龙江九三经济开发区,黑龙江省,九三,省政府,经济开发区,2001.09,527.68,食品,125.2927,48.876563,125.285371,48.874454,黑龙江省黑河市嫩江市九三,住宅区,ok,915.917,35.0176,15.4707,73021.547,0.1134,508.0,9.0,499.0,490.0,264457.0,16114.9216,1643722.0,269096.0,18257.0882,1862223.0,275737.0,22668.4412,2312181.0,281675.0,26545.451,2707636.0,297501.0,35009.5,3570969.0,2000,2010,1862223.0,2312181.0,449958.0
432,S237012,黑龙江逊克经济开发区,黑龙江省,逊克,省政府,经济开发区,1992.05,158.1,矿产品加工、木材加工、电力,128.485276,49.562261,128.477909,49.56006,黑龙江省黑河市逊克县经济开发区,未知,ok,1138.946,9.2284,10.5509,37487.4088,2.0626,183.0,0.0,183.0,183.0,38760.0,15256.6168,1632458.0,54186.0,18446.5794,1973784.0,79075.0,21654.6262,2317045.0,99096.0,23825.972,2549379.0,141030.0,27774.2897,2971849.0,1990,2000,1632458.0,1973784.0,341326.0
434,S237071,黑龙江北安经济开发区,黑龙江省,北安,省政府,经济开发区,2015.03,422.99,食品、装备制造、木制品加工,126.490989,48.241168,126.484337,48.238988,黑龙江省黑河市北安市,区县,ok,883.951,64.0591,31.3663,178756.4272,0.8131,162.0,36.0,126.0,90.0,138765.0,43217.4706,4408182.0,156979.0,48193.7647,4915764.0,239440.0,58550.0098,5972101.0,286049.0,65359.5,6666669.0,339304.0,74347.8725,7583483.0,2015,2020,6666669.0,7583483.0,916814.0
436,S237073,黑龙江望奎经济开发区,黑龙江省,望奎,省政府,经济开发区,2014.05,400.0,农副食品、医药、电力,126.407083,46.814808,126.400438,46.812585,黑龙江省绥化市望奎县经济开发区,未知,ok,741.505,26.5305,23.5868,93262.1189,0.3598,180.0,16.0,164.0,148.0,13875.0,21163.8224,2264529.0,34687.0,28968.4112,3099620.0,55070.0,37807.1028,4045360.0,75066.0,42499.7664,4547475.0,127143.0,45102.3084,4825947.0,2010,2015,4045360.0,4547475.0,502115.0
438,S237075,黑龙江青冈经济开发区,黑龙江省,青冈,省政府,经济开发区,2014.05,193.55,机械、食品、农畜产品加工,126.068409,46.74841,126.061613,46.746245,黑龙江省绥化市青冈县青冈经济开发区,住宅区,ok,722.133,16.5252,12.0141,57787.6254,0.0574,27.0,3.0,24.0,21.0,242.0,7896.1604,836993.0,242.0,10442.8113,1106938.0,31548.0,16489.1981,1747855.0,51502.0,20125.5566,2133309.0,62193.0,24178.5849,2562930.0,2010,2015,1747855.0,2133309.0,385454.0
439,S237076,庆安经济开发区,黑龙江省,庆安,省政府,经济开发区,2011.08,256.67,食品、医药、木材加工,127.462244,46.853685,127.455361,46.851491,黑龙江省绥化市庆安县经济开发区,未知,ok,830.095,,57.4104,138473.8521,1.2671,210.0,51.0,159.0,108.0,200.0,32496.5098,3314644.0,13842.0,41475.902,4230542.0,37444.0,50101.3824,5110341.0,50826.0,54925.8137,5602433.0,64356.0,58500.7157,5967073.0,2010,2015,5110341.0,5602433.0,492092.0
441,S237078,黑龙江绥棱经济开发区,黑龙江省,绥棱,省政府,经济开发区,2016.06,122.17,木材加工、食品、纺织服装,127.114928,47.235814,127.108025,47.233366,黑龙江省绥化市绥棱县,区县,ok,861.32,56.614,53.3942,170434.1446,0.2953,331.0,29.0,302.0,273.0,53449.0,35442.0095,3721411.0,70330.0,42708.4762,4484390.0,92252.0,53433.9905,5610569.0,109151.0,59268.581,6223201.0,115736.0,61660.581,6474361.0,2015,2020,6223201.0,6474361.0,251160.0
442,S237079,黑龙江安达经济开发区,黑龙江省,安达,省政府,经济开发区,2014.01,738.05,化工、食品、非金属矿物制品,125.307629,46.451882,125.300722,46.449921,黑龙江省绥化市安达市,区县,ok,665.966,8.5738,13.7778,110456.2514,0.0181,7.0,0.0,7.0,7.0,635.0,55815.3048,5860607.0,635.0,61911.2762,6500684.0,687.0,68740.2857,7217730.0,6273.0,75106.0762,7886138.0,34633.0,93262.3905,9792551.0,2010,2015,7217730.0,7886138.0,668408.0
443,S237029,黑龙江肇东经济开发区,黑龙江省,肇东,省政府,经济开发区,2006.03,752.94,农副产品加工、生物制药、新材料,125.853487,46.042449,125.847098,46.040604,黑龙江省绥化市肇东市经济开发区,未知,ok,646.058,,11.2289,37852.4656,0.0207,34.0,0.0,34.0,34.0,546.0,6337.271,678088.0,546.0,11103.1402,1188036.0,653.0,19769.4206,2115328.0,19102.0,26979.6636,2886824.0,117083.0,40500.1869,4333520.0,2000,2010,1188036.0,2115328.0,927292.0
444,S237080,黑龙江海伦经济开发区,黑龙江省,海伦,省政府,经济开发区,2015.06,234.29,食品、纺织服装、机械,126.930191,47.450661,126.923863,47.448499,黑龙江省绥化市海伦市,区县,ok,878.667,44.3426,58.3822,244271.0056,0.0725,199.0,57.0,142.0,85.0,9927.0,44705.8396,4738819.0,20990.0,53931.2736,5716715.0,130920.0,69174.2358,7332469.0,191526.0,76774.4623,8138093.0,214919.0,78974.7453,8371323.0,2015,2020,8138093.0,8371323.0,233230.0
448,S237084,黑龙江加格达奇经济开发区,黑龙江省,加格达奇,省政府,经济开发区,2016.06,214.01,食品、林下资源加工、建材,124.139742,50.408822,124.13217,50.407156,黑龙江省大兴安岭地区加格达奇区,区县,ok,1060.651,19.6926,19.0154,104489.8305,,,,,,193582.0,43919.5294,4479792.0,225347.0,50970.7353,5199015.0,243378.0,59523.2157,6071368.0,251963.0,63822.9314,6509939.0,253961.0,66137.3824,6746013.0,2015,2020,6509939.0,6746013.0,236074.0
477,S317018,上海松江经济开发区,上海市,松江,省政府,经济开发区,2008.08,324.84,电子信息、机械、建材,121.327048,31.021941,121.322525,31.023982,上海市松江区经济开发区,未知,ok,29.66,50.1312,61.9764,434516.4452,0.2162,485.0,0.0,485.0,485.0,12223.0,29773.3431,3036881.0,22117.0,84786.5882,8648232.0,124544.0,153655.2843,15672839.0,173825.0,193375.9412,19724346.0,192174.0,206757.0784,21089222.0,2000,2010,8648232.0,15672839.0,7024607.0
482,S317021,上海奉贤经济开发区,上海市,奉贤,省政府,经济开发区,2006.08,1822.82,输配电设备、电子电器、机械,121.477268,30.967519,121.472779,30.969615,上海市奉贤区上海奉贤经济开发区,住宅区,ok,18.331,28.7318,37.8178,317896.3612,0.2415,222.0,13.0,209.0,196.0,6528.0,20776.8218,2098459.0,14633.0,50591.3762,5109729.0,110401.0,105129.8911,10618119.0,185024.0,137948.3366,13932782.0,203462.0,152474.8614,15399961.0,2000,2010,5109729.0,10618119.0,5508390.0
490,S327111,江苏南京生态科技岛经济开发区,江苏省,南京生态科技岛,省政府,经济开发区,2012.09,639.13,信息服务、环保,118.683194,32.00556,118.678061,32.007659,江苏省南京市建邺区生态科技岛,住宅区,ok,90.07,35.2601,78.4587,400767.265,0.1389,72.0,3.0,69.0,66.0,499.0,20714.098,2112838.0,2978.0,47349.7549,4829675.0,9002.0,68749.0392,7012402.0,11768.0,81081.3235,8270295.0,12680.0,91576.2255,9340775.0,2010,2015,7012402.0,8270295.0,1257893.0
491,S327002,南京浦口经济开发区,江苏省,南京浦口,省政府,经济开发区,1993.12,818.21,集成电路、新能源汽车、新材料,118.544412,31.957863,118.539332,31.960003,江苏省南京市浦口区浦口经济开发区,住宅区,ok,104.081,26.7444,16.4937,46743.2667,0.4654,1847.0,0.0,1847.0,1847.0,1670.0,10633.0099,1073934.0,2421.0,12826.5941,1295486.0,86576.0,27842.2178,2812064.0,133275.0,38339.9109,3872331.0,173251.0,53289.604,5382250.0,1990,2000,1073934.0,1295486.0,221552.0
492,S327007,南京雨花经济开发区,江苏省,南京雨花,省政府,经济开发区,2006.04,464.45,软件、信息服务,118.66035,31.938842,118.655273,31.940969,江苏省南京市雨花台区雨花经济开发区,住宅区,ok,94.154,50.4194,50.6172,315648.6518,0.7845,416.0,67.0,349.0,282.0,13831.0,33858.9612,3487473.0,96161.0,49182.7087,5065819.0,173547.0,81833.0485,8428804.0,209496.0,101354.8252,10439547.0,241394.0,113448.6019,11685206.0,2000,2010,5065819.0,8428804.0,3362985.0
493,S327008,南京江宁滨江经济开发区,江苏省,南京江宁滨江,省政府,经济开发区,2006.04,552.93,装备制造、轨道交通、智能电网,118.83951,31.953195,118.834422,31.955322,江苏省南京市江宁区,区县,ok,77.623,49.0425,40.0551,413568.9664,0.0758,36.0,0.0,36.0,36.0,141887.0,53107.62,5310762.0,297998.0,123488.67,12348867.0,302035.0,189864.37,18986437.0,304884.0,228739.31,22873931.0,311063.0,245357.5,24535750.0,2000,2010,12348867.0,18986437.0,6637570.0
495,S327005,南京六合经济开发区,江苏省,南京六合,省政府,经济开发区,1993.11,822.45,节能环保、装备制造,118.809232,32.320585,118.804047,32.322717,江苏省南京市六合区经济开发区,未知,ok,76.229,38.193,33.531,290244.4663,0.2236,23.0,0.0,23.0,23.0,17765.0,40530.6139,4093592.0,40547.0,58853.7822,5944232.0,168608.0,103677.0198,10471379.0,251079.0,127926.9505,12920622.0,255816.0,135375.1089,13672886.0,1990,2000,4093592.0,5944232.0,1850640.0
496,S327010,江苏溧水经济开发区,江苏省,溧水,省政府,经济开发区,1993.11,1045.83,机械电子、汽车、食品、医药,119.01503,31.682989,119.009758,31.684908,江苏省南京市溧水区经济开发区,未知,ok,80.014,27.0089,21.0288,207049.6978,1.491,2397.0,0.0,2397.0,2397.0,10287.0,18580.5294,1895214.0,25801.0,33908.8627,3458704.0,126968.0,63585.9902,6485771.0,187448.0,82814.4216,8447071.0,248549.0,97943.5392,9990241.0,1990,2000,1895214.0,3458704.0,1563490.0
498,S327003,江苏高淳经济开发区,江苏省,高淳,省政府,经济开发区,1995.10,365.66,装备制造、新材料、医疗健康,118.926099,31.348131,118.921122,31.350313,江苏省南京市高淳区经济开发区,未知,ok,114.112,55.2495,46.0614,191523.392,0.7271,329.0,0.0,329.0,329.0,6183.0,34212.9423,3558146.0,20648.0,46336.0769,4818952.0,139468.0,79747.7115,8293762.0,216764.0,103708.7596,10785711.0,233185.0,118011.4904,12273195.0,1990,2000,3558146.0,4818952.0,1260806.0
500,S327013,江苏无锡惠山经济开发区,江苏省,无锡惠山,省政府,经济开发区,2002.02,424.86,汽车、通用设备、专用设备,120.336132,31.684299,120.331469,31.686134,江苏省无锡市惠山区江苏无锡惠山经济开发区,住宅区,ok,26.562,36.6485,26.4515,193968.8468,0.3698,449.0,0.0,449.0,449.0,27784.0,37618.798,3724261.0,57833.0,64313.4949,6367036.0,237232.0,115994.5758,11483463.0,347691.0,147783.2626,14630543.0,381409.0,160004.6768,15840463.0,2000,2010,6367036.0,11483463.0,5116427.0
501,S327011,江苏无锡蠡园经济开发区,江苏省,无锡蠡园,省政府,经济开发区,1993.12,246.32,通用设备、电子、电气器械,120.247967,31.543695,120.243383,31.545642,江苏省无锡市滨湖区蠡园经济开发区,住宅区,ok,40.202,102.5473,71.2076,442769.139,4.6915,431.0,0.0,431.0,431.0,150349.0,104149.6238,10519112.0,267917.0,131868.3168,13318700.0,301161.0,146163.9109,14762555.0,314802.0,154365.198,15590885.0,316513.0,158864.1386,16045278.0,1990,2000,10519112.0,13318700.0,2799588.0
502,S327012,江苏无锡经济开发区,江苏省,无锡,省政府,经济开发区,2006.05,265.93,机械设备、专用设备、汽车零部件及配件,120.322328,31.481894,120.317705,31.483765,江苏省无锡市滨湖区江苏无锡经济开发区,住宅区,ok,47.865,26.1985,38.0216,351661.341,0.1734,237.0,0.0,237.0,237.0,24694.0,32999.6893,3398968.0,44524.0,69337.7476,7141788.0,90126.0,128264.1456,13211207.0,129905.0,164059.7767,16898157.0,204195.0,176065.0485,18134700.0,2000,2010,7141788.0,13211207.0,6069419.0
503,S327015,江苏无锡空港经济开发区,江苏省,无锡空港,省政府,经济开发区,2015.07,419.87,临空制造、集成电路、航空物流,120.407741,31.493784,120.40305,31.495551,江苏省无锡市新吴区无锡空港经济开发区,住宅区,ok,48.678,28.2469,31.0491,284254.369,0.1443,1306.0,50.0,1256.0,1206.0,11317.0,16734.6408,1723668.0,30560.0,42575.7282,4385300.0,148295.0,124017.5922,12773812.0,227627.0,174060.7961,17928262.0,252770.0,195588.5922,20145625.0,2015,2020,17928262.0,20145625.0,2217363.0
504,S327017,江苏江阴临港经济开发区,江苏省,江阴临港,省政府,经济开发区,2006.08,251.95,机械、冶金、化工,120.143786,31.88702,120.13892,31.888852,江苏省无锡市江阴市临港经济开发区,未知,ok,2.404,45.5154,21.6413,125606.2777,0.1983,299.0,5.0,294.0,289.0,57670.0,27357.4808,2845178.0,165963.0,54146.1058,5631195.0,267393.0,102764.3558,10687493.0,312979.0,131846.1538,13712000.0,323883.0,141932.2596,14760955.0,2000,2010,5631195.0,10687493.0,5056298.0
507,S327114,江苏徐州泉山经济开发区,江苏省,徐州泉山,省政府,经济开发区,2012.03,584.99,道路运输、专用设备,117.08559,34.316039,117.079729,34.317127,江苏省徐州市泉山区江苏徐州泉山经济开发区,住宅区,ok,199.05,19.5038,15.796,143395.7417,0.302,303.0,5.0,298.0,293.0,18360.0,58145.88,5814588.0,21632.0,74384.18,7438418.0,54642.0,92794.05,9279405.0,79802.0,104982.79,10498279.0,116503.0,122020.78,12202078.0,2010,2015,9279405.0,10498279.0,1218874.0
508,S327115,江苏铜山经济开发区,江苏省,铜山,省政府,经济开发区,2016.06,341.24,冶金、工程机械配件、建材,117.343634,34.56123,117.337699,34.562219,江苏省徐州市铜山区江苏铜山经济开发区,住宅区,ok,170.751,17.2175,7.558,61061.3861,0.3589,273.0,2.0,271.0,269.0,233071.0,42828.0385,4454116.0,234884.0,47703.9423,4961210.0,236697.0,53065.0673,5518767.0,240156.0,57314.6731,5960726.0,256637.0,64512.7981,6709331.0,2015,2020,5960726.0,6709331.0,748605.0
509,S327027,江苏丰县经济开发区,江苏省,丰县,省政府,经济开发区,1995.10,420.76,盐煤化工、食品加工、机械装备,116.668938,34.698025,116.663594,34.69913,江苏省徐州市江苏丰县经济开发区,住宅区,ok,231.333,15.9006,14.5488,126865.3309,0.2883,940.0,0.0,940.0,940.0,3410.0,23530.4804,2400109.0,7710.0,47690.5588,4864437.0,23203.0,78916.4706,8049480.0,40694.0,98963.049,10094231.0,65274.0,117347.2059,11969415.0,1990,2000,2400109.0,4864437.0,2464328.0
510,S327026,江苏沛县经济开发区,江苏省,沛县,省政府,经济开发区,2006.04,450.0,铝加工、农产品加工、纺织,116.914658,34.753346,116.90929,34.754474,江苏省徐州市江苏沛县经济开发区,住宅区,ok,208.742,22.2958,20.8362,208216.1915,0.5844,669.0,1.0,668.0,667.0,759.0,51239.6505,5277684.0,6175.0,77144.0874,7945841.0,134788.0,106759.6117,10996240.0,207833.0,125956.2913,12973498.0,302864.0,146039.301,15042048.0,2000,2010,7945841.0,10996240.0,3050399.0
511,S327025,江苏睢宁经济开发区,江苏省,睢宁,省政府,经济开发区,2006.04,300.88,白色家电、皮革皮具、纺织,117.908584,33.897262,117.903146,33.898826,江苏省徐州市睢宁县经济开发区,未知,ok,149.468,22.8863,19.4838,199241.1892,0.4405,940.0,8.0,932.0,924.0,16512.0,37926.0588,3868458.0,49239.0,74382.1373,7586978.0,241251.0,114572.4216,11686387.0,328928.0,136367.6569,13909501.0,337413.0,143696.3627,14657029.0,2000,2010,7586978.0,11686387.0,4099409.0
512,S327116,江苏徐州空港经济开发区,江苏省,徐州空港,省政府,经济开发区,2016.06,160.78,物流、装备制造、新材料,117.599247,34.068089,117.593704,34.06962,江苏省徐州市睢宁县徐州空港经济开发区,住宅区,ok,163.654,13.6975,8.9806,57476.1125,0.2613,492.0,21.0,471.0,450.0,13198.0,23002.8137,2346287.0,20499.0,32002.1569,3264220.0,35552.0,36427.549,3715610.0,56660.0,39988.9216,4078870.0,94966.0,47345.8137,4829273.0,2015,2020,4078870.0,4829273.0,750403.0
513,S327023,江苏新沂经济开发区,江苏省,新沂,省政府,经济开发区,2006.04,521.94,新材料、精细化工、冶金金属压延,118.319058,34.352698,118.313451,34.353851,江苏省徐州市新沂市经济开发区,未知,ok,90.231,24.1444,23.2386,203849.1289,0.4364,147.0,6.0,141.0,135.0,7370.0,61176.301,6301159.0,58486.0,91344.0097,9408433.0,199101.0,127313.0874,13113248.0,295754.0,150838.4175,15536357.0,309055.0,166334.466,17132450.0,2000,2010,9408433.0,13113248.0,3704815.0
515,S327022,江苏邳州经济开发区,江苏省,邳州,省政府,经济开发区,2006.05,660.55,化工、木制品、装备制造,117.978895,34.36091,117.973297,34.362204,江苏省徐州市邳州市经济开发区,未知,ok,118.657,23.7095,29.4995,265908.191,1.3743,1940.0,56.0,1884.0,1828.0,42216.0,33753.9143,3544161.0,105280.0,72645.781,7627807.0,176010.0,111021.7429,11657283.0,206281.0,135115.381,14187115.0,213909.0,153387.019,16105637.0,2000,2010,7627807.0,11657283.0,4029476.0
517,S327029,江苏常州天宁经济开发区,江苏省,常州天宁,省政府,经济开发区,2006.08,1029.0,纺织服装、机械、新材料,120.036364,31.80493,120.03146,31.80679,江苏省常州市天宁区江苏常州天宁经济开发区,兴趣点,ok,14.391,,28.1857,210209.1387,0.3071,515.0,0.0,515.0,515.0,20673.0,48532.9192,4804759.0,33761.0,90078.4545,8917767.0,49315.0,142486.8081,14106194.0,56841.0,172796.8182,17106885.0,67527.0,181954.8788,18013533.0,2000,2010,8917767.0,14106194.0,5188427.0
518,S327028,江苏常州钟楼经济开发区,江苏省,常州钟楼,省政府,经济开发区,2006.08,800.18,精密机械、新材料、电子信息,119.875928,31.784308,119.871205,31.786441,江苏省常州市钟楼区钟楼经济开发区,住宅区,ok,22.429,17.8095,36.1162,334291.2719,0.1066,374.0,0.0,374.0,374.0,22330.0,76580.7879,7581498.0,62764.0,120285.202,11908235.0,118442.0,179084.1515,17729331.0,156364.0,209694.6465,20759770.0,164723.0,220046.8889,21784642.0,2000,2010,11908235.0,17729331.0,5821096.0
519,S327031,江苏常州滨江经济开发区,江苏省,常州滨江,省政府,经济开发区,2006.04,300.02,新材料、装备制造、汽车及零部件,119.967569,31.930753,119.962823,31.932835,江苏省常州市新北区常州滨江经济开发区,住宅区,ok,4.117,14.3977,21.5358,148467.8054,0.1318,1842.0,0.0,1842.0,1842.0,16735.0,23107.3429,2426271.0,22267.0,53289.2857,5595375.0,60799.0,107444.0381,11281624.0,86886.0,137795.9143,14468571.0,93217.0,150520.3905,15804641.0,2000,2010,5595375.0,11281624.0,5686249.0
520,S327030,江苏常州经济开发区,江苏省,常州,省政府,经济开发区,1993.12,500.03,装备制造、新材料、新能源,120.048321,31.757088,120.0434,31.758913,江苏省常州市武进区江苏常州经济开发区,住宅区,ok,18.944,42.3344,40.3148,371823.4418,0.1906,196.0,0.0,196.0,196.0,36917.0,73197.1553,7539307.0,130312.0,129675.2718,13356553.0,202064.0,191629.0,19737787.0,234200.0,224129.6893,23085358.0,240880.0,232683.0097,23966350.0,1990,2000,7539307.0,13356553.0,5817246.0
521,S327033,江苏武进经济开发区,江苏省,武进,省政府,经济开发区,1997.07,288.18,机械装备、电气机械器材、冶炼,119.858343,31.705913,119.853585,31.708014,江苏省常州市武进区江苏武进经济开发区,住宅区,ok,30.513,19.9425,21.3906,143659.5744,0.1923,98.0,0.0,98.0,98.0,6984.0,22696.6117,2337751.0,11400.0,42416.3107,4368880.0,64195.0,85820.2427,8839485.0,116708.0,111881.2233,11523766.0,134021.0,124974.9806,12872423.0,1990,2000,2337751.0,4368880.0,2031129.0
522,S327034,江苏金坛经济开发区,江苏省,金坛,省政府,经济开发区,1993.11,430.27,装备制造、化工新材料、光伏,119.604858,31.737965,119.599954,31.740109,江苏省常州市金坛区经济开发区,未知,ok,45.031,35.3872,29.3793,298111.5491,0.1617,412.0,0.0,412.0,412.0,36546.0,30403.51,3040351.0,138931.0,60696.21,6069621.0,267278.0,105414.79,10541479.0,331827.0,135410.53,13541053.0,337375.0,154729.93,15472993.0,1990,2000,3040351.0,6069621.0,3029270.0
523,S327035,江苏溧阳经济开发区,江苏省,溧阳,省政府,经济开发区,1993.11,231.26,金属制品、机械加工、新材料,119.485695,31.451524,119.480493,31.453454,江苏省常州市溧阳市经济开发区,未知,ok,74.143,47.6774,33.9596,297282.775,0.3526,346.0,0.0,346.0,346.0,36311.0,44964.2041,4406492.0,81520.0,73082.2551,7162061.0,186099.0,113462.898,11119364.0,247583.0,138589.449,13581766.0,259956.0,152418.7347,14937036.0,1990,2000,4406492.0,7162061.0,2755569.0
528,S327042,江苏昆山花桥经济开发区,江苏省,昆山花桥,省政府,经济开发区,2006.08,209.58,服务外包、总部经济、物流,121.095788,31.303514,121.091165,31.305323,江苏省苏州市昆山市花桥经济开发区,未知,ok,31.052,57.9788,22.0552,199313.1132,0.2018,323.0,0.0,323.0,323.0,109719.0,13254.73,1325473.0,196205.0,32627.89,3262789.0,258119.0,90562.1,9056210.0,297352.0,128019.53,12801953.0,302874.0,146009.75,14600975.0,2000,2010,3262789.0,9056210.0,5793421.0
530,S327047,江苏南通崇川经济开发区,江苏省,南通崇川,省政府,经济开发区,1997.05,342.63,通用专用设备、电子、化纤,120.883263,31.973255,120.879042,31.975417,江苏省南通市崇川区南通崇川经济开发区(崇川路),住宅区,ok,1.352,69.5234,40.9799,337346.1791,0.1948,48.0,0.0,48.0,48.0,83790.0,86492.0297,8735695.0,189237.0,116345.6238,11750908.0,261575.0,155111.6139,15666273.0,290689.0,175849.7822,17760828.0,291571.0,182838.1287,18466651.0,1990,2000,8735695.0,11750908.0,3015213.0
531,S327048,江苏南通港闸经济开发区,江苏省,南通港闸,省政府,经济开发区,1993.12,1098.22,电力、交通运输设备,120.822295,32.046922,120.817962,32.049008,江苏省南通市崇川区港闸经济开发区,住宅区,ok,3.004,25.6751,31.571,323539.4254,0.1578,60.0,0.0,60.0,60.0,61031.0,106262.8462,11051336.0,100698.0,136423.5673,14188051.0,228347.0,185565.2692,19298788.0,289937.0,212114.0288,22059859.0,305138.0,226843.2692,23591700.0,1990,2000,11051336.0,14188051.0,3136715.0
533,S327124,江苏南通通州湾经济开发区,江苏省,南通通州湾,省政府,经济开发区,2016.06,759.28,新材料、装备制造、机械,121.37294,32.139306,121.368229,32.141151,江苏省南通市通州区通州湾,住宅区,ok,4.213,4.9392,4.9201,29239.9735,0.1053,121.0,0.0,121.0,121.0,19777.0,10836.0792,1094444.0,41637.0,23202.8416,2343487.0,71953.0,38741.8317,3912925.0,85351.0,48096.4554,4857742.0,89224.0,57984.4752,5856432.0,2015,2020,4857742.0,5856432.0,998690.0
535,S327054,江苏如东经济开发区,江苏省,如东,省政府,经济开发区,1993.11,476.51,装备制造、安全防护用品、农副食品,121.173499,32.346939,121.168881,32.348884,江苏省南通市如东县经济开发区,未知,ok,14.442,12.9601,8.8797,97996.0698,0.135,268.0,0.0,268.0,268.0,5846.0,30832.4158,3114074.0,9118.0,51479.6139,5199441.0,159784.0,95252.7129,9620524.0,244298.0,122184.8515,12340670.0,271748.0,135818.3168,13717650.0,1990,2000,3114074.0,5199441.0,2085367.0
536,S327126,江苏如东洋口港经济开发区,江苏省,如东洋口港,省政府,经济开发区,2016.05,910.01,能源、石化,121.288796,32.401923,121.284232,32.403928,江苏省南通市如东县洋口港经济开发区,住宅区,ok,3.919,16.3386,5.3836,32140.3498,0.084,293.0,0.0,293.0,293.0,10593.0,19943.3627,2034223.0,16410.0,28665.8922,2923921.0,76686.0,47799.1373,4875512.0,115756.0,59955.6275,6115474.0,169629.0,77681.6176,7923525.0,2015,2020,6115474.0,7923525.0,1808051.0
537,S327051,江苏启东经济开发区,江苏省,启东,省政府,经济开发区,1993.11,800.32,新能源、海工装备、生物医药,121.624919,31.829449,121.620656,31.831562,江苏省南通市启东市经济开发区,未知,ok,8.607,15.5375,15.195,165017.9423,0.0845,115.0,0.0,115.0,115.0,29383.0,47837.9604,4831634.0,49097.0,81483.8515,8229869.0,171727.0,122480.3564,12370516.0,256452.0,144735.9406,14618330.0,279018.0,154175.7723,15571753.0,1990,2000,4831634.0,8229869.0,3398235.0
538,S327127,江苏启东吕四港经济开发区,江苏省,启东吕四港,省政府,经济开发区,2012.03,573.22,农副产品加工、电力、热力,121.631162,32.073686,121.626871,32.075844,江苏省南通市启东市江苏启东吕四港经济开发区,住宅区,ok,0.168,,13.566,68047.0274,0.0215,6.0,0.0,6.0,6.0,87185.0,35494.7624,3584971.0,123813.0,59356.5743,5995014.0,151159.0,77176.3168,7794808.0,169617.0,85760.9406,8661855.0,175605.0,89541.9703,9043739.0,2010,2015,7794808.0,8661855.0,867047.0
541,S327057,江苏连云经济开发区,江苏省,连云,省政府,经济开发区,2006.04,100.25,金属冶炼加工、化工,119.47014,34.644693,119.464567,34.64561,江苏省连云港市连云区江苏连云经济开发区,兴趣点,ok,2.392,6.7355,9.8432,33122.3001,0.0439,16.0,4.0,12.0,8.0,0.0,5699.396,575639.0,0.0,8861.3168,894993.0,0.0,16877.0693,1704584.0,227.0,23308.9505,2354204.0,4849.0,29992.8218,3029275.0,2000,2010,894993.0,1704584.0,809591.0
542,S327058,江苏海州经济开发区,江苏省,海州,省政府,经济开发区,2006.04,198.03,医药、装备制造、新材料,119.242864,34.531722,119.237357,34.532822,江苏省连云港市海州区江苏海州经济开发区,住宅区,ok,20.109,18.7644,9.0003,95205.1783,0.0749,7.0,4.0,3.0,-1.0,18064.0,30649.6019,3156909.0,33411.0,43759.9029,4507270.0,41149.0,58058.4369,5980019.0,44624.0,66465.9806,6845996.0,46753.0,73873.835,7609005.0,2000,2010,4507270.0,5980019.0,1472749.0
543,S327059,赣榆经济开发区,江苏省,赣榆,省政府,经济开发区,1993.12,200.19,新能源、新材料、生物医药,119.12256,34.813026,119.116816,34.813699,江苏省连云港市赣榆区经济开发区,未知,ok,6.932,15.2466,18.6997,172953.7168,0.1168,374.0,0.0,374.0,374.0,22392.0,61466.84,6146684.0,42461.0,84220.03,8422003.0,170484.0,111330.03,11133003.0,248143.0,127995.06,12799506.0,280442.0,141270.36,14127036.0,1990,2000,6146684.0,8422003.0,2275319.0
544,S327061,江苏东海经济开发区,江苏省,东海,省政府,经济开发区,1995.10,238.52,硅材料、机械、农副产品深加工,118.831119,34.544155,118.825765,34.545354,江苏省连云港市东海县江苏东海经济开发区,住宅区,ok,38.689,10.126,14.0719,81616.7745,0.155,336.0,0.0,336.0,336.0,274.0,36148.5922,3723305.0,274.0,49748.2621,5124071.0,17065.0,66672.5728,6867275.0,30751.0,77901.4854,8023853.0,48836.0,86195.6602,8878153.0,1990,2000,3723305.0,5124071.0,1400766.0
546,S327060,江苏灌云经济开发区,江苏省,灌云,省政府,经济开发区,2006.04,192.3,装备制造、纺织鞋帽、食品加工,119.251231,34.275723,119.245752,34.276973,江苏省连云港市灌云县经济开发区,未知,ok,48.404,25.7834,15.9384,164611.7479,0.107,122.0,8.0,114.0,106.0,91408.0,49244.9519,5121475.0,167417.0,70570.8558,7339369.0,295317.0,102497.2115,10659710.0,359469.0,121704.5865,12657277.0,376318.0,133218.0385,13854676.0,2000,2010,7339369.0,10659710.0,3320341.0
549,S327065,江苏淮安经济开发区,江苏省,淮安,省政府,经济开发区,2006.04,244.61,机械、电子、纺织,119.072037,33.591146,119.066427,33.592423,江苏省淮安市经济开发区,未知,ok,117.406,49.9365,38.7745,413413.3368,0.0586,138.0,1.0,137.0,136.0,139731.0,112211.9515,11557831.0,319491.0,156589.6117,16128730.0,339177.0,204988.0291,21113767.0,347153.0,230612.3592,23753073.0,349431.0,242513.4272,24978883.0,2000,2010,16128730.0,21113767.0,4985037.0
551,S327131,江苏淮安清河经济开发区,江苏省,淮安清河,省政府,经济开发区,2016.05,201.93,软件、光伏、光电、食品,118.953348,33.856478,118.948081,33.857976,江苏省淮安市淮阴区清河村,村庄,ok,97.597,,7.2808,18850.0486,0.3486,169.0,6.0,163.0,157.0,1337.0,6048.94,604894.0,9983.0,11008.36,1100836.0,11163.0,15783.0,1578300.0,11971.0,18961.37,1896137.0,14241.0,23303.31,2330331.0,2015,2020,1896137.0,2330331.0,434194.0
552,S327069,江苏洪泽经济开发区,江苏省,洪泽,省政府,经济开发区,2006.04,250.01,机械电子、纺织、新能源、新材料,118.876506,33.303104,118.871355,33.304873,江苏省淮安市洪泽区江苏洪泽经济开发区,住宅区,ok,126.205,27.6641,18.0411,147594.6341,0.9278,361.0,11.0,350.0,339.0,33708.0,24761.2427,2550408.0,104276.0,36974.4369,3808367.0,259248.0,69143.4563,7121776.0,340801.0,87090.0,8970270.0,341477.0,95084.1262,9793665.0,2000,2010,3808367.0,7121776.0,3313409.0
553,S327070,江苏涟水经济开发区,江苏省,涟水,省政府,经济开发区,2006.04,250.0,纺织服装、医药医疗、机械装备,119.228504,33.797004,119.223062,33.798376,江苏省淮安市涟水县江苏涟水经济开发区,兴趣点,ok,90.491,39.0958,16.5539,153967.627,0.3473,232.0,1.0,231.0,230.0,7534.0,38656.76,3865676.0,29850.0,57212.89,5721289.0,124900.0,89729.44,8972944.0,179564.0,109088.6,10908860.0,209017.0,122434.25,12243425.0,2000,2010,5721289.0,8972944.0,3251655.0
554,S327068,江苏盱眙经济开发区,江苏省,盱眙,省政府,经济开发区,2006.04,250.0,新能源、新材料、装备制造,118.567478,32.986865,118.562356,32.988849,江苏省淮安市盱眙县经济开发区,未知,ok,121.067,12.5265,12.2178,91059.0516,0.1464,171.0,5.0,166.0,161.0,9133.0,14326.6078,1461314.0,18743.0,28065.0588,2862636.0,186158.0,78949.4804,8052847.0,271800.0,108790.0882,11096589.0,286156.0,120989.7255,12340952.0,2000,2010,2862636.0,8052847.0,5190211.0
555,S327067,江苏金湖经济开发区,江苏省,金湖,省政府,经济开发区,2006.04,250.44,装备制造、自动控制系统、新能源,118.977974,33.033481,118.972709,33.035327,江苏省淮安市金湖县江苏金湖经济开发区,住宅区,ok,96.454,14.4066,18.4538,103027.3046,0.8825,477.0,239.0,238.0,-1.0,2645.0,18672.699,1923288.0,3845.0,28484.1068,2933863.0,43368.0,52322.932,5389262.0,72125.0,67462.466,6948634.0,88148.0,75543.5534,7780986.0,2000,2010,2933863.0,5389262.0,2455399.0
558,S327075,江苏大丰经济开发区,江苏省,大丰,省政府,经济开发区,1997.07,343.86,新能源设备、汽车零配件、通用设备,120.444347,33.192328,120.439568,33.193827,江苏省盐城市大丰区经济开发区,未知,ok,25.73,22.3949,10.5823,106130.3815,0.2832,117.0,0.0,117.0,117.0,137188.0,39805.9901,4020405.0,263771.0,66141.0099,6680242.0,341379.0,121931.8911,12315121.0,376907.0,156951.7822,15852130.0,379233.0,171231.1287,17294344.0,1990,2000,4020405.0,6680242.0,2659837.0
559,S327134,江苏大丰港经济开发区,江苏省,大丰港,省政府,经济开发区,2012.11,760.0,新能源、新材料、海洋生物,120.757662,33.20617,120.753132,33.207801,江苏省盐城市大丰区港经济开发区,住宅区,ok,0.903,,6.1827,9521.3744,0.5474,97.0,68.0,29.0,-39.0,0.0,867.9223,89396.0,0.0,1791.9029,184566.0,0.0,9468.1942,975224.0,8224.0,15984.4272,1646396.0,51290.0,20794.3689,2141820.0,2010,2015,975224.0,1646396.0,671172.0
560,S327079,江苏响水经济开发区,江苏省,响水,省政府,经济开发区,1997.07,268.99,纺织服装、机械电子、建材,119.597411,34.213423,119.592272,34.214876,江苏省盐城市响水县经济开发区,未知,ok,35.653,13.2736,12.0975,109627.6068,0.087,4.0,0.0,4.0,4.0,94243.0,50006.6893,5150689.0,117950.0,61701.5049,6355255.0,222084.0,83244.4175,8574175.0,275846.0,95429.3398,9829222.0,278019.0,103136.8155,10623092.0,1990,2000,5150689.0,6355255.0,1204566.0
561,S327078,江苏滨海经济开发区,江苏省,滨海,省政府,经济开发区,2006.04,174.75,纺织、机械、化工,119.872431,34.030328,119.867495,34.031811,江苏省盐城市滨海县江苏滨海经济开发区,住宅区,ok,43.005,15.7458,11.1938,110672.9065,0.0853,91.0,0.0,91.0,91.0,36127.0,46541.7379,4793799.0,50950.0,57718.3204,5944987.0,100671.0,81773.4078,8422661.0,135952.0,95507.9515,9837319.0,147043.0,102830.4563,10591537.0,2000,2010,5944987.0,8422661.0,2477674.0
562,S327077,江苏阜宁经济开发区,江苏省,阜宁,省政府,经济开发区,2002.04,186.4,风电装备、光电光伏、机械加工,119.826126,33.767423,119.821083,33.768891,江苏省盐城市阜宁县江苏省阜宁经济开发区,住宅区,ok,54.712,20.6149,20.8749,225344.5601,0.1386,30.0,0.0,30.0,30.0,65042.0,38671.64,3867164.0,182035.0,57572.32,5757232.0,233062.0,98335.75,9833575.0,258100.0,121633.85,12163385.0,261752.0,133811.14,13381114.0,2000,2010,5757232.0,9833575.0,4076343.0
563,S327076,江苏射阳经济开发区,江苏省,射阳,省政府,经济开发区,1993.12,391.74,航空装备、大数据、智能制造,120.280683,33.767125,120.275903,33.768478,江苏省盐城市射阳县经济开发区,未知,ok,15.937,41.3785,14.2932,143832.2132,0.1092,38.0,0.0,38.0,38.0,42167.0,43208.1176,4407228.0,209487.0,65912.0882,6723033.0,317690.0,100808.2353,10282440.0,379416.0,120924.9314,12334343.0,405653.0,128892.1569,13147000.0,1990,2000,4407228.0,6723033.0,2315805.0
564,S327080,江苏建湖经济开发区,江苏省,建湖,省政府,经济开发区,2006.04,398.08,节能环保、装备制造、电子信息,119.837174,33.472113,119.832194,33.47371,江苏省盐城市建湖县江苏建湖经济开发区,住宅区,ok,63.58,16.3398,19.6093,177385.5668,1.1626,304.0,5.0,299.0,294.0,35499.0,33276.8824,3394242.0,93019.0,57460.5098,5860972.0,276295.0,94593.8725,9648575.0,359733.0,115318.8627,11762524.0,362740.0,124107.5196,12658967.0,2000,2010,5860972.0,9648575.0,3787603.0
566,S327074,江苏东台经济开发区,江苏省,东台,省政府,经济开发区,2006.04,385.96,新材料、机械装备、电子信息,120.354861,32.871145,120.350065,32.872871,江苏省盐城市东台市经济开发区,未知,ok,48.909,10.2777,10.1617,111188.9296,0.1645,77.0,4.0,73.0,69.0,80655.0,47083.3069,4755414.0,125111.0,73376.2079,7410997.0,172333.0,109614.8416,11071099.0,193845.0,130986.9505,13229682.0,194136.0,142537.1584,14396253.0,2000,2010,7410997.0,11071099.0,3660102.0
568,S327137,江苏扬州广陵经济开发区,江苏省,扬州广陵,省政府,经济开发区,2012.06,706.69,汽车零部件、液压机械装备、船舶重工,119.50756,32.374025,119.502358,32.376109,江苏省扬州市广陵区广陵经济开发区,住宅区,ok,10.673,27.8386,23.635,238689.6371,0.1747,189.0,18.0,171.0,153.0,17936.0,71340.4369,7348065.0,31726.0,103363.0971,10646399.0,181693.0,148887.5146,15335414.0,257232.0,173057.2913,17824901.0,269000.0,182448.2718,18792172.0,2010,2015,15335414.0,17824901.0,2489487.0
569,S327081,江苏扬州维扬经济开发区,江苏省,扬州维扬,省政府,经济开发区,2006.04,400.28,汽车、通用设备、电气机械器材,119.407509,32.441004,119.40202,32.442877,江苏省扬州市邗江区江苏扬州维扬经济开发区,村庄,ok,22.124,57.5903,21.5915,210085.1507,0.1922,121.0,2.0,119.0,117.0,56762.0,81402.4851,8221651.0,122677.0,108254.5842,10933713.0,323618.0,160830.7822,16243909.0,413005.0,187735.604,18961296.0,413492.0,198444.4752,20042892.0,2000,2010,10933713.0,16243909.0,5310196.0
570,S327086,江苏江都经济开发区,江苏省,江都,省政府,经济开发区,1993.11,328.21,机械电子、特钢、船舶、汽车及零配件,119.727109,32.355932,119.722025,32.358001,江苏省扬州市江都区经济开发区,未知,ok,3.715,10.5795,10.126,103559.1002,0.2486,61.0,0.0,61.0,61.0,26520.0,31718.5577,3298730.0,36219.0,49210.1731,5117858.0,102448.0,79823.0769,8301600.0,150886.0,97186.1731,10107362.0,162094.0,100934.5096,10497189.0,1990,2000,3298730.0,5117858.0,1819128.0
571,S327088,江苏宝应经济开发区,江苏省,宝应,省政府,经济开发区,1993.11,485.16,智能电网、泵阀管件、汽车配件,119.36233,33.233975,119.356788,33.235455,江苏省扬州市宝应县经济开发区,未知,ok,100.594,21.3333,23.1019,251718.3215,0.3331,215.0,0.0,215.0,215.0,16291.0,41571.396,4198711.0,33282.0,69820.7921,7051900.0,175887.0,111631.8911,11274821.0,253207.0,134626.9901,13597326.0,275581.0,145896.7426,14735571.0,1990,2000,4198711.0,7051900.0,2853189.0
573,S327085,江苏仪征经济开发区,江苏省,仪征,省政府,经济开发区,1993.11,338.55,汽车零部件、船舶,119.267967,32.257178,119.26268,32.259234,江苏省扬州市仪征市经济开发区,未知,ok,33.095,7.1374,8.6187,62657.9398,0.2228,78.0,0.0,78.0,78.0,5608.0,16106.8529,1642899.0,6740.0,24200.4118,2468442.0,28733.0,56537.6078,5766836.0,41488.0,75732.9314,7724759.0,47999.0,83304.1667,8497025.0,1990,2000,1642899.0,2468442.0,825543.0
574,S327087,江苏高邮经济开发区,江苏省,高邮,省政府,经济开发区,1993.11,459.13,纺织服装、电器、机械,119.448498,32.814016,119.443042,32.815797,江苏省扬州市高邮市经济开发区,未知,ok,53.578,26.4016,31.3507,218420.6421,0.2681,105.0,0.0,105.0,105.0,49171.0,46943.94,4694394.0,81071.0,64676.31,6467631.0,241670.0,99630.68,9963068.0,353312.0,120414.56,12041456.0,374191.0,130328.19,13032819.0,1990,2000,4694394.0,6467631.0,1773237.0
576,S327091,江苏丹徒经济开发区,江苏省,丹徒,省政府,经济开发区,1993.12,447.52,装备制造、新材料、能源电力设备,119.307096,32.156937,119.301765,32.15893,江苏省镇江市丹徒区经济开发区,未知,ok,29.005,13.2504,7.2564,62985.1575,5.9911,1478.0,0.0,1478.0,1478.0,48564.0,21198.3529,2162232.0,139610.0,31976.4608,3261599.0,239467.0,54106.5784,5518871.0,288670.0,65915.0686,6723337.0,291736.0,70049.451,7145044.0,1990,2000,2162232.0,3261599.0,1099367.0
577,S327092,江苏丹阳经济开发区,江苏省,丹阳,省政府,经济开发区,1993.11,580.27,森工、五金、眼镜,119.601574,32.003103,119.596645,32.005299,江苏省镇江市丹阳市经济开发区,未知,ok,20.624,80.9739,30.3108,327538.606,0.2589,630.0,0.0,630.0,630.0,94595.0,56427.6078,5755616.0,328332.0,99300.7255,10128674.0,368200.0,149625.0098,15261751.0,384599.0,179921.1176,18351954.0,386838.0,189424.3431,19321283.0,1990,2000,5755616.0,10128674.0,4373058.0
580,S327095,江苏句容经济开发区,江苏省,句容,省政府,经济开发区,1993.12,475.69,光电子、交通运输设备、服装,119.121184,32.006463,119.115722,32.008309,江苏省镇江市句容市经济开发区,未知,ok,50.787,,10.1166,59050.4935,1.0777,1246.0,0.0,1246.0,1246.0,16152.0,18321.5865,1905445.0,20059.0,24124.6635,2508965.0,46429.0,45558.4808,4738082.0,63441.0,60660.9231,6308736.0,99225.0,74661.5,7764796.0,1990,2000,1905445.0,2508965.0,603520.0
582,S327098,江苏泰州港经济开发区,江苏省,泰州港,省政府,经济开发区,2006.04,230.1,农副食品加工、医药、装备制造,119.937935,32.355977,119.933199,32.358189,江苏省泰州市高港区江苏泰州港经济开发区,住宅区,ok,10.85,12.5321,9.4302,84664.4006,0.2623,154.0,0.0,154.0,154.0,9713.0,25654.9709,2642462.0,23703.0,56259.7864,5794758.0,199980.0,91300.5437,9403956.0,294339.0,111397.9029,11473984.0,312659.0,120203.1359,12380923.0,2000,2010,5794758.0,9403956.0,3609198.0
583,S327102,江苏姜堰经济开发区,江苏省,姜堰,省政府,经济开发区,1993.11,447.2,机械、化工、纺织,120.077206,32.49217,120.072191,32.494033,江苏省泰州市姜堰区江苏姜堰经济开发区,住宅区,ok,30.787,7.9181,11.009,110178.3984,0.2846,90.0,0.0,90.0,90.0,7560.0,33895.8485,3355689.0,14164.0,60263.3434,5966071.0,55648.0,110337.9798,10923460.0,100472.0,139138.2222,13774684.0,153289.0,147770.2323,14629253.0,1990,2000,3355689.0,5966071.0,2610382.0
584,S327103,江苏兴化经济开发区,江苏省,兴化,省政府,经济开发区,1993.11,238.13,食品、机械、新材料,119.8197,32.894658,119.81472,32.896598,江苏省泰州市兴化市经济开发区,未知,ok,61.828,,32.2909,189676.8418,0.3202,66.0,0.0,66.0,66.0,32844.0,44525.6827,4630671.0,46206.0,59219.6827,6158847.0,163384.0,93617.625,9736233.0,234454.0,117005.1058,12168531.0,253736.0,127425.7596,13252279.0,1990,2000,4630671.0,6158847.0,1528176.0
586,S327101,江苏泰兴经济开发区,江苏省,泰兴,省政府,经济开发区,1993.11,283.16,精细化工、新材料、医药,119.931229,32.131024,119.926518,32.133224,江苏省泰州市泰兴市经济开发区,未知,ok,1.543,39.9164,14.5874,100142.5268,0.1269,55.0,0.0,55.0,55.0,37579.0,18776.2039,1933949.0,260469.0,45030.4078,4638132.0,334095.0,89443.4272,9212673.0,367011.0,112422.1553,11579482.0,384354.0,121413.233,12505563.0,1990,2000,1933949.0,4638132.0,2704183.0
587,S327140,江苏泰兴黄桥经济开发区,江苏省,泰兴黄桥,省政府,经济开发区,2016.06,181.01,装备制造、新能源、新材料,120.258368,32.230208,120.253731,32.232251,江苏省泰州市泰兴市江苏泰兴黄桥经济开发区,住宅区,ok,25.076,15.7385,9.056,94680.3711,1.4817,133.0,2.0,131.0,129.0,8347.0,35103.25,3650738.0,16671.0,69998.2885,7279822.0,158153.0,109450.4808,11382850.0,255430.0,129349.1923,13452316.0,334861.0,139787.5096,14537901.0,2015,2020,13452316.0,14537901.0,1085585.0
588,S327105,江苏宿城经济开发区,江苏省,宿城,省政府,经济开发区,2006.04,300.03,纺织服装、绿色建材、智能电网,118.291401,33.884268,118.285887,33.885613,江苏省宿迁市宿城区经济开发区,未知,ok,124.463,13.7597,14.8865,142284.7387,0.226,781.0,30.0,751.0,721.0,5750.0,20843.7048,2188589.0,13589.0,43463.5524,4563673.0,127212.0,105782.1619,11107127.0,185211.0,142112.5143,14921814.0,197099.0,164182.5333,17239166.0,2000,2010,4563673.0,11107127.0,6543454.0
589,S327108,江苏泗洪经济开发区,江苏省,泗洪,省政府,经济开发区,2006.04,272.36,电子信息、膜材料、机械,118.201503,33.48254,118.195978,33.484007,江苏省宿迁市泗洪县经济开发区,未知,ok,164.902,14.5291,17.1363,189698.6556,0.3095,383.0,20.0,363.0,343.0,15565.0,30447.3431,3105629.0,67062.0,46529.9608,4746056.0,137895.0,85352.8627,8705992.0,178010.0,110716.3431,11293067.0,197917.0,124177.8235,12666138.0,2000,2010,4746056.0,8705992.0,3959936.0
590,S327109,江苏泗阳经济开发区,江苏省,泗阳,省政府,经济开发区,2006.05,300.0,纺织服装、食品、能源光电,118.757612,33.719982,118.752228,33.721392,江苏省宿迁市泗阳县江苏泗阳经济开发区,住宅区,ok,117.475,31.3778,16.2476,165774.2427,0.1633,144.0,5.0,139.0,134.0,10375.0,14324.5051,1418126.0,18527.0,32298.7576,3197577.0,91991.0,82679.3232,8185253.0,141995.0,113345.5152,11221206.0,171788.0,133259.8081,13192721.0,2000,2010,3197577.0,8185253.0,4987676.0
592,S337002,杭州钱江经济开发区,浙江省,杭州钱江,省政府,经济开发区,2006.03,333.92,装备制造、医药健康、节能环保,120.077714,30.451384,120.072881,30.453633,浙江省杭州市余杭区浙江余杭经济开发区,住宅区,ok,24.31,19.2287,13.2038,86893.8917,3.6322,1415.0,227.0,1188.0,961.0,15953.0,16506.5686,1683670.0,44662.0,28895.098,2947300.0,70385.0,60459.7647,6166896.0,83824.0,78866.5,8044383.0,92947.0,86086.9608,8780870.0,2000,2010,2947300.0,6166896.0,3219596.0
593,S337006,浙江临安经济开发区,浙江省,临安,省政府,经济开发区,2001.09,611.81,装备制造、新材料、新能源、信息技术,119.86115,30.252444,119.856523,30.255057,浙江省杭州市临安区经济开发区,未知,ok,28.657,31.9515,20.0305,79821.6251,21.8204,7411.0,72.0,7339.0,7267.0,17118.0,11515.57,1151557.0,55332.0,18361.65,1836165.0,179868.0,42525.89,4252589.0,246036.0,57066.95,5706695.0,258505.0,63790.74,6379074.0,2000,2010,1836165.0,4252589.0,2416424.0
594,S337009,浙江桐庐经济开发区,浙江省,桐庐,省政府,经济开发区,1994.08,496.62,节能环保、生物医药、机械,119.711248,29.806038,119.706398,29.808544,浙江省杭州市桐庐县经济开发区,未知,ok,60.665,38.9573,25.3773,230959.0388,18.8271,6151.0,0.0,6151.0,6151.0,27770.0,19966.56,1996656.0,75022.0,39584.92,3958492.0,272413.0,71299.41,7129941.0,382424.0,90606.06,9060606.0,386736.0,99135.72,9913572.0,1990,2000,1996656.0,3958492.0,1961836.0
595,S337008,浙江淳安经济开发区,浙江省,淳安,省政府,经济开发区,1992.06,421.0,电气机械器材、纺织、酿酒,119.053967,29.598759,119.048765,29.601147,浙江省杭州市淳安县浙江淳安经济开发区,住宅区,ok,125.072,80.6554,50.7178,174976.4674,20.3029,5425.0,0.0,5425.0,5425.0,59717.0,8632.8218,871915.0,121954.0,16523.3861,1668862.0,125443.0,23687.9802,2392486.0,127175.0,28147.3366,2842881.0,129028.0,31607.0396,3192311.0,1990,2000,871915.0,1668862.0,796947.0
596,S337007,浙江建德经济开发区,浙江省,建德,省政府,经济开发区,2002.05,374.38,化工、橡胶及塑料制品、酒饮料,119.212281,29.368262,119.207226,29.37087,浙江省杭州市建德市建德经济开发区,住宅区,ok,129.164,37.3884,33.6338,57984.7558,22.1663,5138.0,172.0,4966.0,4794.0,125125.0,18046.9314,1840787.0,147185.0,25133.0882,2563575.0,159724.0,31544.5686,3217546.0,165530.0,34830.2745,3552688.0,166780.0,37280.7059,3802632.0,2000,2010,2563575.0,3217546.0,653971.0
598,S337012,浙江镇海经济开发区,浙江省,镇海,省政府,经济开发区,1994.08,515.46,通用设备、精细化工,121.669501,29.940123,121.665321,29.942666,浙江省宁波市镇海区经济开发区,未知,ok,6.144,28.5487,29.4378,261025.233,0.6555,94.0,0.0,94.0,94.0,47468.0,66755.3143,7009308.0,219443.0,131429.5905,13800107.0,307074.0,177641.7619,18652385.0,343095.0,202296.1238,21241093.0,347948.0,211658.781,22224172.0,1990,2000,7009308.0,13800107.0,6790799.0
600,S337016,浙江奉化经济开发区,浙江省,奉化,省政府,经济开发区,1993.11,452.94,通用设备、纺织服装、通信,121.420205,29.703472,121.415692,29.705765,浙江省宁波市奉化区经济开发区,未知,ok,19.056,36.2379,24.9803,197894.2757,4.8349,923.0,0.0,923.0,923.0,2891.0,20913.59,2091359.0,49190.0,43915.4,4391540.0,224949.0,73226.17,7322617.0,320615.0,91329.95,9132995.0,331275.0,100502.73,10050273.0,1990,2000,2091359.0,4391540.0,2300181.0
601,S337019,浙江象山经济开发区,浙江省,象山,省政府,经济开发区,1994.08,563.97,纺织服装、汽车、电气机械器材,121.926411,29.52352,121.922434,29.526211,浙江省宁波市象山县浙江象山经济开发区,住宅区,ok,0.48,,24.2257,34860.7345,13.7967,767.0,0.0,767.0,767.0,2364.0,13173.9208,1330566.0,2787.0,20261.3663,2046398.0,11802.0,31781.5347,3209935.0,18183.0,38848.9901,3923748.0,32884.0,45018.1683,4546835.0,1990,2000,1330566.0,2046398.0,715832.0
602,S337020,浙江宁海经济开发区,浙江省,宁海,省政府,经济开发区,1994.08,1459.72,文具、五金机械、汽车零部件,121.4645,29.342796,121.460105,29.345315,浙江省宁波市宁海县浙江宁海经济开发区,住宅区,ok,5.559,60.9191,44.6589,189755.5593,22.6783,3304.0,0.0,3304.0,3304.0,29187.0,15142.5,1544535.0,81576.0,40531.6176,4134225.0,234431.0,75863.2843,7738055.0,311715.0,96211.3235,9813555.0,319923.0,104479.7157,10656931.0,1990,2000,1544535.0,4134225.0,2589690.0
603,S337017,浙江余姚经济开发区,浙江省,余姚,省政府,经济开发区,1993.11,585.57,电气机械器材、通信、有色金属冶炼压延加工,121.128693,30.008024,121.124196,30.010308,浙江省宁波市余姚市经济开发区,未知,ok,25.576,45.2584,44.04,253053.6194,17.913,1907.0,0.0,1907.0,1907.0,29267.0,27525.2019,2862621.0,75113.0,74687.4904,7767499.0,176408.0,115780.75,12041198.0,242877.0,140656.125,14628237.0,251523.0,149134.0769,15509944.0,1990,2000,2862621.0,7767499.0,4904878.0
605,S337104,浙江慈溪滨海经济开发区,浙江省,慈溪滨海,省政府,经济开发区,2014.08,800.0,电气机械器材、化纤、有色金属冶炼压延加工,121.543327,30.110767,121.539132,30.11333,浙江省宁波市慈溪市浙江慈溪滨海经济开发区,住宅区,ok,3.941,10.7083,22.5604,71448.7089,2.8642,270.0,114.0,156.0,42.0,877.0,15791.098,1610692.0,877.0,28622.1765,2919462.0,3092.0,58855.8039,6003292.0,8790.0,80051.7843,8165282.0,27314.0,93106.7745,9496891.0,2010,2015,6003292.0,8165282.0,2161990.0
608,S337024,浙江瓯海经济开发区,浙江省,瓯海,省政府,经济开发区,1994.08,704.53,服装、鞋革、仪器仪表,120.662277,27.954439,120.658294,27.957783,浙江省温州市瓯海区经济开发区,未知,ok,7.156,85.1876,106.6021,732569.4776,5.2732,613.0,0.0,613.0,613.0,96081.0,65231.3235,6653595.0,354320.0,137031.902,13977254.0,369006.0,159242.1078,16242695.0,376367.0,171051.9216,17447296.0,383792.0,176440.6863,17996950.0,1990,2000,6653595.0,13977254.0,7323659.0
610,S337028,浙江平阳经济开发区,浙江省,平阳,省政府,经济开发区,1994.08,546.59,机械电子、皮革服装、化工,120.559358,27.622947,120.555421,27.62629,浙江省温州市平阳县经济开发区,未知,ok,7.122,73.7884,72.4228,306710.5736,11.8903,2861.0,0.0,2861.0,2861.0,64854.0,40596.2404,4222009.0,152633.0,78035.8173,8115725.0,193956.0,93693.5481,9744129.0,219423.0,101738.3654,10580790.0,228118.0,104775.2404,10896625.0,1990,2000,4222009.0,8115725.0,3893716.0
612,S337027,浙江瑞安经济开发区,浙江省,瑞安,省政府,经济开发区,1994.08,553.66,机械电子、高分子材料、汽摩配件,120.64396,27.753556,120.640024,27.756902,浙江省温州市瑞安市经济开发区,未知,ok,0.343,96.0921,77.7984,534708.3455,0.51,42.0,0.0,42.0,42.0,98815.0,72780.4423,7569166.0,275393.0,126302.6731,13135478.0,282763.0,150347.6635,15636157.0,285891.0,163169.0673,16969583.0,286802.0,168349.5,17508348.0,1990,2000,7569166.0,13135478.0,5566312.0
613,S337025,浙江乐清经济开发区,浙江省,乐清,省政府,经济开发区,1993.11,448.27,电气机械器材、热力、有色金属冶炼压延加工,120.999537,28.060405,120.995407,28.06365,浙江省温州市乐清市经济开发区,未知,ok,0.58,,48.9037,134876.4017,0.569,489.0,0.0,489.0,489.0,3847.0,30783.3838,3047555.0,6776.0,49966.0303,4946637.0,24975.0,70993.3535,7028342.0,39054.0,81930.4242,8111112.0,50003.0,85536.0707,8468071.0,1990,2000,3047555.0,4946637.0,1899082.0
616,S337040,浙江海盐经济开发区,浙江省,海盐,省政府,经济开发区,2002.09,1118.01,装备制造、新材料、电子电器,121.043711,30.595779,121.039233,30.598023,浙江省嘉兴市海盐县经济开发区,未知,ok,1.875,41.0383,36.1182,178351.7217,0.2068,75.0,0.0,75.0,75.0,1609.0,11109.9596,1099886.0,5718.0,25513.404,2525827.0,132764.0,74162.4747,7342085.0,222720.0,107590.0202,10651412.0,271606.0,124628.1515,12338187.0,2000,2010,2525827.0,7342085.0,4816258.0
617,S337036,浙江海宁经济开发区,浙江省,海宁,省政府,经济开发区,1997.12,582.66,纺织、皮革、机械装备、新能源,120.722908,30.538373,120.718619,30.540777,浙江省嘉兴市海宁市经济开发区,未知,ok,16.24,42.0332,27.6979,205047.7801,0.6256,220.0,0.0,220.0,220.0,14518.0,18526.3942,1926745.0,120193.0,45508.6827,4732903.0,267485.0,93592.0,9733568.0,335278.0,122706.7596,12761503.0,347430.0,138182.4423,14370974.0,1990,2000,1926745.0,4732903.0,2806158.0
619,S337035,乍浦经济开发区,浙江省,乍浦,省政府,经济开发区,1993.02,547.0,化工、紧固件、不锈钢,121.060568,30.610901,121.056047,30.613105,浙江省嘉兴市平湖市乍浦经济开发区,住宅区,ok,3.228,64.7346,35.2303,202433.0662,0.5656,112.0,0.0,112.0,112.0,3094.0,10216.3689,1052286.0,27795.0,24893.2427,2564004.0,215747.0,74729.4854,7697137.0,334765.0,109037.7961,11230893.0,385852.0,127253.1748,13107077.0,1990,2000,1052286.0,2564004.0,1511718.0
620,S337038,桐乡经济开发区,浙江省,桐乡,省政府,经济开发区,1993.11,722.86,化纤、纺织、非金属矿物制品,120.539646,30.603814,120.53543,30.606294,浙江省嘉兴市桐乡市经济开发区,未知,ok,22.36,33.0218,28.6741,297293.427,0.3707,517.0,0.0,517.0,517.0,8128.0,20837.0686,2125381.0,26269.0,50645.1078,5165801.0,199207.0,107460.6275,10960984.0,311305.0,143386.4608,14625419.0,368264.0,159498.6078,16268858.0,1990,2000,2125381.0,5165801.0,3040420.0
622,S337043,浙江吴兴经济开发区,浙江省,吴兴,省政府,经济开发区,2015.12,1429.04,新材料、装备制造、纺织,120.055628,30.879627,120.050774,30.881717,浙江省湖州市吴兴区经济开发区,未知,ok,67.684,38.1923,24.4422,246328.0975,5.1686,2747.0,1215.0,1532.0,317.0,5814.0,30617.381,3214825.0,18264.0,53602.2571,5628237.0,115161.0,94482.1905,9920630.0,176467.0,122274.4762,12838820.0,203677.0,135734.5048,14252123.0,2015,2020,12838820.0,14252123.0,1413303.0
623,S337044,浙江南浔经济开发区,浙江省,南浔,省政府,经济开发区,1993.11,476.17,通用设备、木材加工及木制品、电气机械,120.398091,30.85338,120.393449,30.855441,浙江省湖州市南浔区浙江南浔经济开发区,住宅区,ok,50.77,22.3441,15.6396,163855.8921,0.6458,421.0,0.0,421.0,421.0,15430.0,15355.9223,1581660.0,30250.0,41549.4175,4279590.0,118883.0,93134.5825,9592862.0,174249.0,125299.9903,12905899.0,193571.0,139096.2136,14326910.0,1990,2000,1581660.0,4279590.0,2697930.0
625,S337048,浙江安吉经济开发区,浙江省,安吉,省政府,经济开发区,1994.08,442.12,家具、竹木制品、电气机械,119.686582,30.631898,119.68169,30.634334,浙江省湖州市安吉县浙江安吉经济开发区,住宅区,ok,65.801,73.4602,16.6502,179955.8941,10.882,6546.0,0.0,6546.0,6546.0,207499.0,10845.2039,1117056.0,338478.0,31358.9417,3229971.0,351939.0,82388.8932,8486056.0,361924.0,113732.5728,11714455.0,364755.0,126263.9417,13005186.0,1990,2000,1117056.0,3229971.0,2112915.0
627,S337052,浙江上虞经济开发区,浙江省,上虞,省政府,经济开发区,1993.11,1649.69,电机汽配、照明、纺织服装,120.864198,30.006451,120.860114,30.009061,浙江省绍兴市上虞区经济开发区,未知,ok,9.098,79.5747,29.9965,236612.3048,7.8657,1221.0,0.0,1221.0,1221.0,27200.0,36128.4752,3648976.0,198470.0,70223.8911,7092613.0,214382.0,107065.8614,10813652.0,222005.0,130706.3762,13201344.0,227088.0,140807.7822,14221586.0,1990,2000,3648976.0,7092613.0,3443637.0
630,S337053,浙江诸暨经济开发区,浙江省,诸暨,省政府,经济开发区,1994.08,1409.64,机械、纺织、环保设备,120.204642,29.714563,120.200136,29.717012,浙江省绍兴市诸暨市经济开发区,未知,ok,53.642,29.2943,27.4208,289782.5263,7.918,1349.0,0.0,1349.0,1349.0,10947.0,34159.1068,3518388.0,59771.0,81512.3398,8395771.0,164127.0,136502.3883,14059746.0,235094.0,170979.8544,17610925.0,247187.0,180916.1359,18634362.0,1990,2000,3518388.0,8395771.0,4877383.0
632,S337055,浙江嵊州经济开发区,浙江省,嵊州,省政府,经济开发区,1994.08,1249.33,服装、机械电机、电器厨具,120.852456,29.59012,120.848384,29.592767,浙江省绍兴市嵊州市经济开发区,未知,ok,52.745,73.3851,50.721,362705.6833,3.5004,2161.0,0.0,2161.0,2161.0,11853.0,29183.9126,3005943.0,73097.0,64460.4563,6639427.0,217339.0,100233.301,10324030.0,291181.0,119665.9903,12325597.0,308153.0,127482.165,13130663.0,1990,2000,3005943.0,6639427.0,3633484.0
633,S337060,浙江金西经济开发区,浙江省,金西,省政府,经济开发区,2006.03,568.65,通用设备、纺织、化工,119.41269,29.055121,119.407513,29.057798,浙江省金华市婺城区金西经济开发区,住宅区,ok,145.356,31.2078,19.8452,58682.2947,0.9046,4727.0,33.0,4694.0,4661.0,14790.0,18140.0404,1795864.0,46960.0,28408.0303,2812395.0,118536.0,43442.3333,4300791.0,166045.0,51895.2323,5137628.0,205695.0,55455.4444,5490089.0,2000,2010,2812395.0,4300791.0,1488396.0
634,S337062,浙江金义都市经济开发区,浙江省,金义都市,省政府,经济开发区,2014.07,800.0,装备制造、纺织服装、塑料制品,120.152575,30.266619,120.147874,30.268944,浙江省,省,city_only,6.057,117.6771,135.5315,1140633.1464,4.4903,43.0,7.0,36.0,29.0,301731.0,175656.099,17741266.0,304872.0,214361.5347,21650515.0,307266.0,221268.8119,22348150.0,309057.0,225366.9802,22762065.0,313206.0,230649.4158,23295591.0,2010,2015,22348150.0,22762065.0,413915.0
635,S337071,浙江武义经济开发区,浙江省,武义,省政府,经济开发区,1993.11,224.46,五金机械、汽摩配件、文旅休闲用品,119.843701,28.967515,119.839131,28.970564,浙江省金华市武义县经济开发区,未知,ok,118.359,17.0013,17.3565,83380.6218,18.1808,4837.0,0.0,4837.0,4837.0,22513.0,10710.8627,1092508.0,37755.0,21079.951,2150155.0,127612.0,45409.7843,4631798.0,185295.0,58223.1667,5938763.0,196990.0,61570.1471,6280155.0,1990,2000,1092508.0,2150155.0,1057647.0
636,S337069,浙江浦江经济开发区,浙江省,浦江,省政府,经济开发区,1994.08,342.08,五金机械、水晶加工、纺织,119.941751,29.457476,119.937256,29.460202,浙江省金华市浦江县经济开发区,未知,ok,84.358,77.8827,38.0842,244805.0196,1.4281,2014.0,0.0,2014.0,2014.0,2153.0,37265.8163,3652050.0,12244.0,71956.2245,7051710.0,213029.0,104676.5918,10258306.0,338759.0,122668.0918,12021473.0,352593.0,127727.8469,12517329.0,1990,2000,3652050.0,7051710.0,3399660.0
638,S337065,浙江兰溪经济开发区,浙江省,兰溪,省政府,经济开发区,1993.11,624.35,纺织、医药、有色金属冶炼压延加工,119.411711,29.22475,119.406519,29.227294,浙江省金华市兰溪市经济开发区,未知,ok,129.36,46.6661,24.7737,185976.3715,0.2415,658.0,0.0,658.0,658.0,32980.0,32419.802,3274400.0,95489.0,61763.2079,6238084.0,246829.0,99156.6337,10014820.0,311151.0,118215.2079,11939736.0,313432.0,123170.5743,12440228.0,1990,2000,3274400.0,6238084.0,2963684.0
640,S337063,浙江东阳经济开发区,浙江省,东阳,省政府,经济开发区,1994.08,979.96,纺织服装、化学品、塑料制品,120.20151,29.269255,120.197032,29.271899,浙江省金华市东阳市经济开发区,未知,ok,102.869,32.5905,59.0289,308248.8743,19.2634,2039.0,0.0,2039.0,2039.0,54412.0,32746.7476,3372915.0,138891.0,81413.9223,8385634.0,257650.0,124684.4369,12842497.0,328002.0,146628.9515,15102782.0,329123.0,149626.7961,15411560.0,1990,2000,3372915.0,8385634.0,5012719.0
643,S337068,浙江永康经济开发区,浙江省,永康,省政府,经济开发区,2002.08,743.45,五金制品、汽车、新能源汽车及零部件,120.074992,28.91942,120.070287,28.922207,浙江省金华市永康市经济开发区,未知,ok,101.692,70.1918,44.0745,286131.6637,2.2485,2108.0,59.0,2049.0,1990.0,7240.0,33252.5204,3258747.0,28155.0,75272.5306,7376708.0,209697.0,119725.2653,11733076.0,325382.0,144034.9898,14115429.0,346736.0,150074.7959,14707330.0,2000,2010,7376708.0,11733076.0,4356368.0
644,S337073,浙江衢江经济开发区,浙江省,衢江,省政府,经济开发区,1993.11,680.58,特种纸、装备制造、农副产品加工,119.007127,28.955202,119.002122,28.958126,浙江省衢州市衢江区浙江衢江经济开发区,住宅区,ok,176.696,,14.6978,83953.9413,1.5341,8436.0,0.0,8436.0,8436.0,3052.0,17996.1,1799610.0,4328.0,30207.66,3020766.0,8062.0,55188.97,5518897.0,34733.0,68302.76,6830276.0,166706.0,77090.38,7709038.0,1990,2000,1799610.0,3020766.0,1221156.0
648,S337075,浙江江山经济开发区,浙江省,江山,省政府,经济开发区,1994.08,1065.77,电气机械器材、化工、纺织服装,118.720757,28.793262,118.715834,28.796351,浙江省衢州市江山市经济开发区,未知,ok,195.831,24.0381,14.9262,27837.3788,22.1603,7360.0,0.0,7360.0,7360.0,5578.0,9193.6176,937749.0,50483.0,15241.6765,1554651.0,191373.0,24247.6961,2473265.0,281879.0,29320.2059,2990661.0,284278.0,31643.0,3227586.0,1990,2000,937749.0,1554651.0,616902.0
649,S337079,浙江舟山经济开发区,浙江省,舟山,省政府,经济开发区,1992.08,250.05,船舶修造、化纤、机械,122.209684,30.085958,122.205522,30.088363,浙江省舟山市定海区舟山经济开发区,住宅区,ok,1.118,32.7188,21.425,47049.3618,8.2099,993.0,0.0,993.0,993.0,16337.0,10344.8846,1075868.0,17999.0,14257.7596,1482807.0,59088.0,26288.0865,2733961.0,95847.0,34498.2692,3587820.0,137050.0,41965.1058,4364371.0,1990,2000,1075868.0,1482807.0,406939.0
651,S337081,浙江普陀经济开发区,浙江省,普陀,省政府,经济开发区,1993.11,9353.87,船舶、水产品加工、电力,122.324778,29.981611,122.320574,29.983957,浙江省舟山市普陀区经济开发区,未知,ok,1.703,,37.2072,74711.9795,7.0169,826.0,0.0,826.0,826.0,4782.0,18762.2212,1951271.0,9628.0,31072.7115,3231562.0,153140.0,41896.0288,4357187.0,235013.0,48586.3558,5052981.0,248305.0,51480.8173,5354005.0,1990,2000,1951271.0,3231562.0,1280291.0
652,S337082,浙江岱山经济开发区,浙江省,岱山,省政府,经济开发区,1994.08,99.66,交通运输设备、通用设备、农副食品,122.152252,30.253725,122.147946,30.256023,浙江省舟山市岱山县经济开发区,未知,ok,0.355,38.6694,36.2296,57967.4376,1.4729,344.0,0.0,344.0,344.0,1504.0,19041.6275,1942246.0,10559.0,22005.9412,2244606.0,38626.0,28468.0196,2903738.0,63568.0,32520.7451,3317116.0,90953.0,36605.6373,3733775.0,1990,2000,1942246.0,2244606.0,302360.0
653,S337083,浙江台州经济开发区,浙江省,台州,省政府,经济开发区,1997.01,1285.81,电力、电气机械器材、橡胶,121.430739,28.64454,121.426324,28.647507,浙江省台州市经济开发区,未知,ok,5.11,96.2128,45.6646,410707.4883,0.8157,42.0,0.0,42.0,42.0,27116.0,50333.9804,5134066.0,366319.0,131011.1078,13363133.0,378850.0,190675.9412,19448946.0,384169.0,218779.7549,22315535.0,385706.0,226434.0196,23096270.0,1990,2000,5134066.0,13363133.0,8229067.0
654,S337085,浙江黄岩经济开发区,浙江省,黄岩,省政府,经济开发区,1994.08,764.16,橡胶、塑料制品、专用设备,121.223968,28.670424,121.219738,28.673533,浙江省台州市黄岩区经济开发区,未知,ok,3.782,76.0224,39.6987,221240.7956,19.3951,2439.0,0.0,2439.0,2439.0,14496.0,27507.1262,2833234.0,69397.0,72282.3786,7445085.0,253931.0,111238.7379,11457590.0,342169.0,131577.6117,13552494.0,365123.0,136588.7379,14068640.0,1990,2000,2833234.0,7445085.0,4611851.0
656,S337090,浙江三门经济开发区,浙江省,三门,省政府,经济开发区,2006.08,1000.0,塑料、橡胶制品、电机,121.39561,29.104888,121.391138,29.107498,浙江省台州市三门县,区县,ok,1.034,28.1368,21.7512,121241.3421,31.4469,2005.0,404.0,1601.0,1197.0,13372.0,13723.4272,1413513.0,69877.0,25919.7961,2669739.0,114941.0,43410.1068,4471241.0,133087.0,53661.6796,5527153.0,133712.0,56356.8738,5804758.0,2000,2010,2669739.0,4471241.0,1801502.0
658,S337092,浙江仙居经济开发区,浙江省,仙居,省政府,经济开发区,2006.03,120.32,医药、橡塑、工艺美术品,120.852842,28.874511,120.848825,28.877636,浙江省台州市仙居县经济开发区,未知,ok,28.854,,27.9032,61777.6248,14.194,5413.0,1166.0,4247.0,3081.0,47421.0,15860.5288,1649495.0,52280.0,24328.5288,2530167.0,59165.0,36224.0962,3767306.0,65034.0,43209.2596,4493763.0,72717.0,46511.8173,4837229.0,2000,2010,2530167.0,3767306.0,1237139.0
659,S337088,浙江温岭经济开发区,浙江省,温岭,省政府,经济开发区,1994.08,416.31,装备制造、汽车摩托车配件、金属制品,121.396889,28.418615,121.392471,28.421656,浙江省台州市温岭市经济开发区,未知,ok,13.038,33.5431,37.9726,254986.1355,15.1893,414.0,0.0,414.0,414.0,21907.0,32945.3981,3393376.0,67230.0,83358.2136,8585896.0,201115.0,119056.9806,12262869.0,254859.0,135126.5825,13918038.0,258500.0,137993.9029,14213372.0,1990,2000,3393376.0,8585896.0,5192520.0
661,S337087,浙江临海经济开发区,浙江省,临海,省政府,经济开发区,1993.11,1886.15,休闲用品、汽车摩托车配件、建材,121.165112,28.877417,121.160768,28.88029,浙江省台州市临海市经济开发区,未知,ok,4.222,36.0953,47.2121,211604.4784,24.7001,1372.0,0.0,1372.0,1372.0,9703.0,31494.9423,3275474.0,113792.0,67294.875,6998667.0,148859.0,93431.9808,9716926.0,168138.0,107576.0096,11187905.0,198509.0,111910.8269,11638726.0,1990,2000,3275474.0,6998667.0,3723193.0
663,S337093,浙江玉环经济开发区,浙江省,玉环,省政府,经济开发区,1993.01,328.28,汽车、金属制品、仪器仪表,121.275889,28.216474,121.271688,28.219712,浙江省台州市玉环市浙江玉环经济开发区,住宅区,ok,0.436,,38.7641,193704.2769,3.6447,550.0,0.0,550.0,550.0,11855.0,29147.9709,3002241.0,80301.0,67362.068,6938293.0,100900.0,98163.0485,10110794.0,115919.0,113733.4951,11714550.0,126928.0,116961.0194,12046985.0,1990,2000,3002241.0,6938293.0,3936052.0
665,S337098,浙江青田经济开发区,浙江省,青田,省政府,经济开发区,1993.11,520.08,鞋服、通用设备,120.289693,28.1396,120.285382,28.142831,浙江省丽水市青田县,区县,ok,27.144,124.7575,34.895,115293.0613,25.358,6898.0,0.0,6898.0,6898.0,195445.0,7002.64,700264.0,224594.0,11290.07,1129007.0,250448.0,15278.5,1527850.0,261866.0,17705.89,1770589.0,267847.0,19718.06,1971806.0,1990,2000,700264.0,1129007.0,428743.0
666,S337097,浙江缙云经济开发区,浙江省,缙云,省政府,经济开发区,2006.03,501.04,五金机械、电子电器、建材,120.101623,28.740148,120.096942,28.743056,浙江省丽水市缙云县经济开发区,未知,ok,83.268,,16.3984,69775.0907,30.8105,6036.0,1043.0,4993.0,3950.0,111.0,8504.2427,875937.0,1347.0,13415.6311,1381810.0,22405.0,24107.3883,2483061.0,39700.0,30010.835,3091116.0,67819.0,32531.8932,3350785.0,2000,2010,1381810.0,2483061.0,1101251.0
671,S337099,浙江景宁经济开发区,浙江省,景宁,省政府,经济开发区,1994.08,101.64,农副食品、竹制品,119.611907,27.910336,119.607321,27.913754,浙江省丽水市景宁畲族自治县浙江景宁经济开发区,住宅区,ok,89.631,19.8557,16.5361,7838.114,46.6606,13359.0,0.0,13359.0,13359.0,2698.0,455.5657,45101.0,6458.0,716.4242,70926.0,18142.0,1230.5354,121823.0,26006.0,1707.9293,169085.0,45573.0,2491.4444,246653.0,1990,2000,45101.0,70926.0,25825.0
672,S337096,浙江龙泉经济开发区,浙江省,龙泉,省政府,经济开发区,2006.08,825.67,五金、汽车零配件、农林产品加工,119.120158,28.058762,119.115044,28.061853,浙江省丽水市龙泉市浙江龙泉经济开发区,住宅区,ok,136.147,29.3273,24.7309,138616.5992,26.3213,17065.0,1491.0,15574.0,14083.0,77398.0,16205.6667,1652978.0,126220.0,31854.5588,3249165.0,177348.0,42052.0588,4289310.0,203932.0,47370.5392,4831795.0,206486.0,51530.7549,5256137.0,2000,2010,3249165.0,4289310.0,1040145.0
674,S347002,合肥庐阳经济开发区,安徽省,合肥庐阳,省政府,经济开发区,2006.02,370.46,钢材、包装、机械,117.296313,31.919475,117.29076,31.921465,安徽省合肥市庐阳区庐阳经济开发区,住宅区,ok,220.757,29.7481,69.397,697717.5618,0.1028,187.0,17.0,170.0,153.0,23476.0,89313.8654,9288642.0,36059.0,119749.2692,12453924.0,73779.0,177157.7788,18424409.0,90094.0,210631.1731,21905642.0,92963.0,234642.5096,24402821.0,2000,2010,12453924.0,18424409.0,5970485.0
675,S347003,合肥蜀山经济开发区,安徽省,合肥蜀山,省政府,经济开发区,2006.04,675.05,电商、电力电气,117.150578,31.86054,117.144983,31.862424,安徽省合肥市蜀山区经济开发区,未知,ok,235.414,97.5569,46.6937,256768.7435,1.2408,1083.0,79.0,1004.0,925.0,22041.0,22442.4078,2311568.0,56379.0,38399.8738,3955187.0,159362.0,66325.9612,6831574.0,230545.0,85737.0097,8830912.0,266057.0,109555.5728,11284224.0,2000,2010,3955187.0,6831574.0,2876387.0
676,S347004,合肥包河经济开发区,安徽省,合肥包河,省政府,经济开发区,2006.02,1596.68,汽车、新能源汽车、智能机械,117.2467,31.73006,117.241229,31.732055,安徽省合肥市包河区经济开发区,未知,ok,229.406,45.9248,40.9375,379981.9602,0.078,312.0,47.0,265.0,218.0,48418.0,20965.7692,2180440.0,84978.0,52641.375,5474703.0,279537.0,122137.3365,12702283.0,376073.0,166632.6154,17329792.0,407563.0,211564.6827,22002727.0,2000,2010,5474703.0,12702283.0,7227580.0
677,S347005,安徽长丰双凤经济开发区,安徽省,长丰双凤,省政府,经济开发区,2006.02,2050.01,食品、农副产品加工、汽车,117.267883,31.967153,117.262374,31.969186,安徽省合肥市长丰县双凤经济开发区,住宅区,ok,222.693,26.1705,35.2572,273384.6344,0.1504,658.0,59.0,599.0,540.0,26446.0,21566.9038,2242958.0,120221.0,37650.125,3915613.0,240304.0,93759.1827,9750955.0,296036.0,128110.4615,13323488.0,334508.0,154906.9712,16110325.0,2000,2010,3915613.0,9750955.0,5835342.0
678,S347006,安徽肥东经济开发区,安徽省,肥东,省政府,经济开发区,2006.04,1216.91,食品、农副产品加工、装备制造,117.429683,31.886167,117.423944,31.888018,安徽省合肥市肥东县经济开发区,未知,ok,208.922,31.5922,19.4117,203337.1042,0.1942,236.0,22.0,214.0,192.0,24786.0,41329.2039,4256908.0,45013.0,60553.5825,6237019.0,201421.0,108158.3204,11140307.0,284385.0,136873.0097,14097920.0,342928.0,162323.4466,16719315.0,2000,2010,6237019.0,11140307.0,4903288.0
680,S347054,安徽庐江经济开发区,安徽省,庐江,省政府,经济开发区,2006.02,514.1,机械、汽车零配件、电子,117.27648,31.269653,117.271024,31.271704,安徽省合肥市庐江县经济开发区,未知,ok,243.894,50.7892,31.2317,238454.1731,0.2305,1202.0,53.0,1149.0,1096.0,29148.0,24325.04,2432504.0,70547.0,35627.79,3562779.0,135611.0,54603.29,5460329.0,169696.0,67270.37,6727037.0,173479.0,80694.06,8069406.0,2000,2010,3562779.0,5460329.0,1897550.0
681,S347052,合肥巢湖经济开发区,安徽省,合肥巢湖,省政府,经济开发区,1995.08,335.01,医药、食品、燃气轮机,117.93353,31.6416,117.928292,31.643742,安徽省合肥市巢湖市经济开发区,未知,ok,170.114,25.7202,11.6728,92052.0657,4.3202,4808.0,0.0,4808.0,4808.0,18938.0,19760.2451,2015545.0,45830.0,28161.1667,2872439.0,107348.0,48642.0392,4961488.0,159442.0,62127.6961,6337025.0,170663.0,72985.2941,7444500.0,1990,2000,2015545.0,2872439.0,856894.0
682,S347053,安徽居巢经济开发区,安徽省,居巢,省政府,经济开发区,2010.08,607.27,食品、农副产品加工、机械电子,117.898285,31.574276,117.893063,31.576441,安徽省合肥市巢湖市安徽居巢经济开发区,住宅区,ok,176.061,34.1643,18.8269,173828.5284,0.9337,263.0,62.0,201.0,139.0,2161.0,34064.6768,3372403.0,2161.0,49766.6566,4926899.0,121278.0,72688.7374,7196185.0,196036.0,86318.5556,8545537.0,253966.0,94255.101,9331255.0,2010,2015,7196185.0,8545537.0,1349352.0
683,S347059,安徽芜湖鸠江经济开发区,安徽省,芜湖鸠江,省政府,经济开发区,2006.02,1389.33,汽车零部件、装备制造、电子电器,118.473576,31.374407,118.468303,31.376338,安徽省芜湖市鸠江区鸠江经济开发区,住宅区,ok,141.033,32.9119,18.0355,161724.2155,0.3186,522.0,0.0,522.0,522.0,2234.0,4837.9806,498312.0,4179.0,7983.0097,822250.0,85670.0,49688.2039,5117885.0,134239.0,79486.0971,8187068.0,160264.0,102730.534,10581245.0,2000,2010,822250.0,5117885.0,4295635.0
684,S347055,安徽无为经济开发区,安徽省,无为,省政府,经济开发区,2006.02,1002.15,装备制造、电子信息、新材料,117.978463,31.299947,117.973161,31.302052,安徽省芜湖市无为市安徽无为经济开发区,住宅区,ok,183.796,11.058,13.8273,35176.5432,0.286,22.0,3.0,19.0,16.0,4299.0,14042.1538,1460384.0,10104.0,18165.1827,1889179.0,30216.0,29098.125,3026205.0,43909.0,38247.9519,3977787.0,45960.0,55516.9519,5773763.0,2000,2010,1889179.0,3026205.0,1137026.0
685,S347060,安徽芜湖长江大桥经济开发区,安徽省,芜湖长江大桥,省政府,经济开发区,2001.12,439.68,装备制造、新材料、节能环保,118.341074,31.385737,118.335714,31.387625,安徽省芜湖市镜湖区芜湖长江大桥,兴趣点,ok,150.087,,32.8823,201732.8011,0.1998,57.0,0.0,57.0,57.0,156.0,56720.4854,5842210.0,157.0,84126.4563,8665025.0,180.0,104433.4272,10756643.0,206.0,115443.9029,11890722.0,428.0,121097.0485,12472996.0,2000,2010,8665025.0,10756643.0,2091618.0
686,S347062,安徽芜湖三山经济开发区,安徽省,芜湖三山,省政府,经济开发区,2006.02,1372.98,装备制造、物流、电子电器,118.268238,31.218986,118.262997,31.221052,安徽省芜湖市弋江区三山街道经济开发区,未知,ok,167.078,21.2286,10.5643,34872.6176,0.6739,160.0,5.0,155.0,150.0,10773.0,11979.4175,1233880.0,14222.0,16692.0,1719276.0,71957.0,36862.3689,3796824.0,118022.0,48345.5825,4979595.0,135186.0,52206.7864,5377299.0,2000,2010,1719276.0,3796824.0,2077548.0
687,S347061,安徽新芜经济开发区,安徽省,新芜,省政府,经济开发区,2006.02,844.55,装备制造、汽车零部件、电子电器,118.643509,31.195095,118.638532,31.197318,安徽省芜湖市湾沚区安徽新芜经济开发区,住宅区,ok,143.867,6.0978,10.2811,48794.0362,0.7158,8081.0,17.0,8064.0,8047.0,8226.0,5106.0594,515712.0,8226.0,7310.6436,738375.0,8913.0,27769.7129,2804741.0,9189.0,40332.6832,4073601.0,9208.0,46353.7921,4681733.0,2000,2010,738375.0,2804741.0,2066366.0
690,S347019,安徽蚌埠经济开发区,安徽省,蚌埠,省政府,经济开发区,2006.04,320.21,硅基新材料、电子信息,117.432615,32.910518,117.42678,32.912244,安徽省蚌埠市龙子湖区蚌埠经济开发区,住宅区,ok,214.254,34.3955,20.5957,202723.7422,0.2477,690.0,23.0,667.0,644.0,22268.0,43549.0194,4485549.0,58625.0,58755.165,6051782.0,147032.0,85690.3689,8826108.0,196008.0,102223.0874,10528978.0,217180.0,110641.835,11396109.0,2000,2010,6051782.0,8826108.0,2774326.0
692,S347022,安徽怀远经济开发区,安徽省,怀远,省政府,经济开发区,2006.02,173.48,电子信息、装备制造、汽车零配件,117.256034,32.972164,117.25044,32.974015,安徽省蚌埠市怀远县经济开发区,未知,ok,232.007,29.903,16.4314,153403.9577,0.4952,319.0,10.0,309.0,299.0,22806.0,29610.0,3020220.0,44367.0,44508.7647,4539894.0,158715.0,78476.7157,8004625.0,234772.0,99014.5392,10099483.0,269379.0,110885.8627,11310358.0,2000,2010,4539894.0,8004625.0,3464731.0
693,S347023,安徽五河经济开发区,安徽省,五河,省政府,经济开发区,2006.02,1241.36,纺织服装、机械、农产品加工,117.56088,32.989589,117.555405,32.991578,安徽省蚌埠市五河县经济开发区,未知,ok,205.503,15.2459,9.9467,33659.5418,0.2579,116.0,33.0,83.0,50.0,129.0,12466.4554,1259112.0,828.0,18371.1287,1855484.0,84274.0,29624.7129,2992096.0,136758.0,37487.7525,3786263.0,151301.0,44529.198,4497449.0,2000,2010,1855484.0,2992096.0,1136612.0
694,S347024,安徽固镇经济开发区,安徽省,固镇,省政府,经济开发区,2006.02,800.0,生物化工、农副产品加工、装备制造,117.340224,33.248738,117.334434,33.250279,安徽省蚌埠市固镇县经济开发区,未知,ok,236.593,19.7669,11.8068,53874.2528,0.2462,407.0,0.0,407.0,407.0,72060.0,11655.5051,1153895.0,104666.0,17474.7778,1730003.0,147327.0,30772.1717,3046445.0,165523.0,39671.8081,3927509.0,167794.0,48217.4646,4773529.0,2000,2010,1730003.0,3046445.0,1316442.0
695,S347034,安徽凤台经济开发区,安徽省,凤台,省政府,经济开发区,2006.02,760.52,煤化工、矿山机械、建材,116.771558,32.705192,116.766254,32.70722,安徽省淮南市凤台县经济开发区,未知,ok,270.261,23.1938,22.0184,111302.8859,0.4831,102.0,0.0,102.0,102.0,577.0,32994.7647,3365466.0,1717.0,46452.1078,4738115.0,16639.0,58052.0686,5921311.0,26740.0,63763.3235,6503859.0,28766.0,65485.951,6679567.0,2000,2010,4738115.0,5921311.0,1183196.0
698,S347088,安徽淮南毛集经济开发区,安徽省,淮南毛集,省政府,经济开发区,2010.02,158.3,农副产品加工、先进制造,116.60416,32.652097,116.599129,32.654327,安徽省淮南市凤台县毛集经济开发区,住宅区,ok,285.143,24.6944,13.0027,51334.6832,0.7903,421.0,30.0,391.0,361.0,6819.0,12455.4902,1270460.0,15918.0,25287.7647,2579352.0,43258.0,38425.098,3919360.0,67205.0,46808.4118,4774458.0,74272.0,49860.0588,5085726.0,2010,2015,3919360.0,4774458.0,855098.0
700,S347090,安徽马鞍山雨山经济开发区,安徽省,马鞍山雨山,省政府,经济开发区,2010.10,470.12,装备制造、节能环保、电子信息,118.493958,31.638425,118.488734,31.640377,安徽省马鞍山市雨山区经济开发区,未知,ok,122.371,57.5121,30.2473,276672.3602,0.7218,438.0,10.0,428.0,418.0,8066.0,52503.4257,5302846.0,22941.0,75843.5743,7660201.0,201093.0,121777.8119,12299559.0,299676.0,147901.9109,14938093.0,324928.0,158873.6436,16046238.0,2010,2015,12299559.0,14938093.0,2638534.0
702,S347051,安徽当涂经济开发区,安徽省,当涂,省政府,经济开发区,2006.04,391.69,新材料、家电、食品、医药,118.43545,31.502402,118.43006,31.504222,安徽省马鞍山市当涂县经济开发区,未知,ok,135.232,,18.5996,99823.9325,0.3178,49.0,0.0,49.0,49.0,4964.0,10094.3654,1049814.0,8682.0,18000.0577,1872006.0,134698.0,62336.1154,6482956.0,223575.0,90085.3942,9368881.0,253772.0,101445.6442,10550347.0,2000,2010,1872006.0,6482956.0,4610950.0
704,S347057,安徽和县经济开发区,安徽省,和县,省政府,经济开发区,2006.02,697.53,通用设备、电气机械器材、汽车零配件,118.367476,31.757638,118.362041,31.759458,安徽省马鞍山市和县经济开发区,未知,ok,127.191,,14.7746,74271.7653,0.2886,15.0,0.0,15.0,15.0,56846.0,30636.5619,3216839.0,70209.0,40920.8571,4296690.0,147411.0,54860.0476,5760305.0,194113.0,62938.0762,6608498.0,223097.0,68489.7905,7191428.0,2000,2010,4296690.0,5760305.0,1463615.0
705,S347092,安徽淮北杜集经济开发区,安徽省,淮北杜集,省政府,经济开发区,2006.09,818.03,矿业装备,116.893218,33.977173,116.88794,33.978736,安徽省淮北市杜集区杜集经济开发区,住宅区,ok,227.316,30.3374,23.1921,234981.8817,0.2319,373.0,4.0,369.0,365.0,252032.0,37830.49,3783049.0,273945.0,48268.13,4826813.0,336473.0,60786.42,6078642.0,369998.0,69674.51,6967451.0,395092.0,83343.73,8334373.0,2000,2010,4826813.0,6078642.0,1251829.0
706,S347008,安徽淮北经济开发区,安徽省,淮北,省政府,经济开发区,1996.02,3144.45,电子信息、装备制造、生物医药,116.892961,33.977172,116.887683,33.978735,安徽省淮北市杜集区淮北经济开发区,住宅区,ok,227.338,30.0975,23.2336,235054.6314,0.232,373.0,0.0,373.0,373.0,252032.0,37830.49,3783049.0,273945.0,48268.13,4826813.0,336473.0,60786.42,6078642.0,369998.0,69674.51,6967451.0,395092.0,83343.73,8334373.0,1990,2000,3783049.0,4826813.0,1043764.0
707,S347093,安徽淮北凤凰山经济开发区,安徽省,淮北凤凰山,省政府,经济开发区,2009.05,1530.29,粮油加工、肉制品加工、饮料,116.726024,33.993227,116.72062,33.994617,安徽省淮北市相山区凤凰山经济开发区,未知,ok,241.124,18.6167,10.9373,107841.403,0.2694,331.0,0.0,331.0,331.0,29058.0,23648.1386,2388462.0,74085.0,43138.4851,4356987.0,108062.0,67278.1485,6795093.0,124697.0,80668.5149,8147520.0,137122.0,89404.5743,9029862.0,2000,2010,4356987.0,6795093.0,2438106.0
708,S347009,安徽濉溪经济开发区,安徽省,濉溪,省政府,经济开发区,1998.09,1004.2,新材料、新能源、装备制造、有色金属,116.746721,33.896143,116.741305,33.897543,安徽省淮北市濉溪县经济开发区,未知,ok,243.273,24.946,22.7357,208167.9804,0.1081,205.0,0.0,205.0,205.0,13653.0,67830.402,6918701.0,35380.0,93422.4608,9529091.0,160193.0,128399.6961,13096769.0,226793.0,150210.0294,15321423.0,248069.0,169977.5196,17337707.0,1990,2000,6918701.0,9529091.0,2610390.0
709,S347071,安徽铜陵金桥经济开发区,安徽省,铜陵金桥,省政府,经济开发区,2006.02,1087.17,新材料、装备制造、电子信息,117.999245,30.963698,117.993912,30.965916,安徽省铜陵市义安区安徽铜陵金桥经济开发区,住宅区,ok,205.048,30.6125,15.0249,56057.8962,10.1226,5305.0,561.0,4744.0,4183.0,8832.0,12590.99,1259099.0,15862.0,16526.1,1652610.0,29161.0,30109.58,3010958.0,36710.0,38447.09,3844709.0,38485.0,42347.64,4234764.0,2000,2010,1652610.0,3010958.0,1358348.0
710,S347070,安徽铜陵大桥经济开发区,安徽省,铜陵大桥,省政府,经济开发区,2006.04,415.88,物流、铜材拆解加工、工贸服务,117.811298,30.945214,117.805956,30.947507,安徽省铜陵市,市,ok,219.976,29.214,24.4498,231588.5655,2.1341,2882.0,530.0,2352.0,1822.0,132138.0,69688.7573,7177942.0,155887.0,88871.4466,9153759.0,226833.0,129573.0291,13346022.0,264269.0,153963.7087,15858262.0,277923.0,162398.5437,16727050.0,2000,2010,9153759.0,13346022.0,4192263.0
711,S347080,安徽枞阳经济开发区,安徽省,枞阳,省政府,经济开发区,2006.02,436.55,机械、新材料、纺织服装,117.252014,30.736459,117.246631,30.738814,安徽省铜陵市枞阳县安徽枞阳经济开发区,住宅区,ok,276.42,30.7694,21.7895,95089.4181,3.6416,4550.0,23.0,4527.0,4504.0,6546.0,10207.14,1020714.0,9590.0,17782.69,1778269.0,61670.0,29776.52,2977652.0,99861.0,37909.1,3790910.0,144640.0,44963.55,4496355.0,2000,2010,1778269.0,2977652.0,1199383.0
712,S347094,安庆临港经济开发区,安徽省,安庆临港,省政府,经济开发区,2010.12,368.46,轻工、纺织、机械,117.192984,30.54475,117.18758,30.547133,安徽省安庆市迎江区临港经济开发区,未知,ok,293.912,25.3565,19.8313,35755.7493,0.2502,513.0,26.0,487.0,461.0,140.0,2838.3431,289511.0,1261.0,5937.5686,605632.0,113166.0,15946.4902,1626542.0,198261.0,23370.1863,2383759.0,245118.0,33053.4706,3371454.0,2010,2015,1626542.0,2383759.0,757217.0
714,S347077,安徽安庆长江大桥经济开发区,安徽省,安庆长江大桥,省政府,经济开发区,2002.07,841.25,食品、机械、纺织服装,117.076942,30.495055,117.071463,30.497336,安徽省池州市东至县安庆长江大桥,兴趣点,ok,306.052,,33.0631,231342.3842,0.0477,53.0,1.0,52.0,51.0,50105.0,57534.2451,5868493.0,56171.0,76556.9804,7808812.0,61066.0,99726.6863,10172122.0,63937.0,113731.3627,11600599.0,68447.0,122627.7059,12508026.0,2000,2010,7808812.0,10172122.0,2363310.0
715,S347079,安徽怀宁经济开发区,安徽省,怀宁,省政府,经济开发区,1998.11,712.7,机械电子、轻工纺织、新材料,116.812009,30.756493,116.806926,30.758908,安徽省安庆市怀宁县经济开发区,未知,ok,310.095,,27.8318,95852.6006,1.1028,7173.0,0.0,7173.0,7173.0,5357.0,12305.6505,1267482.0,37009.0,22737.1359,2341925.0,56900.0,48180.4466,4962586.0,65311.0,64285.466,6621403.0,67185.0,75307.1359,7756635.0,1990,2000,1267482.0,2341925.0,1074443.0
716,S347081,安徽潜山经济开发区,安徽省,潜山,省政府,经济开发区,2002.11,1015.48,医药化工、机械机电、农副产品加工,116.595638,30.631313,116.590784,30.633912,安徽省安庆市潜山市经济开发区,未知,ok,334.997,53.2261,20.2803,171713.083,0.853,2866.0,11.0,2855.0,2844.0,1924.0,13369.9412,1363734.0,9994.0,25968.5098,2648788.0,148840.0,50607.7255,5161988.0,237030.0,65608.9216,6692110.0,290788.0,74594.5,7608639.0,2000,2010,2648788.0,5161988.0,2513200.0
717,S347082,安徽太湖经济开发区,安徽省,太湖,省政府,经济开发区,2006.02,360.13,装备制造、轻工纺织、新材料,116.334574,30.449358,116.329408,30.45173,安徽省安庆市太湖县经济开发区,未知,ok,366.989,37.0554,22.3086,153750.6612,6.5494,10113.0,103.0,10010.0,9907.0,21933.0,11781.0816,1154546.0,44175.0,21159.4694,2073628.0,170225.0,36572.2755,3584083.0,246125.0,45808.4796,4489231.0,270968.0,53252.1939,5218715.0,2000,2010,2073628.0,3584083.0,1510455.0
718,S347083,安徽宿松经济开发区,安徽省,宿松,省政府,经济开发区,2006.02,591.98,纺织服装、农副产品加工、电子信息,116.110936,30.190224,116.105643,30.192559,安徽省安庆市宿松县经济开发区,未知,ok,400.82,28.8776,17.832,110112.847,8.5062,9191.0,1429.0,7762.0,6333.0,4857.0,18090.4653,1827137.0,13085.0,29976.0891,3027585.0,101056.0,46882.9703,4735180.0,158705.0,57654.9802,5823153.0,195268.0,67132.7426,6780407.0,2000,2010,3027585.0,4735180.0,1707595.0
719,S347084,安徽望江经济开发区,安徽省,望江,省政府,经济开发区,2006.02,712.22,纺织服装、农产品加工,116.708565,30.112216,116.703542,30.114757,安徽省安庆市望江县安徽望江经济开发区,住宅区,ok,331.85,30.6109,12.8875,136607.5012,0.4093,1181.0,11.0,1170.0,1159.0,14968.0,17914.6931,1809384.0,51707.0,27862.6337,2814126.0,166044.0,54249.8812,5479238.0,223261.0,69235.9604,6992832.0,237959.0,75220.9406,7597315.0,2000,2010,2814126.0,5479238.0,2665112.0
720,S347095,安徽岳西经济开发区,安徽省,岳西,省政府,经济开发区,2006.08,239.82,汽车零配件、轻纺、农副产品加工,116.298268,30.854981,116.293137,30.857244,安徽省安庆市岳西县经济开发区,未知,ok,347.92,26.2502,34.1508,63725.3561,20.0237,7672.0,421.0,7251.0,6830.0,10118.0,5826.6471,594318.0,14214.0,7679.6569,783325.0,84930.0,14682.3039,1497595.0,121482.0,20095.8725,2049779.0,149183.0,29351.4804,2993851.0,2000,2010,783325.0,1497595.0,714270.0
721,S347096,安徽黄山经济开发区,安徽省,黄山,省政府,经济开发区,2006.07,959.76,机械电子、纺织服装、新材料,118.260641,29.77959,118.255528,29.782089,安徽省黄山市经济开发区,未知,ok,188.282,37.5653,22.73,60143.456,7.0975,2869.0,127.0,2742.0,2615.0,14283.0,10792.2157,1100806.0,54111.0,19055.0784,1943618.0,154306.0,35752.5686,3646762.0,195009.0,45234.5392,4613923.0,203102.0,49251.1275,5023615.0,2000,2010,1943618.0,3646762.0,1703144.0
723,S347098,安徽徽州经济开发区,安徽省,徽州,省政府,经济开发区,2008.11,598.69,机械电子、纺织服装、农副产品加工,118.336799,29.827291,118.331586,29.829676,安徽省黄山市徽州区,区县,ok,179.863,44.4865,26.4482,135044.5795,8.2758,5131.0,42.0,5089.0,5047.0,106436.0,18480.534,1903495.0,206330.0,30780.5631,3170398.0,274837.0,51756.1165,5330880.0,307730.0,64364.0874,6629501.0,308550.0,68196.2718,7024216.0,2000,2010,3170398.0,5330880.0,2160482.0
724,S347085,安徽歙县经济开发区,安徽省,歙县,省政府,经济开发区,2006.05,354.84,机械电子、汽车摩托车零配件、新材料,118.455285,29.896626,118.450086,29.898992,安徽省黄山市歙县经济开发区,未知,ok,166.998,35.1852,33.1562,124136.828,11.9908,1700.0,188.0,1512.0,1324.0,12666.0,20368.6602,2097972.0,42229.0,34573.1942,3561039.0,166354.0,49481.0194,5096545.0,247781.0,57726.767,5945857.0,316318.0,64982.3981,6693187.0,2000,2010,3561039.0,5096545.0,1535506.0
725,S347099,安徽休宁经济开发区,安徽省,休宁,省政府,经济开发区,2006.09,109.97,电子信息、汽车零配件、食品,118.183477,29.810907,118.178247,29.813334,安徽省黄山市休宁县安徽休宁经济开发区,住宅区,ok,194.701,16.3228,26.7063,86715.2554,21.2648,1704.0,32.0,1672.0,1640.0,17467.0,15532.1386,1568746.0,35632.0,23131.495,2336281.0,60311.0,33958.4851,3429807.0,70586.0,39478.604,3987339.0,73065.0,41028.198,4143848.0,2000,2010,2336281.0,3429807.0,1093526.0
726,S347100,安徽黟县经济开发区,安徽省,黟县,省政府,经济开发区,2006.09,141.75,农副产品加工、纺织、机电,117.938139,29.92477,117.933046,29.927422,安徽省黄山市黟县,区县,ok,215.597,29.6472,19.3903,48301.2996,13.5685,1771.0,36.0,1735.0,1699.0,252218.0,14400.47,1440047.0,299157.0,18922.26,1892226.0,310280.0,24281.79,2428179.0,314730.0,27038.29,2703829.0,314730.0,27900.44,2790044.0,2000,2010,1892226.0,2428179.0,535953.0
727,S347101,安徽祁门经济开发区,安徽省,祁门,省政府,经济开发区,2006.08,193.39,电子电器、食品、林产品加工,117.759424,29.842045,117.754092,29.844549,安徽省黄山市祁门县安徽祁门经济开发区,住宅区,ok,234.155,49.063,52.9784,40581.4604,46.4041,14268.0,739.0,13529.0,12790.0,9955.0,6730.4118,686502.0,13047.0,9012.2451,919249.0,28976.0,12325.6667,1257218.0,41046.0,14252.4608,1453751.0,56891.0,16185.9412,1650966.0,2000,2010,919249.0,1257218.0,337969.0
729,S347103,安徽来安汊河经济开发区,安徽省,来安汊河,省政府,经济开发区,2009.01,606.37,汽车零配件、机械电子、商贸物流,118.603847,32.225487,118.598822,32.227741,安徽省滁州市来安县汊河经济开发区,未知,ok,95.017,16.3379,10.7556,50906.3129,0.3229,684.0,4.0,680.0,676.0,0.0,13130.598,1339321.0,0.0,15006.2353,1530636.0,215478.0,39038.3627,3981913.0,338211.0,54678.1176,5577168.0,361501.0,64128.9314,6541151.0,2000,2010,1530636.0,3981913.0,2451277.0
730,S347038,安徽全椒经济开发区,安徽省,全椒,省政府,经济开发区,2006.02,299.71,机械、电子、服装,118.303223,32.127518,118.297862,32.129528,安徽省滁州市全椒县经济开发区,未知,ok,123.621,17.5571,7.8087,83872.9025,0.2085,455.0,9.0,446.0,437.0,2061.0,19618.0,2020654.0,5335.0,26345.9709,2713635.0,175121.0,49580.4757,5106789.0,265617.0,64960.8544,6690968.0,299499.0,78235.1359,8058219.0,2000,2010,2713635.0,5106789.0,2393154.0
732,S347040,安徽凤阳经济开发区,安徽省,凤阳,省政府,经济开发区,2006.02,677.89,玻璃制品、食品,117.549397,32.90544,117.543904,32.907465,安徽省滁州市凤阳县安徽凤阳经济开发区,住宅区,ok,203.601,22.053,13.5041,138173.8952,0.1633,409.0,5.0,404.0,399.0,16776.0,26828.6634,2709695.0,58833.0,38886.9406,3927581.0,120390.0,61997.297,6261727.0,163050.0,76406.3168,7717038.0,208734.0,87431.0792,8830539.0,2000,2010,3927581.0,6261727.0,2334146.0
733,S347036,安徽天长经济开发区,安徽省,天长,省政府,经济开发区,2006.02,889.06,机械、电子、纺织,118.961679,32.677633,118.956501,32.679738,安徽省滁州市天长市经济开发区,未知,ok,71.442,31.6669,15.3422,127693.1314,0.1829,193.0,0.0,193.0,193.0,11309.0,24690.7308,2567836.0,33424.0,35769.9808,3720078.0,183528.0,63403.0769,6593920.0,268459.0,79265.5577,8243618.0,270346.0,84943.6827,8834143.0,2000,2010,3720078.0,6593920.0,2873842.0
734,S347037,安徽明光经济开发区,安徽省,明光,省政府,经济开发区,2006.02,731.97,机械、电子、新材料,118.014825,32.792953,118.009273,32.794862,安徽省滁州市明光市安徽明光经济开发区,住宅区,ok,158.294,42.7333,20.2538,190628.5489,0.1752,293.0,1.0,292.0,291.0,7996.0,27692.1068,2852287.0,19271.0,39781.4563,4097490.0,132626.0,59788.9417,6158261.0,210386.0,72026.8932,7418770.0,247156.0,81899.5243,8435651.0,2000,2010,4097490.0,6158261.0,2060771.0
735,S347025,安徽阜阳经济开发区,安徽省,阜阳,省政府,经济开发区,2006.02,830.0,医药、农产品加工、机械,115.839104,32.856239,115.833802,32.858305,安徽省阜阳市经济开发区,未知,ok,359.078,59.9622,37.5683,351601.8801,0.3739,1545.0,41.0,1504.0,1463.0,17382.0,44503.5644,4494860.0,128276.0,90224.0891,9112633.0,325960.0,162632.3069,16425863.0,412482.0,203525.1386,20556039.0,432609.0,226995.0792,22926503.0,2000,2010,9112633.0,16425863.0,7313230.0
736,S347105,安徽颍东经济开发区,安徽省,颍东,省政府,经济开发区,2008.12,827.49,农副产品加工、机械、煤基新材料,115.894764,32.955025,115.88956,32.957095,安徽省阜阳市颍东区安徽颍东经济开发区,住宅区,ok,362.744,36.6811,13.4769,139364.2938,0.3527,557.0,4.0,553.0,549.0,2833.0,20873.402,2129087.0,6899.0,43138.1863,4400095.0,137145.0,88771.6863,9054712.0,218592.0,116181.2549,11850488.0,255404.0,137572.8333,14032429.0,2000,2010,4400095.0,9054712.0,4654617.0
737,S347026,安徽颍泉经济开发区,安徽省,颍泉,省政府,经济开发区,2006.02,1214.21,轻工纺织、机械电子、家具,115.807415,32.925461,115.802024,32.927424,安徽省阜阳市颍泉区,区县,ok,371.39,69.246,36.4612,390790.9167,0.6851,1286.0,6.0,1280.0,1274.0,37167.0,66768.4554,6743614.0,162403.0,121534.1881,12274953.0,278446.0,183744.6337,18558208.0,326190.0,217887.4752,22006635.0,334104.0,234849.1485,23719764.0,2000,2010,12274953.0,18558208.0,6283255.0
738,S347028,安徽临泉经济开发区,安徽省,临泉,省政府,经济开发区,2006.02,1206.46,机械电子、化工、皮革,115.296321,33.038889,115.290717,33.040689,安徽省阜阳市临泉县安徽临泉经济开发区,住宅区,ok,406.04,23.5344,21.5481,204728.6666,0.6662,575.0,2.0,573.0,571.0,17416.0,28170.2525,2788855.0,56831.0,63311.2121,6267810.0,75163.0,98655.5455,9766899.0,99439.0,121397.0404,12018307.0,172122.0,150006.404,14850634.0,2000,2010,6267810.0,9766899.0,3499089.0
739,S347029,安徽太和经济开发区,安徽省,太和,省政府,经济开发区,2006.04,1026.59,医药化工、轻工纺织、农副产品加工,115.608046,33.212809,115.602711,33.214703,安徽省阜阳市太和县经济开发区,未知,ok,371.272,39.7595,15.654,151186.1164,1.842,1739.0,42.0,1697.0,1655.0,51105.0,10984.6569,1120435.0,100899.0,26874.3824,2741187.0,165895.0,58569.0882,5974047.0,221233.0,80792.9902,8240885.0,240510.0,109016.6863,11119702.0,2000,2010,2741187.0,5974047.0,3232860.0
740,S347030,安徽阜南经济开发区,安徽省,阜南,省政府,经济开发区,2006.02,637.31,林木产品加工、纺织服装、机械电子,115.605609,32.651891,115.600327,32.654137,安徽省阜阳市阜南县经济开发区,未知,ok,378.507,45.9043,21.134,198004.8572,0.5967,1023.0,12.0,1011.0,999.0,127614.0,25796.4554,2605442.0,209132.0,45998.2673,4645825.0,257131.0,75203.5446,7595558.0,277009.0,95427.2475,9638152.0,283773.0,123693.9703,12493091.0,2000,2010,4645825.0,7595558.0,2949733.0
741,S347031,安徽颍上经济开发区,安徽省,颍上,省政府,经济开发区,2006.02,849.63,轻纺、食品、机械电子、新能源,116.312644,32.649853,116.307327,32.651839,安徽省阜阳市颍上县经济开发区,未知,ok,312.366,32.9621,16.392,120185.9597,1.6575,832.0,51.0,781.0,730.0,4043.0,22898.98,2289898.0,32808.0,36943.67,3694367.0,190417.0,69507.4,6950740.0,277765.0,90262.07,9026207.0,294053.0,107779.44,10777944.0,2000,2010,3694367.0,6950740.0,3256373.0
743,S347015,安徽宿州经济开发区,安徽省,宿州,省政府,经济开发区,2001.07,2537.3,生化医药、鞋服、新材料、新能源,116.952467,33.587696,116.947129,33.58931,安徽省宿州市埇桥区宿州经济开发区,住宅区,ok,241.952,13.1166,20.3818,190855.5523,0.0684,443.0,0.0,443.0,443.0,14789.0,44116.8641,4544037.0,19820.0,63443.767,6534708.0,65623.0,87424.4757,9004721.0,110671.0,104305.1165,10743427.0,178432.0,121345.8544,12498623.0,2000,2010,6534708.0,9004721.0,2470013.0
744,S347106,安徽砀山经济开发区,安徽省,砀山,省政府,经济开发区,2006.09,798.63,轻工、机械电子、商贸物流,116.384741,34.421675,116.379127,34.422722,安徽省宿州市砀山县经济开发区,未知,ok,260.073,18.1598,13.9222,153826.7244,0.8988,436.0,0.0,436.0,436.0,29162.0,39116.3592,4028985.0,97807.0,68743.4272,7080573.0,223551.0,97238.8641,10015603.0,278583.0,112128.2816,11549213.0,285358.0,120822.5922,12444727.0,2000,2010,7080573.0,10015603.0,2935030.0
745,S347016,安徽萧县经济开发区,安徽省,萧县,省政府,经济开发区,2006.02,340.69,建材、机械、合成革,117.027994,34.141784,117.022305,34.143039,安徽省宿州市安徽萧县经济开发区,住宅区,ok,209.402,24.0668,10.535,39875.1164,0.4885,134.0,0.0,134.0,134.0,10902.0,26677.9706,2721153.0,33421.0,38507.2157,3927736.0,125666.0,47971.7059,4893114.0,179643.0,55829.1176,5694570.0,201677.0,69844.2745,7124116.0,2000,2010,3927736.0,4893114.0,965378.0
746,S347017,安徽灵璧经济开发区,安徽省,灵璧,省政府,经济开发区,2006.02,535.66,服装、机械、农副产品加工,117.557645,33.612249,117.552102,33.613863,安徽省宿州市灵璧县安徽灵璧经济开发区,住宅区,ok,194.612,,8.736,49925.9922,0.2025,233.0,1.0,232.0,231.0,15668.0,12277.5152,1215474.0,26654.0,20186.3636,1998450.0,43304.0,30227.0303,2992476.0,52252.0,35702.4343,3534541.0,59407.0,40517.5354,4011236.0,2000,2010,1998450.0,2992476.0,994026.0
747,S347018,安徽泗县经济开发区,安徽省,泗县,省政府,经济开发区,2006.08,962.39,机械电子、纺织服装、农产品加工,117.912729,33.46879,117.907333,33.470493,安徽省宿州市泗县经济开发区,未知,ok,182.245,21.8519,16.5657,142580.8184,0.1453,75.0,0.0,75.0,75.0,5367.0,29616.7143,3109755.0,16854.0,46074.4571,4837818.0,127914.0,73026.019,7667732.0,216729.0,89749.8095,9423730.0,254452.0,102646.9429,10777929.0,2000,2010,4837818.0,7667732.0,2829914.0
748,S347042,安徽裕安经济开发区,安徽省,裕安,省政府,经济开发区,2006.02,462.26,机械装备、汽车零配件、轻工纺织,116.474339,31.670061,116.46911,31.671988,安徽省六安市裕安区经济开发区,未知,ok,302.275,16.5156,10.1061,72855.1852,0.6786,4776.0,29.0,4747.0,4718.0,10938.0,8642.505,872893.0,14270.0,12952.0792,1308160.0,137842.0,37050.5842,3742109.0,199717.0,51440.8515,5195526.0,214074.0,58527.1287,5911240.0,2000,2010,1308160.0,3742109.0,2433949.0
749,S347044,安徽叶集经济开发区,安徽省,叶集,省政府,经济开发区,2002.08,453.35,木竹产品加工、家具、建材,115.947999,31.876008,115.942862,31.878186,安徽省六安市叶集区经济开发区,未知,ok,347.788,13.7966,14.6482,68817.0887,0.6831,3977.0,2.0,3975.0,3973.0,14386.0,9591.2019,997485.0,20848.0,17841.875,1855555.0,126945.0,40845.5962,4247942.0,182317.0,55333.8942,5754725.0,234533.0,70791.4038,7362306.0,2000,2010,1855555.0,4247942.0,2392387.0
750,S347045,安徽霍邱经济开发区,安徽省,霍邱,省政府,经济开发区,2006.04,1112.34,铁矿加工、循环经济、机械,115.943895,32.37517,115.938721,32.377435,安徽省六安市霍邱县经济开发区,未知,ok,346.015,19.4667,10.7607,43892.9039,1.0359,1228.0,76.0,1152.0,1076.0,62076.0,9914.7921,1001394.0,85306.0,19052.3564,1924288.0,105654.0,31587.9109,3190379.0,114190.0,39116.8812,3950805.0,119170.0,42604.6733,4303072.0,2000,2010,1924288.0,3190379.0,1266091.0
751,S347046,安徽舒城经济开发区,安徽省,舒城,省政府,经济开发区,2006.02,710.0,汽车摩托车零配件、婴童用品、建材,116.961437,31.480254,116.956264,31.482368,安徽省六安市舒城县经济开发区,未知,ok,263.029,29.3584,17.7433,170282.2795,0.3939,298.0,6.0,292.0,286.0,28823.0,24521.9038,2550278.0,55649.0,38255.6538,3978588.0,195475.0,66081.8462,6872512.0,269296.0,83560.1442,8690255.0,284767.0,97939.4615,10185704.0,2000,2010,3978588.0,6872512.0,2893924.0
753,S347048,安徽霍山经济开发区,安徽省,霍山,省政府,经济开发区,2006.04,1019.91,农副产品加工、电光源、新材料,116.372327,31.41292,116.367012,31.414782,安徽省六安市霍山县经济开发区,未知,ok,318.72,26.9499,17.8157,119597.0197,6.1815,4601.0,171.0,4430.0,4259.0,4204.0,9764.2039,1005713.0,11815.0,15538.8641,1600503.0,185775.0,36214.699,3730114.0,303828.0,49774.4757,5126771.0,320153.0,57096.0,5880888.0,2000,2010,1600503.0,3730114.0,2129611.0
754,S347010,安徽亳州经济开发区,安徽省,亳州,省政府,经济开发区,1993.04,1200.24,医药、农产品加工、中药材,115.815047,33.83195,115.809589,33.83345,安徽省亳州市经济开发区,未知,ok,326.566,30.2209,19.9874,171012.1577,0.2785,1764.0,0.0,1764.0,1764.0,17218.0,32573.0882,3322455.0,112123.0,79120.5784,8070299.0,167480.0,112803.1961,11505926.0,206260.0,134150.3627,13683337.0,234595.0,157455.3529,16060446.0,1990,2000,3322455.0,8070299.0,4747844.0
755,S347011,安徽谯城经济开发区,安徽省,谯城,省政府,经济开发区,2006.04,1682.12,中医药、机械电子、农副产品加工,115.77718,33.822822,115.77164,33.824269,安徽省亳州市谯城区经济开发区,未知,ok,330.221,33.7614,23.5666,209389.2008,0.0718,1030.0,0.0,1030.0,1030.0,16910.0,31419.6699,3236226.0,50935.0,74565.1068,7680206.0,196827.0,122122.699,12578638.0,275635.0,154535.835,15917191.0,301837.0,187410.4854,19303280.0,2000,2010,7680206.0,12578638.0,4898432.0
756,S347012,安徽涡阳经济开发区,安徽省,涡阳,省政府,经济开发区,2006.02,462.26,建材、机械、食品,116.191819,33.48074,116.186402,33.482226,安徽省亳州市涡阳县经济开发区,未知,ok,309.38,20.1678,17.0534,175104.3414,0.1865,154.0,24.0,130.0,106.0,3484.0,35809.4158,3616751.0,16451.0,65612.3861,6626851.0,97622.0,92682.198,9360902.0,178813.0,109795.9109,11089387.0,285607.0,126233.6832,12749602.0,2000,2010,6626851.0,9360902.0,2734051.0
757,S347013,安徽蒙城经济开发区,安徽省,蒙城,省政府,经济开发区,2006.02,1272.67,汽车及零配件、农副产品加工、轻纺织造,116.585216,33.246079,116.580132,33.247933,安徽省亳州市蒙城县经济开发区,未知,ok,291.28,32.3321,18.681,203436.4108,0.3216,417.0,37.0,380.0,343.0,25512.0,30396.6923,3161256.0,71396.0,58891.4135,6124707.0,157051.0,86022.7885,8946370.0,198992.0,105342.1058,10955579.0,212126.0,125110.3173,13011473.0,2000,2010,6124707.0,8946370.0,2821663.0
758,S347014,安徽利辛经济开发区,安徽省,利辛,省政府,经济开发区,2006.02,662.38,农副产品加工、服饰、丝网纱门,116.173246,33.150159,116.167814,33.151812,安徽省亳州市利辛县经济开发区,未知,ok,329.18,14.4701,12.7956,119088.6097,0.2176,809.0,0.0,809.0,809.0,10919.0,27596.0392,2814796.0,16535.0,43781.2647,4465689.0,121613.0,73651.3627,7512439.0,193552.0,92717.3431,9457169.0,226450.0,105874.0294,10799151.0,2000,2010,4465689.0,7512439.0,3046750.0
760,S347074,安徽东至经济开发区,安徽省,东至,省政府,经济开发区,2006.02,434.64,基础化工、精细化工、石化,116.824761,30.067914,116.819757,30.070511,安徽省池州市东至县经济开发区,未知,ok,320.912,16.4536,9.1306,21922.4858,10.0937,13697.0,442.0,13255.0,12813.0,161.0,7450.7714,782331.0,161.0,9947.2571,1044462.0,247447.0,21951.8857,2304948.0,354980.0,28282.2,2969631.0,375081.0,30853.4095,3239608.0,2000,2010,1044462.0,2304948.0,1260486.0
761,S347107,池州大渡口经济开发区,安徽省,池州大渡口,省政府,经济开发区,2008.06,323.76,轻纺、农副产品加工、机械,117.069903,30.48164,117.064438,30.483932,安徽省池州市东至县大渡口(轮渡站)经济开发区,未知,ok,307.508,12.6002,24.6917,154002.1325,0.0444,53.0,1.0,52.0,51.0,4733.0,45537.5545,4599293.0,27865.0,55636.495,5619286.0,140980.0,70298.8911,7100188.0,208806.0,79882.1485,8068097.0,247084.0,87484.901,8835975.0,2000,2010,5619286.0,7100188.0,1480902.0
762,S347108,安徽青阳经济开发区,安徽省,青阳,省政府,经济开发区,2006.08,800.42,机电装备、非金属新材料,117.881003,30.642997,117.875846,30.645563,安徽省池州市青阳县经济开发区,未知,ok,223.754,30.5237,10.3841,85149.939,10.2676,6378.0,145.0,6233.0,6088.0,28961.0,13905.01,1390501.0,34971.0,19541.68,1954168.0,183863.0,37617.67,3761767.0,273592.0,49011.87,4901187.0,289848.0,54417.81,5441781.0,2000,2010,1954168.0,3761767.0,1807599.0
763,S347065,安徽宣州经济开发区,安徽省,宣州,省政府,经济开发区,2006.02,910.15,机械装备、纺织服装、精细化工,118.715163,31.028012,118.710058,31.030202,安徽省宣城市宣州区经济开发区,未知,ok,154.801,9.4342,8.8326,34358.7919,6.1427,8812.0,735.0,8077.0,7342.0,2735.0,4757.3939,470982.0,6750.0,5960.0101,590041.0,33445.0,15639.6162,1548322.0,50969.0,22739.0404,2251165.0,63168.0,27749.7273,2747223.0,2000,2010,590041.0,1548322.0,958281.0
764,S347109,安徽郎溪经济开发区,安徽省,郎溪,省政府,经济开发区,2006.08,908.88,装备制造、轻工纺织、电力电子,119.194087,31.202304,119.188839,31.204317,安徽省宣城市郎溪县经济开发区,未知,ok,116.952,19.2959,9.379,34777.3118,0.3658,2294.0,9.0,2285.0,2276.0,7099.0,8017.5204,785717.0,11131.0,9946.9694,974803.0,90768.0,23135.0918,2267239.0,137038.0,33469.7653,3280037.0,180673.0,47973.8878,4701441.0,2000,2010,974803.0,2267239.0,1292436.0
765,S347067,安徽广德经济开发区,安徽省,广德,省政府,经济开发区,2006.02,1455.03,机械、信息电子、新材料,119.46346,30.889894,119.458229,30.892028,安徽省宣城市广德市经济开发区,未知,ok,101.36,,16.4419,94754.7107,1.8488,6865.0,250.0,6615.0,6365.0,42259.0,15645.0588,1595796.0,59457.0,23405.6176,2387373.0,181122.0,62576.4118,6382794.0,240848.0,88054.902,8981600.0,273010.0,100846.6961,10286363.0,2000,2010,2387373.0,6382794.0,3995421.0
766,S347110,安徽泾县经济开发区,安徽省,泾县,省政府,经济开发区,2006.09,364.12,机电、矿产品、农副产品加工,118.446573,30.694666,118.441281,30.696883,安徽省宣城市泾县经济开发区,未知,ok,172.892,13.3937,8.7733,92636.7547,22.9338,13263.0,1484.0,11779.0,10295.0,415.0,15619.9216,1593232.0,3440.0,21340.1667,2176697.0,159161.0,39143.549,3992642.0,264183.0,50390.9608,5139878.0,270465.0,54069.2647,5515065.0,2000,2010,2176697.0,3992642.0,1815945.0
767,S347111,安徽绩溪经济开发区,安徽省,绩溪,省政府,经济开发区,2006.09,88.45,纺织、机械、食品,118.578519,30.067533,118.57367,30.070195,安徽省宣城市绩溪县,区县,ok,152.277,33.6942,16.9689,91818.9499,30.9784,5127.0,435.0,4692.0,4257.0,4525.0,12417.4854,1279001.0,16338.0,17458.2427,1798199.0,130766.0,32741.3592,3372360.0,188265.0,41894.7767,4315162.0,238707.0,45784.1068,4715763.0,2000,2010,1798199.0,3372360.0,1574161.0
768,S347112,安徽旌德经济开发区,安徽省,旌德,省政府,经济开发区,2006.09,160.61,建材、机电、农副产品加工,118.53378,30.310997,118.528813,30.313567,安徽省宣城市旌德县经济开发区,未知,ok,156.256,30.6383,23.7308,27456.5439,26.2001,12661.0,377.0,12284.0,11907.0,18738.0,7946.8155,818522.0,40789.0,10607.3981,1092562.0,109994.0,18285.0097,1883356.0,153199.0,23134.3689,2382840.0,157267.0,25518.6796,2628424.0,2000,2010,1092562.0,1883356.0,790794.0
771,S357001,福州福兴经济开发区,福建省,福州福兴,省政府,经济开发区,1998.03,541.97,金属制品、印刷、电子,119.364546,26.07249,119.359626,26.075471,福建省福州市晋安区福州福兴经济开发区,住宅区,ok,4.044,151.1764,119.803,721932.6672,17.491,1798.0,0.0,1798.0,1798.0,72534.0,94896.7981,9869267.0,358345.0,129652.2308,13483832.0,366248.0,136445.7404,14190357.0,369833.0,139899.6635,14549565.0,371949.0,142069.5865,14775237.0,1990,2000,9869267.0,13483832.0,3614565.0
772,S357009,福建长乐经济开发区,福建省,长乐,省政府,经济开发区,2006.04,267.99,化纤、棉纺、经编针织,119.593579,25.888274,119.589138,25.89147,福建省福州市长乐区,区县,ok,1.545,31.5156,26.5934,123127.3657,0.54,418.0,63.0,355.0,292.0,14543.0,31139.1919,3082780.0,32568.0,53317.3838,5278421.0,41038.0,62695.4949,6206854.0,47265.0,68761.101,6807349.0,62064.0,76625.4545,7585920.0,2000,2010,5278421.0,6206854.0,928433.0
774,S357005,福建连江经济开发区,福建省,连江,省政府,经济开发区,2006.03,226.45,船舶修造、鞋服、机电,119.525344,26.226869,119.520722,26.230176,福建省福州市连江县经济开发区,未知,ok,9.978,45.8452,58.6086,213921.3937,20.0497,13271.0,1398.0,11873.0,10475.0,24717.0,21282.7129,2149554.0,50633.0,37522.8317,3789806.0,82991.0,52632.0198,5315834.0,96692.0,61412.2673,6202639.0,100535.0,65159.1485,6581074.0,2000,2010,3789806.0,5315834.0,1526028.0
775,S357003,福建罗源湾经济开发区,福建省,罗源湾,省政府,经济开发区,1998.03,393.47,冶金、建材、食品,119.949054,26.154453,119.944799,26.157775,福建省福州市连江县经济村,村庄,ok,18.507,,,,3.877,335.0,0.0,335.0,335.0,23148.0,892.0577,92774.0,28483.0,1159.9519,120635.0,33716.0,1461.9808,152046.0,40455.0,1909.7596,198615.0,61877.0,3615.3173,375993.0,1990,2000,92774.0,120635.0,27861.0
776,S357007,福建福清江阴经济开发区,福建省,福清江阴,省政府,经济开发区,2006.03,762.88,化工、新材料、医药,119.318858,25.450936,119.314065,25.453661,福建省福州市福清市江阴镇,乡镇,ok,1.95,32.4057,25.5742,88742.5236,0.3129,359.0,25.0,334.0,309.0,56035.0,21119.1667,2154155.0,102578.0,38243.4216,3900829.0,120359.0,44515.8333,4540615.0,131560.0,48843.5392,4982041.0,141403.0,55938.0588,5705682.0,2000,2010,3900829.0,4540615.0,639786.0
777,S357008,福建福清龙田经济开发区,福建省,福清龙田,省政府,经济开发区,1999.05,117.45,水产品加工、精细化工、五金,119.469861,25.596906,119.465085,25.599667,福建省福州市福清市福清龙田镇,乡镇,ok,1.444,35.0418,25.4967,110120.2938,0.0687,703.0,0.0,703.0,703.0,37908.0,42979.7525,4340955.0,82308.0,68468.1683,6915285.0,90794.0,74864.2475,7561289.0,95048.0,77943.3069,7872274.0,97435.0,80298.7822,8110177.0,1990,2000,4340955.0,6915285.0,2574330.0
780,S357024,福建莆田华林经济开发区,福建省,莆田华林,省政府,经济开发区,2006.03,645.9,鞋服、电子、食品,118.953531,25.388969,118.948973,25.391889,福建省莆田市城厢区福建莆田华林经济开发区,住宅区,ok,12.568,35.2755,21.3835,71356.765,15.4796,17019.0,1130.0,15889.0,14759.0,71872.0,16533.3883,1702939.0,122245.0,33974.1748,3499340.0,230131.0,43883.9223,4520044.0,289737.0,49189.4466,5066513.0,295793.0,51932.5437,5349052.0,2000,2010,3499340.0,4520044.0,1020704.0
781,S357025,福建荔城经济开发区,福建省,荔城,省政府,经济开发区,2006.03,336.63,纺织鞋服、建材、食品,119.042482,25.485199,119.037638,25.487894,福建省莆田市荔城区荔城经济开发区,住宅区,ok,9.933,36.4011,30.4352,190920.0344,9.6062,8416.0,400.0,8016.0,7616.0,61541.0,24871.1837,2437376.0,145122.0,54106.4592,5302433.0,188192.0,75666.3265,7415300.0,207589.0,87529.6735,8577908.0,209710.0,93494.8265,9162493.0,2000,2010,5302433.0,7415300.0,2112867.0
782,S357027,福建莆田湄洲湾北岸经济开发区,福建省,莆田湄洲湾北岸,省政府,经济开发区,1996.02,1061.78,化纤、石化、钢铁,119.084887,25.183185,119.079992,25.185784,福建省莆田市秀屿区湄洲湾北岸经济开发区,住宅区,ok,1.921,29.6181,21.2632,76079.5724,0.068,101.0,0.0,101.0,101.0,126056.0,31241.4343,3092902.0,185730.0,49544.2626,4904882.0,186998.0,51935.9697,5141661.0,193132.0,53575.1818,5303943.0,221238.0,57085.6768,5651482.0,1990,2000,3092902.0,4904882.0,1811980.0
783,S357023,福建仙游经济开发区,福建省,仙游,省政府,经济开发区,2006.03,393.0,纺织、鞋服、机械、石化,118.880887,25.281019,118.876398,25.283977,福建省莆田市仙游县经济开发区,未知,ok,3.575,11.5046,19.2248,122423.8183,12.1478,12018.0,1787.0,10231.0,8444.0,16240.0,28686.0891,2897295.0,23419.0,57173.7228,5774546.0,32285.0,70731.3168,7143863.0,39899.0,78102.3267,7888335.0,58048.0,82147.9406,8296942.0,2000,2010,5774546.0,7143863.0,1369317.0
784,S357018,福建梅列经济开发区,福建省,梅列,省政府,经济开发区,2006.03,282.56,冶金及金属压延、装备制造,117.575724,26.280169,117.570841,26.283625,福建省三明市三元区梅列经济开发区,住宅区,ok,152.932,24.2813,24.687,53422.7316,47.3648,32827.0,5793.0,27034.0,21241.0,108.0,21791.4078,2244515.0,3146.0,22632.1748,2331114.0,64808.0,26100.767,2688379.0,112921.0,28824.4466,2968918.0,131107.0,31177.466,3211279.0,2000,2010,2331114.0,2688379.0,357265.0
785,S357021,福建三元经济开发区,福建省,三元,省政府,经济开发区,2006.03,211.45,机械、氟化工、食品,117.567867,26.269616,117.562975,26.273058,福建省三明市三元区经济开发区,未知,ok,153.609,23.6958,24.5976,53868.6888,46.5731,32771.0,5046.0,27725.0,22679.0,196.0,23300.01,2330001.0,1544.0,24323.83,2432383.0,25756.0,28165.94,2816594.0,49656.0,31184.94,3118494.0,55377.0,33802.11,3380211.0,2000,2010,2432383.0,2816594.0,384211.0
786,S357066,福建明溪经济开发区,福建省,明溪,省政府,经济开发区,2011.08,115.21,新材料、生物、医药,117.248682,26.336423,117.243662,26.339736,福建省三明市明溪县经济开发区,未知,ok,186.064,25.1446,28.8262,42806.934,38.9445,25403.0,7872.0,17531.0,9659.0,8426.0,9975.8163,977630.0,14876.0,12591.1633,1233934.0,55123.0,16578.0204,1624646.0,78604.0,18894.0,1851612.0,80704.0,20355.3673,1994826.0,2010,2015,1624646.0,1851612.0,226966.0
787,S357067,福建清流经济开发区,福建省,清流,省政府,经济开发区,2012.08,221.75,电子、轻工、水泥,116.816772,26.177658,116.812056,26.180963,福建省三明市清流县,区县,ok,213.891,35.9484,22.4416,28164.1671,50.6917,17989.0,6363.0,11626.0,5263.0,181808.0,6416.0588,654438.0,200725.0,8666.8235,884016.0,209846.0,11593.9412,1182582.0,215164.0,13153.3824,1341645.0,224688.0,14202.8431,1448690.0,2010,2015,1182582.0,1341645.0,159063.0
788,S357016,福建宁化华侨经济开发区,福建省,宁化华侨,省政府,经济开发区,1999.08,218.72,纺织服装、金属制品、食品,116.687552,26.237455,116.682875,26.240788,福建省三明市宁化县华侨经济开发区,住宅区,ok,225.913,44.8071,42.3179,78203.4812,30.0259,22725.0,0.0,22725.0,22725.0,14100.0,12293.3558,1278509.0,17475.0,16816.6635,1748933.0,58855.0,21800.0288,2267203.0,95936.0,25292.5,2630420.0,117207.0,29575.5577,3075858.0,1990,2000,1278509.0,1748933.0,470424.0
789,S357068,福建大田经济开发区,福建省,大田,省政府,经济开发区,2012.06,307.25,轻纺面料,117.915062,25.731458,117.910316,25.73457,福建省三明市大田县经济开发区,未知,ok,118.057,,32.1642,15470.9953,45.5692,11741.0,7297.0,4444.0,-2853.0,0.0,569.3069,57500.0,0.0,903.8515,91289.0,12.0,1792.0,180992.0,5955.0,2495.5842,252054.0,38241.0,3697.0198,373399.0,2010,2015,180992.0,252054.0,71062.0
790,S357022,福建尤溪经济开发区,福建省,尤溪,省政府,经济开发区,2006.03,202.94,林产品加工、纺织、农产品加工,118.134723,26.186873,118.129668,26.189939,福建省三明市尤溪县尤溪经济开发区,住宅区,ok,96.484,52.7382,62.9199,61850.2183,38.0533,35996.0,5485.0,30511.0,25026.0,0.0,5412.7525,546688.0,0.0,8391.6337,847555.0,72401.0,13636.9505,1377332.0,125879.0,17028.5347,1719882.0,176915.0,20090.0198,2029092.0,2000,2010,847555.0,1377332.0,529777.0
791,S357019,福建将乐经济开发区,福建省,将乐,省政府,经济开发区,2006.08,750.44,金属新材料、机械、生物医药,117.527626,26.755321,117.522603,26.758785,福建省三明市将乐县经济开发区,未知,ok,170.753,22.0796,14.8308,36424.4155,50.8537,22570.0,2539.0,20031.0,17492.0,6541.0,5404.1471,551223.0,14295.0,8900.0,907800.0,25995.0,11923.8824,1216236.0,32327.0,14534.4804,1482517.0,35691.0,19632.2255,2002487.0,2000,2010,907800.0,1216236.0,308436.0
793,S357069,福建建宁经济开发区,福建省,建宁,省政府,经济开发区,2011.08,268.49,造纸、生物质能源、非金属矿,116.868308,26.864427,116.863617,26.867963,福建省三明市建宁县福建建宁经济开发区,住宅区,ok,236.242,23.0828,31.8841,41672.4779,40.3719,28391.0,16895.0,11496.0,-5399.0,5083.0,5583.4327,580677.0,12469.0,8110.1058,843451.0,28288.0,11830.1154,1230332.0,34936.0,14029.4423,1459062.0,37005.0,15273.8654,1588482.0,2010,2015,1230332.0,1459062.0,228730.0
794,S357028,福建洛江经济开发区,福建省,洛江,省政府,经济开发区,2006.03,1436.7,机械装备、纺织鞋服、工艺制品,118.626777,25.018232,118.622308,25.021202,福建省泉州市洛江区经济开发区,未知,ok,8.797,51.2943,30.2152,106659.8141,12.5141,11530.0,225.0,11305.0,11080.0,19177.0,13243.2323,1311080.0,72075.0,22501.5657,2227655.0,97255.0,37547.4343,3717196.0,110639.0,46887.3636,4641849.0,115822.0,53255.7172,5272316.0,2000,2010,2227655.0,3717196.0,1489541.0
796,S357031,福建惠安经济开发区,福建省,惠安,省政府,经济开发区,2006.03,933.54,纺织鞋服、装备制造、纸品印刷,118.781037,25.012449,118.776402,25.015268,福建省泉州市惠安县,区县,ok,9.636,89.7279,31.3426,203695.2701,3.4039,5146.0,51.0,5095.0,5044.0,53569.0,51596.16,5159616.0,179581.0,80369.31,8036931.0,238858.0,97086.44,9708644.0,264082.0,105806.24,10580624.0,271641.0,112430.84,11243084.0,2000,2010,8036931.0,9708644.0,1671713.0
798,S357035,福建安溪经济开发区,福建省,安溪,省政府,经济开发区,2006.04,826.22,茶产品加工、藤铁工艺品、建材,118.09427,24.985265,118.089257,24.987891,福建省泉州市安溪县经济开发区,未知,ok,33.403,48.2425,32.2417,168463.0113,7.5991,9800.0,500.0,9300.0,8800.0,23752.0,20337.375,2115087.0,57016.0,32941.6635,3425933.0,106010.0,41966.8846,4364556.0,132550.0,47026.1731,4890722.0,144731.0,51034.1154,5307548.0,2000,2010,3425933.0,4364556.0,938623.0
801,S357029,福建晋江经济开发区,福建省,晋江,省政府,经济开发区,2006.03,984.27,鞋服、食品、纸制品,118.528993,24.748291,118.52444,24.751211,福建省泉州市晋江市福建晋江经济开发区,住宅区,ok,11.021,60.1585,37.4812,272488.2972,1.6565,4670.0,360.0,4310.0,3950.0,53770.0,85428.5842,8628287.0,173275.0,130145.8515,13144731.0,211095.0,158870.9604,16045967.0,234028.0,174576.2673,17632203.0,273016.0,189420.297,19131450.0,2000,2010,13144731.0,16045967.0,2901236.0
802,S357034,福建南安经济开发区,福建省,南安,省政府,经济开发区,2006.04,324.57,水暖厨卫、消防器材、日用品,118.375006,25.010206,118.370121,25.012841,福建省泉州市南安市福建南安经济开发区,住宅区,ok,24.814,15.2905,18.2126,157411.7237,6.0541,10250.0,422.0,9828.0,9406.0,18098.0,30641.9216,3125476.0,69904.0,58716.549,5989088.0,125199.0,77258.7255,7880390.0,149041.0,87238.5,8898327.0,159725.0,93964.7255,9584402.0,2000,2010,5989088.0,7880390.0,1891302.0
803,S357049,福建漳州金峰经济开发区,福建省,漳州金峰,省政府,经济开发区,1998.12,815.11,金属压延、装备制造,117.622159,24.556516,117.617403,24.559533,福建省漳州市芗城区金峰经济开发区,未知,ok,20.358,47.9447,28.9568,270195.8968,3.978,5423.0,0.0,5423.0,5423.0,52296.0,34374.0098,3506149.0,109487.0,58267.0,5943234.0,254773.0,88608.9608,9038114.0,319056.0,105409.5294,10751772.0,323730.0,112745.3627,11500027.0,1990,2000,3506149.0,5943234.0,2437085.0
804,S357040,福建漳州蓝田经济开发区,福建省,漳州蓝田,省政府,经济开发区,2006.03,994.45,食品、印刷包装、家具,117.721723,24.517821,117.716815,24.520675,福建省漳州市龙文区蓝田经济开发区,住宅区,ok,9.575,,27.8047,235199.8469,0.9589,1288.0,361.0,927.0,566.0,32186.0,58362.9118,5953017.0,82273.0,104978.8627,10707844.0,179261.0,134973.951,13767343.0,241216.0,149909.8235,15290802.0,247898.0,154333.1863,15741985.0,2000,2010,10707844.0,13767343.0,3059499.0
805,S357043,福建云霄常山经济开发区,福建省,云霄常山,省政府,经济开发区,2006.03,126.46,食品、机械、化工、光电子,117.386492,23.838985,117.381414,23.841419,福建省漳州市云霄县常山(公交站)经济开发区,未知,ok,5.116,59.7756,39.1426,56052.2499,6.1807,32621.0,483.0,32138.0,31655.0,37751.0,6061.1538,630360.0,69321.0,9296.2115,966806.0,102526.0,14116.9615,1468164.0,125421.0,17331.5,1802476.0,132863.0,21525.2981,2238631.0,2000,2010,966806.0,1468164.0,501358.0
806,S357045,福建漳州古雷港经济开发区,福建省,漳州古雷港,省政府,经济开发区,2006.04,865.86,机械、化工、光电子、新能源,117.615962,23.947172,117.611253,23.950003,福建省漳州市漳浦县古雷港经济开发区,未知,ok,5.89,48.2765,22.5347,59784.4272,0.8192,7410.0,10.0,7400.0,7390.0,75402.0,27025.0571,2837631.0,119650.0,31783.6,3337278.0,152242.0,35689.3048,3747377.0,165701.0,38393.6476,4031333.0,167775.0,42788.1048,4492751.0,2000,2010,3337278.0,3747377.0,410099.0
808,S357047,福建长泰经济开发区,福建省,长泰,省政府,经济开发区,1998.03,500.0,体育用品、光电照明、机械,117.795837,24.614757,117.790968,24.61764,福建省漳州市长泰区福建长泰经济开发区,住宅区,ok,15.603,33.2047,13.8259,85886.7611,4.6075,12901.0,0.0,12901.0,12901.0,18128.0,14406.66,1440666.0,100218.0,26911.13,2691113.0,179156.0,52175.42,5217542.0,229790.0,67928.12,6792812.0,246863.0,75590.75,7559075.0,1990,2000,1440666.0,2691113.0,1250447.0
810,S357071,福建华安经济开发区,福建省,华安,省政府,经济开发区,2010.12,525.05,装备制造、食品、建材,117.657367,24.660019,117.652552,24.662988,福建省漳州市华安县经济开发区,未知,ok,25.816,11.9495,17.7863,46066.5623,9.5573,10978.0,1780.0,9198.0,7418.0,218.0,9781.9406,987976.0,279.0,11947.198,1206667.0,15696.0,22242.0495,2246447.0,33939.0,29718.1089,3001529.0,50432.0,35140.5842,3549199.0,2010,2015,2246447.0,3001529.0,755082.0
811,S357041,福建龙海经济开发区,福建省,龙海,省政府,经济开发区,2006.03,524.0,电子信息、食品、汽车电子,117.929339,24.363796,117.924682,24.366772,福建省漳州市龙海区龙海经济开发区,住宅区,ok,2.222,18.9436,13.5034,56660.4496,1.3278,1321.0,125.0,1196.0,1071.0,39126.0,29841.1714,3133323.0,84522.0,43272.7238,4543636.0,132536.0,49475.7143,5194950.0,158114.0,53033.9333,5568563.0,176341.0,56716.5905,5955242.0,2000,2010,4543636.0,5194950.0,651314.0
813,S357010,福建闽北经济开发区,福建省,闽北,省政府,经济开发区,1992.06,268.75,机电、新能源、新材料、生物医药,118.113961,27.365265,118.108781,27.368321,福建省南平市建阳区闽北经济开发区,住宅区,ok,167.155,23.8179,26.3655,98606.8589,23.2949,32616.0,0.0,32616.0,32616.0,0.0,13913.0198,1405215.0,1375.0,20653.7624,2086030.0,67455.0,32603.7327,3292977.0,111210.0,40161.0297,4056264.0,125456.0,46374.1188,4683786.0,1990,2000,1405215.0,2086030.0,680815.0
817,S357073,福建松溪经济开发区,福建省,松溪,省政府,经济开发区,2012.07,206.84,竹木加工、机械电子、纺织服装,118.803988,27.545535,118.799199,27.548796,福建省南平市松溪县经济开发区,未知,ok,114.13,34.3842,25.7099,57975.7291,30.8647,12446.0,4656.0,7790.0,3134.0,16932.0,18664.48,1866448.0,143715.0,23949.74,2394974.0,199033.0,27334.81,2733481.0,222093.0,29295.31,2929531.0,226018.0,30605.49,3060549.0,2010,2015,2733481.0,2929531.0,196050.0
818,S357074,福建政和经济开发区,福建省,政和,省政府,经济开发区,2012.06,175.24,机电、食品、竹制品加工,118.767178,27.32995,118.762358,27.33319,福建省南平市政和县政和经济开发区,住宅区,ok,100.778,,29.2823,30570.7263,30.1582,20974.0,9112.0,11862.0,2750.0,0.0,4411.1635,458761.0,0.0,5798.7308,603068.0,9.0,7175.2981,746231.0,9570.0,8343.2308,867696.0,63175.0,10999.7692,1143976.0,2010,2015,746231.0,867696.0,121465.0
819,S357014,福建邵武经济开发区,福建省,邵武,省政府,经济开发区,2006.08,85.2,林产品加工、纺织服装、机械电子,117.484719,27.279417,117.479516,27.282631,福建省南平市邵武市经济开发区,未知,ok,204.098,15.3023,16.245,58888.0838,40.3121,43206.0,3533.0,39673.0,36140.0,4045.0,3790.08,379008.0,22468.0,6772.47,677247.0,135671.0,19291.73,1929173.0,207193.0,26857.17,2685717.0,211745.0,30059.09,3005909.0,2000,2010,677247.0,1929173.0,1251926.0
827,S357064,福建宁德三都澳经济开发区,福建省,宁德三都澳,省政府,经济开发区,1998.03,11.98,港口物流、水产加工、新能源,119.701861,26.620658,119.697272,26.624061,福建省宁德市蕉城区三都澳,住宅区,ok,1.595,,16.2034,5752.2179,17.2857,2721.0,0.0,2721.0,2721.0,0.0,1663.6535,168029.0,0.0,2253.0792,227561.0,0.0,2657.0099,268358.0,0.0,3023.6139,305385.0,0.0,3986.4257,402629.0,1990,2000,168029.0,227561.0,59532.0
828,S357075,福建霞浦经济开发区,福建省,霞浦,省政府,经济开发区,2014.01,323.48,纺织服装、金属制品、电子电器,120.021527,26.864252,120.01706,26.867528,福建省宁德市霞浦县经济开发区,未知,ok,1.145,56.8045,46.3482,239759.4345,9.5441,9095.0,2921.0,6174.0,3253.0,11054.0,15416.87,1541687.0,28806.0,27342.52,2734252.0,83551.0,38418.72,3841872.0,115316.0,44529.07,4452907.0,145324.0,47926.68,4792668.0,2010,2015,3841872.0,4452907.0,611035.0
833,S357076,福建柘荣经济开发区,福建省,柘荣,省政府,经济开发区,2013.10,90.58,医药、轻工,119.900597,27.23421,119.896277,27.237638,福建省宁德市柘荣县,区县,ok,27.636,74.0565,29.1814,58187.7858,39.2951,13412.0,6866.0,6546.0,-320.0,180196.0,6490.2255,662003.0,280105.0,11284.4608,1151015.0,306874.0,15144.3333,1544722.0,317580.0,17105.1863,1744729.0,318563.0,17700.3529,1805436.0,2010,2015,1544722.0,1744729.0,200007.0
834,S357059,福建福安经济开发区,福建省,福安,省政府,经济开发区,1998.03,270.6,电机电器、金属制品,119.672613,26.969038,119.668037,26.97245,福建省宁德市福安市经济开发区,未知,ok,17.353,57.2686,21.8441,83728.4164,17.2813,4431.0,0.0,4431.0,4431.0,83688.0,8161.1959,791636.0,142692.0,17071.1856,1655905.0,157813.0,24901.8351,2415478.0,164026.0,29137.4845,2826336.0,164849.0,31832.3814,3087741.0,1990,2000,791636.0,1655905.0,864269.0
849,S367013,江西永修云山经济开发区,江西省,永修云山,省政府,经济开发区,2006.05,228.68,有机硅、建材、电子,115.776876,29.099697,115.771757,29.102581,江西省九江市永修县江西永修云山经济开发区,住宅区,ok,463.462,68.3169,34.8905,56487.6794,0.4276,1874.0,44.0,1830.0,1786.0,33591.0,6955.5556,688600.0,65529.0,9876.0707,977731.0,98693.0,16911.8081,1674269.0,118008.0,22530.6768,2230537.0,128509.0,31051.9293,3074141.0,2000,2010,977731.0,1674269.0,696538.0
854,S367009,江西瑞昌经济开发区,江西省,瑞昌,省政府,经济开发区,2006.03,1895.84,船舶、新材料、有色金属加工,115.691323,29.705113,115.686175,29.707719,江西省九江市瑞昌市江西瑞昌经济开发区,住宅区,ok,434.018,,23.6138,103806.2746,3.0597,3279.0,90.0,3189.0,3099.0,8061.0,18293.5577,1902530.0,12378.0,33527.6346,3486874.0,18464.0,54829.2212,5702239.0,22029.0,66442.5865,6910029.0,25471.0,74068.4712,7703121.0,2000,2010,3486874.0,5702239.0,2215365.0
859,S367028,江西贵溪经济开发区,江西省,贵溪,省政府,经济开发区,2006.03,1672.06,铜材加工、照明、化工,117.160618,28.279568,117.155354,28.282752,江西省鹰潭市贵溪市经济开发区,未知,ok,290.825,23.1186,22.1359,82367.611,1.4882,1584.0,33.0,1551.0,1518.0,30640.0,33055.301,3404696.0,40640.0,38779.0874,3994246.0,86960.0,50963.534,5249244.0,105920.0,56786.1553,5848974.0,106670.0,58526.301,6028209.0,2000,2010,3994246.0,5249244.0,1254998.0
860,S367030,江西赣州章贡经济开发区,江西省,赣州章贡,省政府,经济开发区,2006.03,949.21,生物制药、装备制造、有色金属,114.987546,25.823907,114.982674,25.82696,江西省赣州市章贡区章贡经济开发区,住宅区,ok,309.024,28.874,54.9393,323372.4438,10.6055,4974.0,338.0,4636.0,4298.0,9086.0,45383.0495,4583688.0,20897.0,71716.8614,7243403.0,118624.0,91133.0891,9204442.0,162232.0,100677.5644,10168434.0,170169.0,105263.0792,10631571.0,2000,2010,7243403.0,9204442.0,1961039.0
861,S367033,江西赣州南康经济开发区,江西省,赣州南康,省政府,经济开发区,2006.03,921.62,家具、有色金属、电子信息,114.799227,25.707475,114.794393,25.710466,江西省赣州市南康区经济开发区,未知,ok,302.668,35.9215,25.7953,180154.1377,1.0291,1686.0,48.0,1638.0,1590.0,93513.0,47612.7549,4856501.0,205784.0,73471.098,7494052.0,343591.0,118993.4314,12137330.0,400510.0,140790.0392,14360584.0,401682.0,148849.0196,15182600.0,2000,2010,7494052.0,12137330.0,4643278.0
871,S367044,江西兴国经济开发区,江西省,兴国,省政府,经济开发区,2006.03,557.2,机电、食品、建材,115.37906,26.30791,115.373867,26.311055,江西省赣州市兴国县经济开发区,未知,ok,317.61,33.1742,36.3283,277293.6751,2.6331,3501.0,44.0,3457.0,3413.0,19414.0,24665.0594,2491171.0,46010.0,45638.3663,4609475.0,114896.0,63662.0792,6429870.0,152878.0,72329.3564,7305265.0,163920.0,76366.7525,7713042.0,2000,2010,4609475.0,6429870.0,1820395.0
876,S367067,江西吉安河东经济开发区,江西省,吉安河东,省政府,经济开发区,2006.03,316.77,电子信息、冶金、建材,115.054292,27.113107,115.049112,27.116294,江西省吉安市青原区江西吉安河东经济开发区,住宅区,ok,402.148,,24.593,111307.9783,12.9432,8910.0,1884.0,7026.0,5142.0,30028.0,24042.92,2404292.0,47544.0,40255.25,4025525.0,87457.0,55861.46,5586146.0,111297.0,64248.2,6424820.0,125827.0,68610.95,6861095.0,2000,2010,4025525.0,5586146.0,1560621.0
896,S367087,江西东乡经济开发区,江西省,东乡,省政府,经济开发区,1992.08,350.33,纺织、金属制品、生物制药,116.600549,28.239022,116.595883,28.242515,江西省抚州市东乡区经济开发区,未知,ok,339.42,99.032,27.4531,193846.6176,3.2383,2410.0,0.0,2410.0,2410.0,74495.0,31409.0098,3203719.0,237708.0,46558.049,4748921.0,334052.0,69351.6569,7073869.0,373013.0,81971.0882,8361051.0,375118.0,88569.1569,9034054.0,1990,2000,3203719.0,4748921.0,1545202.0
905,S367058,江西玉山经济开发区,江西省,玉山,省政府,经济开发区,2006.03,533.33,有色金属加工、建材、机电,118.184793,28.65134,118.179664,28.654441,江西省上饶市玉山县经济开发区,未知,ok,248.439,21.5363,25.319,139963.3241,7.0488,6796.0,29.0,6767.0,6738.0,28425.0,15695.7115,1632354.0,36669.0,24848.7212,2584267.0,105048.0,39692.0096,4127969.0,143728.0,47347.2981,4924119.0,160288.0,51076.0673,5311911.0,2000,2010,2584267.0,4127969.0,1543702.0
907,S367060,江西横峰经济开发区,江西省,横峰,省政府,经济开发区,2006.03,199.35,有色金属加工、机械,117.591115,28.40216,117.58608,28.405621,江西省上饶市横峰县江西横峰经济开发区,住宅区,ok,265.898,89.4629,46.5603,111837.955,7.0078,7972.0,87.0,7885.0,7798.0,40613.0,18801.8788,1861386.0,67639.0,26336.3838,2607302.0,118147.0,36287.6869,3592481.0,140457.0,41354.0,4094046.0,148484.0,44215.9596,4377380.0,2000,2010,2607302.0,3592481.0,985179.0
913,S367055,江西德兴经济开发区,江西省,德兴,省政府,经济开发区,1992.08,384.28,黄金及加工、有色金属加工、精细化工,117.607225,28.946245,117.602146,28.949399,江西省上饶市德兴市德兴经济开发区,住宅区,ok,282.814,40.659,34.3304,62103.6169,30.4595,16312.0,0.0,16312.0,16312.0,9416.0,11813.2079,1193134.0,28269.0,16097.0792,1625805.0,89935.0,22113.6238,2233476.0,133850.0,25834.0792,2609242.0,144426.0,29077.8317,2936861.0,1990,2000,1193134.0,1625805.0,432671.0
916,S377002,济南临港经济开发区,山东省,济南临港,省政府,经济开发区,1993.03,261.79,机械设备、医药、物流,117.208542,36.820164,117.202527,36.819765,山东省济南市历城区临港经济开发区,未知,ok,167.291,38.2807,13.1122,122034.8378,1.2378,2570.0,0.0,2570.0,2570.0,549.0,26524.97,2652497.0,1945.0,40699.97,4069997.0,44916.0,60447.91,6044791.0,85531.0,72596.09,7259609.0,103333.0,82920.48,8292048.0,1990,2000,2652497.0,4069997.0,1417500.0
917,S377001,济南经济开发区,山东省,济南,省政府,经济开发区,1999.06,1189.82,装备制造、食品、电子,116.716882,36.493517,116.711236,36.493375,山东省济南市经济开发区,未知,ok,221.043,6.8616,5.9945,40984.1661,0.5718,1077.0,0.0,1077.0,1077.0,25023.0,20868.0588,2128542.0,45603.0,36676.2451,3740977.0,91803.0,46105.951,4702807.0,124026.0,52821.8039,5387824.0,152268.0,62126.2353,6336876.0,1990,2000,2128542.0,3740977.0,1612435.0
919,S377006,山东济北经济开发区,山东省,济北,省政府,经济开发区,2003.06,586.26,食品饮料、机械装备、电子信息,117.186387,36.976191,117.18032,36.975645,山东省济南市济阳区济北经济开发区,住宅区,ok,155.012,22.2345,9.0582,73823.9366,0.5606,1459.0,66.0,1393.0,1327.0,98326.0,38121.5631,3926521.0,230745.0,49651.4951,5114104.0,313117.0,76351.7864,7864234.0,347565.0,92610.7961,9538912.0,354780.0,104114.5825,10723802.0,2000,2010,5114104.0,7864234.0,2750130.0
920,S377007,山东商河经济开发区,山东省,商河,省政府,经济开发区,2006.03,432.72,农副食品、纺织、非金属矿物制品,117.157002,37.153239,117.150861,37.152517,山东省济南市商河县经济开发区,未知,ok,138.095,15.9792,6.6808,72426.7369,0.8983,548.0,49.0,499.0,450.0,6725.0,20349.6827,2116367.0,7583.0,25953.8462,2699200.0,128963.0,37232.1538,3872144.0,213489.0,44933.5,4673084.0,228514.0,51279.5577,5333074.0,2000,2010,2699200.0,3872144.0,1172944.0
921,S377012,山东胶南经济开发区,山东省,胶南,省政府,经济开发区,1992.12,671.1,海洋经济、健康食品、机械电气,119.986503,35.886877,119.981332,35.88687,山东省青岛市黄岛区胶南街道,乡镇,ok,7.035,42.4702,18.4119,205716.4237,0.0033,193.0,0.0,193.0,193.0,223010.0,60828.5588,6204513.0,321684.0,111750.5686,11398558.0,333183.0,160680.0294,16389363.0,339710.0,192053.4216,19589449.0,348723.0,216684.9706,22101867.0,1990,2000,6204513.0,11398558.0,5194045.0
922,S377013,青岛临港经济开发区,山东省,青岛临港,省政府,经济开发区,2006.08,366.23,电子、生物制药、船舶修造,120.04555,35.924499,120.040227,35.924316,山东省青岛市黄岛区青岛临港经济开发区,住宅区,ok,5.632,9.0708,11.6932,132881.3372,0.0665,1462.0,1.0,1461.0,1460.0,4602.0,18638.16,1863816.0,18105.0,46473.75,4647375.0,103487.0,80619.3,8061930.0,158193.0,103270.72,10327072.0,192431.0,120973.55,12097355.0,2000,2010,4647375.0,8061930.0,3414555.0
923,S377009,青岛环海经济开发区,山东省,青岛环海,省政府,经济开发区,1995.01,298.99,电子电器、机械、轨道交通设备,120.369947,36.235638,120.364805,36.235334,山东省青岛市城阳区环海经济开发区,住宅区,ok,2.737,36.74,50.8906,386616.2394,0.0082,0.0,0.0,0.0,0.0,216558.0,100252.0693,10125459.0,248497.0,135279.6832,13663248.0,323379.0,173594.5743,17533052.0,355450.0,195246.2178,19719868.0,357996.0,204730.2574,20677756.0,1990,2000,10125459.0,13663248.0,3537789.0
925,S377014,山东即墨经济开发区,山东省,即墨,省政府,经济开发区,1992.12,505.02,纺织服装、新材料、新能源、电子机械,120.499091,36.396681,120.494198,36.396483,山东省青岛市即墨区经济开发区,未知,ok,15.703,49.9817,28.2536,308558.0772,0.0181,6.0,0.0,6.0,6.0,142276.0,68164.3592,7020929.0,327245.0,113493.9806,11689880.0,362935.0,158705.0388,16346619.0,377769.0,187502.7379,19312782.0,380547.0,201708.9515,20776022.0,1990,2000,7020929.0,11689880.0,4668951.0
927,S377011,山东平度经济开发区,山东省,平度,省政府,经济开发区,2006.03,764.6,食品饮料、机械装备、新能源、新材料,120.01952,36.76464,120.014165,36.764197,山东省青岛市平度市经济开发区,未知,ok,48.179,17.2592,23.4433,222992.9583,0.0035,12.0,0.0,12.0,12.0,31838.0,37146.8922,3788983.0,61552.0,61105.3627,6232747.0,230846.0,100810.9216,10282714.0,321784.0,124529.902,12702050.0,333852.0,140280.902,14308652.0,2000,2010,6232747.0,10282714.0,4049967.0
928,S377016,山东莱西经济开发区,山东省,莱西,省政府,经济开发区,1992.12,216.67,机械、农副产品加工、汽车及零配件,120.537782,36.83932,120.532995,36.838979,山东省青岛市莱西市经济开发区,未知,ok,31.391,21.4702,21.2908,202986.3612,0.0086,215.0,0.0,215.0,215.0,16188.0,51583.2871,5209912.0,73334.0,81414.7129,8222886.0,179800.0,114262.2376,11540486.0,238081.0,132884.7327,13421358.0,266010.0,140551.0594,14195657.0,1990,2000,5209912.0,8222886.0,3012974.0
929,S377018,山东淄川经济开发区,山东省,淄川,省政府,经济开发区,1992.12,389.99,汽车、装备制造、医药、新材料,117.961267,36.666442,117.95547,36.66627,山东省淄博市淄川区经济开发区,未知,ok,113.561,57.026,33.4514,263697.1949,0.0349,124.0,0.0,124.0,124.0,105648.0,80418.9612,8283153.0,218236.0,115925.3883,11940315.0,236389.0,138510.7379,14266606.0,245203.0,159060.2427,16383205.0,253236.0,206691.301,21289204.0,1990,2000,8283153.0,11940315.0,3657162.0
930,S377021,山东张店经济开发区,山东省,张店,省政府,经济开发区,2006.03,242.75,机械、新材料,117.984207,36.867668,117.978322,36.867298,山东省淄博市张店区山东张店经济开发区,住宅区,ok,99.485,10.7037,15.2265,96307.6577,0.2601,542.0,175.0,367.0,192.0,11105.0,18327.7573,1887759.0,22909.0,40706.4951,4192769.0,131162.0,73569.3786,7577646.0,202559.0,98629.4175,10158830.0,235697.0,122436.0583,12610914.0,2000,2010,4192769.0,7577646.0,3384877.0
931,S377019,山东博山经济开发区,山东省,博山,省政府,经济开发区,1992.12,147.82,机电、汽车零配件、新材料,117.868787,36.578063,117.863024,36.577998,山东省淄博市博山区山东博山经济开发区,兴趣点,ok,126.147,,27.5498,128078.996,0.7032,291.0,0.0,291.0,291.0,302.0,53816.2745,5489260.0,660.0,74136.3922,7561912.0,6729.0,86431.2157,8815984.0,25372.0,100551.6765,10256271.0,95176.0,144881.402,14777903.0,1990,2000,5489260.0,7561912.0,2072652.0
932,S377018,山东临淄经济开发区,山东省,临淄,省政府,经济开发区,1992.12,196.91,装备制造、新材料、生物制药,117.961267,36.666442,117.95547,36.66627,山东省淄博市淄川区经济开发区,未知,ok,113.561,57.026,33.4514,263697.1949,0.0349,124.0,0.0,124.0,124.0,105648.0,80418.9612,8283153.0,218236.0,115925.3883,11940315.0,236389.0,138510.7379,14266606.0,245203.0,159060.2427,16383205.0,253236.0,206691.301,21289204.0,1990,2000,8283153.0,11940315.0,3657162.0
934,S377020,山东淄博经济开发区,山东省,淄博,省政府,经济开发区,1992.12,575.64,装备制造、建材、新材料,117.925848,36.83379,117.920094,36.83357,山东省淄博市经济开发区,未知,ok,105.842,15.9226,10.6524,61570.6888,0.2622,525.0,0.0,525.0,525.0,23683.0,17526.6538,1822772.0,63767.0,44144.4135,4591019.0,113815.0,71629.5577,7449474.0,161554.0,92789.5865,9650117.0,247086.0,122511.2981,12741175.0,1990,2000,1822772.0,4591019.0,2768247.0
935,S377022,山东周村经济开发区,山东省,周村,省政府,经济开发区,1992.12,399.09,专用机械设备、纺织服装、新材料,117.935645,36.808175,117.929883,36.807961,山东省淄博市周村区经济开发区,未知,ok,106.511,10.9112,12.0103,88107.4616,0.2227,584.0,0.0,584.0,584.0,29370.0,23557.9904,2450031.0,42900.0,47331.6731,4922494.0,145782.0,74340.9038,7731454.0,252097.0,95640.4135,9946603.0,419283.0,128859.7308,13401412.0,1990,2000,2450031.0,4922494.0,2472463.0
936,S377025,山东桓台经济开发区,山东省,桓台,省政府,经济开发区,1992.12,179.78,石油炼化、精细化工、装备制造,118.096198,36.890775,118.090079,36.890154,山东省淄博市桓台县经济开发区,未知,ok,89.569,20.5835,16.3697,168280.052,0.0481,233.0,0.0,233.0,233.0,15236.0,43736.9903,4504910.0,58696.0,73960.1748,7617898.0,227849.0,131978.8544,13593822.0,319843.0,169876.0,17497228.0,334530.0,194761.699,20060455.0,1990,2000,4504910.0,7617898.0,3112988.0
938,S377027,山东高青经济开发区,山东省,高青,省政府,经济开发区,2006.03,445.28,食品、医药、新材料、纺织服装,117.87825,37.217892,117.872432,37.217412,山东省淄博市高青县经济开发区,未知,ok,103.96,5.0752,4.9984,41881.5032,0.1072,443.0,19.0,424.0,405.0,51589.0,13950.9406,1409045.0,168394.0,26319.0099,2658220.0,190016.0,35336.2475,3568961.0,207391.0,43366.6436,4380031.0,240065.0,59700.9703,6029798.0,2000,2010,2658220.0,3568961.0,910741.0
939,S377028,山东沂源经济开发区,山东省,沂源,省政府,经济开发区,2006.03,295.08,医药、新材料、食品,118.242999,36.187503,118.237259,36.187416,山东省淄博市沂源县经济开发区,未知,ok,137.95,,14.3333,117676.0077,0.2506,342.0,17.0,325.0,308.0,5578.0,22760.495,2298810.0,5578.0,31339.2277,3165262.0,14913.0,61984.0495,6260389.0,43814.0,80522.3663,8132759.0,151413.0,89970.1683,9086987.0,2000,2010,3165262.0,6260389.0,3095127.0
940,S377031,山东枣庄经济开发区,山东省,枣庄,省政府,经济开发区,1992.12,692.35,纺织服装、装备制造、医药、医疗器械,117.51174,34.840796,117.505935,34.841676,山东省枣庄市市中区枣庄经济开发区,住宅区,ok,153.905,24.3746,21.457,224998.3769,0.0342,53.0,0.0,53.0,53.0,31911.0,103674.3398,10678457.0,46640.0,126071.2524,12985339.0,52186.0,141303.1165,14554221.0,60386.0,150787.8447,15531148.0,80508.0,164853.699,16979931.0,1990,2000,10678457.0,12985339.0,2306882.0
941,S377030,山东薛城经济开发区,山东省,薛城,省政府,经济开发区,2006.03,276.26,煤化工、机械、食品,117.270297,34.763514,117.264507,34.764436,山东省枣庄市薛城区经济开发区,未知,ok,176.226,17.0293,20.9675,148910.9511,0.295,758.0,0.0,758.0,758.0,34685.0,61607.233,6345545.0,93934.0,87703.4175,9033452.0,166913.0,106012.3883,10919276.0,210195.0,117359.3107,12088009.0,234936.0,130554.8738,13447152.0,2000,2010,9033452.0,10919276.0,1885824.0
942,S377032,山东峄城经济开发区,山东省,峄城,省政府,经济开发区,2006.03,365.79,纺织服装、建材陶瓷、橡胶轮胎,117.571893,34.753663,117.56626,34.754767,山东省枣庄市峄城区山东峄城经济开发区,住宅区,ok,148.59,25.2837,14.1396,130395.2729,0.2652,114.0,0.0,114.0,114.0,92890.0,57709.8485,5713275.0,162369.0,68781.7374,6809392.0,276860.0,82902.2121,8207319.0,326417.0,91184.2525,9027241.0,329899.0,99820.4747,9882227.0,2000,2010,6809392.0,8207319.0,1397927.0
943,S377034,山东台儿庄经济开发区,山东省,台儿庄,省政府,经济开发区,2006.03,396.55,机械、纺织、化工,117.715535,34.592079,117.709761,34.593181,山东省枣庄市台儿庄区经济开发区,未知,ok,136.447,24.4232,13.8446,139830.8102,0.3383,180.0,17.0,163.0,146.0,18914.0,38118.9804,3888136.0,36742.0,52058.2353,5309940.0,174331.0,67100.7255,6844274.0,244801.0,76857.8725,7839503.0,268258.0,87151.3725,8889440.0,2000,2010,5309940.0,6844274.0,1534334.0
944,S377033,山东山亭经济开发区,山东省,山亭,省政府,经济开发区,2006.03,288.78,纺织印染、建材、机械、食品,117.404157,35.103614,117.398072,35.103985,山东省枣庄市山亭区经济开发区,未知,ok,164.141,11.9722,14.6809,102589.8965,0.3028,294.0,0.0,294.0,294.0,24.0,14651.297,1479781.0,24.0,27608.2574,2788434.0,9906.0,47731.901,4820922.0,25373.0,60817.9406,6142612.0,89377.0,76754.5347,7752208.0,2000,2010,2788434.0,4820922.0,2032488.0
945,S377035,山东滕州经济开发区,山东省,滕州,省政府,经济开发区,1992.12,599.73,智能制造、化工新材料、汽车零配件,117.16626,35.049748,117.160371,35.050263,山东省枣庄市滕州市经济开发区,未知,ok,185.566,72.2127,41.2152,353873.3151,0.0582,492.0,0.0,492.0,492.0,20787.0,95017.5347,9596771.0,53676.0,137176.495,13854826.0,240383.0,185816.1089,18767427.0,363367.0,213374.4554,21550820.0,378151.0,227021.9505,22929217.0,1990,2000,9596771.0,13854826.0,4258055.0
947,S377041,山东河口经济开发区,山东省,河口,省政府,经济开发区,2006.03,499.05,石化、节能型材、石油装备,118.544818,37.821042,118.539141,37.820375,山东省东营市河口区山东河口经济开发区,住宅区,ok,27.526,,5.1715,26907.4268,0.0269,37.0,22.0,15.0,-7.0,36040.0,21336.7624,2155013.0,98352.0,33992.1584,3433208.0,158903.0,46251.7822,4671430.0,188459.0,53558.0495,5409363.0,212966.0,61453.9505,6206849.0,2000,2010,3433208.0,4671430.0,1238222.0
948,S377156,东营港经济开发区,山东省,东营港,省政府,经济开发区,2006.04,1649.56,石化、精细化工、盐化工,118.927094,38.065656,118.921436,38.065075,山东省东营市河口区东营港经济开发区,住宅区,ok,0.645,2.4379,3.5858,9652.899,0.0063,131.0,17.0,114.0,97.0,26.0,7293.27,729327.0,26.0,9599.1,959910.0,1630.0,32684.78,3268478.0,3596.0,46747.67,4674767.0,11080.0,53667.51,5366751.0,2000,2010,959910.0,3268478.0,2308568.0
949,S377039,山东垦利经济开发区,山东省,垦利,省政府,经济开发区,1995.12,511.64,石油装备、精细化工、汽车及零配件,118.586642,37.587162,118.581071,37.586547,山东省东营市垦利区经济开发区,未知,ok,33.849,14.0606,6.7744,71354.9902,0.1505,51.0,0.0,51.0,51.0,37462.0,30888.59,3088859.0,93188.0,46901.64,4690164.0,241352.0,76903.84,7690384.0,316977.0,97075.67,9707567.0,328411.0,108895.43,10889543.0,1990,2000,3088859.0,4690164.0,1601305.0
950,S377040,山东利津经济开发区,山东省,利津,省政府,经济开发区,2006.03,400.36,石化、装备制造、纺织,118.248906,37.50169,118.243021,37.500914,山东省东营市利津县经济开发区,未知,ok,69.696,20.3727,6.4777,71953.8398,0.1266,85.0,13.0,72.0,59.0,114248.0,33491.6275,3416146.0,213639.0,51315.9314,5234225.0,258196.0,85730.3627,8744497.0,291551.0,107537.8235,10968858.0,296863.0,121637.902,12407066.0,2000,2010,5234225.0,8744497.0,3510272.0
951,S377038,山东广饶经济开发区,山东省,广饶,省政府,经济开发区,1994.12,726.5,石化、汽车零配件、纺织,118.428188,37.066484,118.422207,37.065746,山东省东营市广饶县经济开发区,未知,ok,54.238,18.3419,16.1778,145454.4725,0.0102,945.0,0.0,945.0,945.0,42211.0,49119.8058,5059340.0,53671.0,64178.5728,6610393.0,156662.0,120479.0,12409337.0,222647.0,157895.4563,16263232.0,241994.0,173452.8641,17865645.0,1990,2000,5059340.0,6610393.0,1551053.0
952,S377042,山东牟平经济开发区,山东省,牟平,省政府,经济开发区,1992.12,125.08,机械、电子信息、农产品加工,121.572471,37.395721,121.567673,37.395079,山东省烟台市牟平区经济开发区,未知,ok,3.688,61.3481,27.3899,292523.8982,0.0792,189.0,0.0,189.0,189.0,33064.0,54713.8447,5635526.0,110830.0,76530.0485,7882595.0,226254.0,106611.7282,10981008.0,300681.0,125953.4854,12973209.0,324704.0,139713.0874,14390448.0,1990,2000,5635526.0,7882595.0,2247069.0
953,S377043,山东烟台莱山经济开发区,山东省,烟台莱山,省政府,经济开发区,2003.07,768.51,装备制造、食品、医药,121.418384,37.437769,121.413129,37.436766,山东省烟台市莱山区烟台市莱山经济开发区,住宅区,ok,6.736,29.3619,24.2454,260226.2834,0.0948,533.0,37.0,496.0,459.0,26026.0,27059.31,2705931.0,55294.0,49131.55,4913155.0,139696.0,93189.62,9318962.0,183394.0,122915.55,12291555.0,199982.0,142394.12,14239412.0,2000,2010,4913155.0,9318962.0,4405807.0
954,S377051,山东龙口经济开发区,山东省,龙口,省政府,经济开发区,1992.12,86.12,能源、化工、物流,120.344078,37.615472,120.33882,37.614512,山东省烟台市龙口市经济开发区,未知,ok,2.289,13.273,12.1046,110684.6253,0.0096,36.0,0.0,36.0,36.0,81273.0,59650.3861,6024689.0,122604.0,80206.0297,8100809.0,201176.0,103948.2574,10498774.0,245977.0,118838.297,12002668.0,256802.0,125969.3564,12722905.0,1990,2000,6024689.0,8100809.0,2076120.0
956,S377048,山东莱阳经济开发区,山东省,莱阳,省政府,经济开发区,1992.12,177.83,汽车及零配件、生物、新材料,120.635211,36.948781,120.630502,36.94841,山东省烟台市莱阳市经济开发区,未知,ok,38.324,23.3519,17.869,127710.0902,0.0096,22.0,0.0,22.0,22.0,74837.0,29906.1078,3050423.0,98924.0,46967.451,4790680.0,155890.0,71832.451,7326910.0,199008.0,87762.049,8951729.0,217117.0,97200.598,9914461.0,1990,2000,3050423.0,4790680.0,1740257.0
957,S377046,山东莱州经济开发区,山东省,莱州,省政府,经济开发区,1992.12,554.83,汽车零配件、纺织服装、塑料制品,119.938651,37.212411,119.933437,37.211874,山东省烟台市莱州市山东莱州经济开发区,住宅区,ok,5.257,20.4273,15.3885,134803.0585,0.0215,241.0,0.0,241.0,241.0,112972.0,78308.9515,8065822.0,198889.0,103837.2427,10695236.0,257332.0,130325.0583,13423481.0,287766.0,146569.2816,15096636.0,303745.0,158122.1068,16286577.0,1990,2000,8065822.0,10695236.0,2629414.0
959,S377053,山东蓬莱经济开发区,山东省,蓬莱,省政府,经济开发区,1992.12,494.5,海洋装备、汽车及零部件、物流,120.841162,37.799225,120.836325,37.798503,山东省烟台市蓬莱区经济开发区,未知,ok,1.941,21.3464,14.2822,115985.5838,0.0118,156.0,0.0,156.0,156.0,10784.0,25385.3137,2589302.0,53420.0,41812.9608,4264922.0,139598.0,75559.2745,7707046.0,190399.0,96051.1863,9797221.0,217096.0,106575.9706,10870749.0,1990,2000,2589302.0,4264922.0,1675620.0
960,S377049,山东栖霞经济开发区,山东省,栖霞,省政府,经济开发区,1992.12,85.14,建材、机械、精细化工,121.042402,37.48017,121.03727,37.479224,山东省烟台市栖霞市经济开发区,未知,ok,15.806,19.6468,12.6408,41436.4068,0.0504,59.0,0.0,59.0,59.0,48358.0,20502.6981,2173286.0,72239.0,26741.5189,2834601.0,173884.0,38979.8491,4131864.0,241758.0,46675.8868,4947644.0,263919.0,51196.3302,5426811.0,1990,2000,2173286.0,2834601.0,661315.0
961,S377045,山东海阳经济开发区,山东省,海阳,省政府,经济开发区,1992.12,50.0,纺织服装、机械、电子信息,121.20112,36.731296,121.196132,36.730868,山东省烟台市海阳市经济开发区,未知,ok,5.456,11.7836,17.5194,122232.6684,0.0121,17.0,0.0,17.0,17.0,8920.0,16039.7353,1636053.0,13301.0,25513.5784,2602385.0,102460.0,68246.3824,6961131.0,182254.0,97861.1471,9981837.0,219391.0,112890.0098,11514781.0,1990,2000,1636053.0,2602385.0,966332.0
962,S377056,山东潍城经济开发区,山东省,潍城,省政府,经济开发区,1993.10,353.4,节能环保、物流、装备制造,119.025345,36.72371,119.01952,36.723297,山东省潍坊市潍城区经济开发区,未知,ok,51.702,17.0034,15.049,171559.0227,0.014,9.0,0.0,9.0,9.0,36775.0,62471.89,6247189.0,44268.0,88461.09,8846109.0,258608.0,140624.53,14062453.0,375063.0,170340.18,17034018.0,424214.0,183969.58,18396958.0,1990,2000,6247189.0,8846109.0,2598920.0
964,S377054,山东潍坊经济开发区,山东省,潍坊,省政府,经济开发区,1994.05,873.84,新材料、食品、装备制造,119.075936,36.757315,119.069978,36.756779,山东省潍坊市经济开发区,未知,ok,46.632,18.4236,21.0565,195278.136,0.0149,1.0,0.0,1.0,1.0,57807.0,71778.098,7321366.0,71224.0,97757.6863,9971284.0,80183.0,141332.0392,14415868.0,85551.0,167681.8529,17103549.0,93410.0,183141.2549,18680408.0,1990,2000,7321366.0,9971284.0,2649918.0
965,S377055,山东潍坊奎文经济开发区,山东省,潍坊奎文,省政府,经济开发区,2006.03,481.61,智能制造、物流、汽车服务,119.135156,36.667649,119.129224,36.667187,山东省潍坊市奎文区奎文经济开发区,住宅区,ok,54.211,48.8974,30.7891,351303.3149,0.0099,4.0,0.0,4.0,4.0,233919.0,95316.3824,9722271.0,318679.0,145404.6569,14831275.0,390109.0,197141.2353,20108406.0,425099.0,229450.0784,23403908.0,426562.0,256001.1569,26112118.0,2000,2010,14831275.0,20108406.0,5277131.0
966,S377066,山东临朐经济开发区,山东省,临朐,省政府,经济开发区,1993.03,267.34,有色金属加工、装备制造、食品,118.583853,36.528372,118.578396,36.528337,山东省潍坊市临朐县经济开发区,未知,ok,88.628,24.0553,13.7794,147301.3123,0.045,440.0,0.0,440.0,440.0,3579.0,36878.3077,3835344.0,69068.0,70600.9519,7342499.0,207588.0,127410.5673,13250699.0,278943.0,159521.1346,16590198.0,301345.0,175674.9519,18270195.0,1990,2000,3835344.0,7342499.0,3507155.0
967,S377067,山东昌乐经济开发区,山东省,昌乐,省政府,经济开发区,1992.12,974.61,装备制造、造纸、印刷包装,118.852169,36.713338,118.846632,36.713148,山东省潍坊市昌乐县经济开发区,未知,ok,58.137,20.7404,14.8582,169740.3212,0.0687,73.0,0.0,73.0,73.0,285991.0,42256.6961,4310183.0,324148.0,71664.4412,7309773.0,349623.0,127079.4706,12962106.0,368091.0,158072.4706,16123392.0,368176.0,168913.9412,17229222.0,1990,2000,4310183.0,7309773.0,2999590.0
968,S377063,山东青州经济开发区,山东省,青州,省政府,经济开发区,1992.12,192.48,装备制造、节能环保、生物材料,118.506178,36.735823,118.500487,36.735505,山东省潍坊市青州市经济开发区,未知,ok,73.652,11.4905,13.8341,157819.2772,0.104,113.0,0.0,113.0,113.0,359.0,48541.7692,5048344.0,359.0,85058.9327,8846129.0,155663.0,158723.5192,16507246.0,264740.0,201739.4904,20980907.0,306258.0,219004.1923,22776436.0,1990,2000,5048344.0,8846129.0,3797785.0
969,S377064,山东诸城经济开发区,山东省,诸城,省政府,经济开发区,1992.12,159.29,机械、食品、纺织服务,119.382732,36.024255,119.376871,36.024008,山东省潍坊市诸城市经济开发区,未知,ok,54.632,32.3478,20.9548,227883.3938,0.069,248.0,0.0,248.0,248.0,147699.0,65314.4951,6727393.0,340871.0,104894.9515,10804180.0,386007.0,158550.2816,16330679.0,406604.0,191459.7573,19720355.0,407912.0,204599.4563,21073744.0,1990,2000,6727393.0,10804180.0,4076787.0
970,S377060,山东寿光经济开发区,山东省,寿光,省政府,经济开发区,1992.12,651.25,海洋化工、装备制造、造纸,118.798009,36.937151,118.792331,36.936708,山东省潍坊市寿光市经济开发区,未知,ok,41.393,33.7634,12.2842,58288.2927,0.0067,55.0,0.0,55.0,55.0,1110.0,37441.1569,3818998.0,1211.0,46283.2059,4720887.0,149909.0,87645.1667,8939807.0,253294.0,116862.7647,11920002.0,285039.0,136980.5588,13972017.0,1990,2000,3818998.0,4720887.0,901889.0
971,S377062,山东安丘经济开发区,山东省,安丘,省政府,经济开发区,1992.12,400.78,食品、机械装备、石化,119.210624,36.498009,119.204871,36.497768,山东省潍坊市安丘市经济开发区,未知,ok,71.347,15.8316,13.8379,156658.376,0.0174,10.0,0.0,10.0,10.0,39002.0,19944.7921,2014424.0,55195.0,36237.0792,3659945.0,174511.0,92836.2178,9376458.0,239501.0,126997.6931,12826767.0,259888.0,144023.0,14546323.0,1990,2000,2014424.0,3659945.0,1645521.0
972,S377061,山东高密经济开发区,山东省,高密,省政府,经济开发区,1992.12,592.3,机械、纺织服装、制鞋,119.879768,36.392846,119.874611,36.392839,山东省潍坊市高密市经济开发区,未知,ok,27.176,11.5785,6.7312,72697.1018,0.0234,299.0,0.0,299.0,299.0,53553.0,24026.781,2522812.0,97842.0,37369.9714,3923847.0,129015.0,52998.6476,5564858.0,146635.0,62594.7524,6572449.0,151852.0,69983.7048,7348289.0,1990,2000,2522812.0,3923847.0,1401035.0
973,S377065,山东昌邑经济开发区,山东省,昌邑,省政府,经济开发区,1992.12,69.89,化工、机械、纺织,119.367558,36.840076,119.36162,36.83949,山东省潍坊市昌邑市经济开发区,未知,ok,31.896,34.4556,14.4008,164442.8061,0.0193,41.0,0.0,41.0,41.0,13212.0,57963.901,5854354.0,39696.0,80705.8614,8151292.0,212038.0,110762.3663,11186999.0,287815.0,128392.0396,12967596.0,303873.0,138077.8416,13945862.0,1990,2000,5854354.0,8151292.0,2296938.0
974,S377070,山东任城经济开发区,山东省,任城,省政府,经济开发区,1992.12,449.34,汽车、食品、商贸物流,116.67466,35.397878,116.66923,35.398245,山东省济宁市任城区经济开发区,未知,ok,234.012,23.5861,25.5229,214877.5807,0.0728,1511.0,0.0,1511.0,1511.0,1680.0,39900.9612,4109799.0,9099.0,59969.2039,6176828.0,168880.0,105971.4369,10915058.0,308913.0,136795.8447,14089972.0,333795.0,151746.5146,15629891.0,1990,2000,4109799.0,6176828.0,2067029.0
975,S377072,山东兖州经济开发区,山东省,兖州,省政府,经济开发区,1992.12,600.87,机械设备、化纤、食品,116.793616,35.577888,116.788049,35.578068,山东省济宁市兖州区经济开发区,未知,ok,227.944,20.893,20.0714,226445.9921,0.1308,817.0,0.0,817.0,817.0,13910.0,70160.1058,7296651.0,88661.0,91267.2019,9491789.0,171457.0,122242.2212,12713191.0,226949.0,142837.5288,14855103.0,246960.0,158820.6154,16517344.0,1990,2000,7296651.0,9491789.0,2195138.0
977,S377078,山东微山经济开发区,山东省,微山,省政府,经济开发区,2006.04,288.14,新能源、新材料、食品,117.150992,34.787314,117.145105,34.788089,山东省济宁市微山县经济开发区,未知,ok,187.105,26.6305,19.1667,149480.7537,0.3088,1228.0,7.0,1221.0,1214.0,20631.0,33824.3168,3416256.0,39910.0,51875.8515,5239461.0,116859.0,67655.4653,6833202.0,168025.0,79109.0099,7990010.0,211848.0,97338.6436,9831203.0,2000,2010,5239461.0,6833202.0,1593741.0
978,S377079,山东鱼台经济开发区,山东省,鱼台,省政府,经济开发区,2006.03,266.69,机械、水处理、农副产品加工,116.665016,35.014569,116.659651,35.015345,山东省济宁市鱼台县经济开发区,未知,ok,231.232,35.0219,20.7629,124805.5731,0.7433,164.0,3.0,161.0,158.0,4487.0,28788.3301,2965198.0,10749.0,40441.2136,4165445.0,147172.0,58084.4757,5982701.0,223209.0,69845.6408,7194101.0,256960.0,82371.3592,8484250.0,2000,2010,4165445.0,5982701.0,1817256.0
979,S377080,山东金乡经济开发区,山东省,金乡,省政府,经济开发区,2006.04,300.39,机械、输配电、轻工、食品,116.29089,35.07676,116.285376,35.077336,山东省济宁市金乡县经济开发区,未知,ok,265.423,23.7765,21.1365,180505.966,0.0461,454.0,0.0,454.0,454.0,32297.0,38543.6699,3969998.0,46352.0,59831.8835,6162684.0,161684.0,95029.8932,9788079.0,231951.0,119926.6117,12352441.0,273397.0,150792.5728,15531635.0,2000,2010,6162684.0,9788079.0,3625395.0
980,S377069,山东济宁经济开发区,山东省,济宁,省政府,经济开发区,1992.12,300.0,能源、装备制造、光伏材料,116.453422,35.437305,116.447768,35.437428,山东省济宁市嘉祥县济宁经济开发区,住宅区,ok,254.577,,14.0217,102625.026,0.0882,2610.0,0.0,2610.0,2610.0,11023.0,29100.6733,2939168.0,13749.0,46763.5446,4723118.0,19152.0,69434.4356,7012878.0,31885.0,85305.1881,8615824.0,82210.0,101937.1584,10295653.0,1990,2000,2939168.0,4723118.0,1783950.0
981,S377081,山东嘉祥经济开发区,山东省,嘉祥,省政府,经济开发区,2006.03,300.0,生物制药、精细化工、食品,116.453206,35.425262,116.447553,35.425394,山东省济宁市嘉祥县经济开发区,未知,ok,254.363,21.7696,14.3414,104721.0851,0.09,2072.0,0.0,2072.0,2072.0,0.0,26591.7172,2632580.0,652.0,43475.4343,4304068.0,152591.0,66030.4242,6537012.0,252556.0,82798.5354,8197055.0,314794.0,102634.7475,10160840.0,2000,2010,4304068.0,6537012.0,2232944.0
982,S377082,山东汶上经济开发区,山东省,汶上,省政府,经济开发区,2006.03,397.43,纺织服装、工程机械、机电,116.489123,35.6986,116.483555,35.698655,山东省济宁市汶上县经济开发区,未知,ok,258.158,32.2895,14.9761,164691.6758,0.1337,1240.0,0.0,1240.0,1240.0,12277.0,29695.42,2969542.0,40314.0,54388.39,5438839.0,123555.0,83046.6,8304660.0,181558.0,101959.62,10195962.0,203500.0,115722.2,11572220.0,2000,2010,5438839.0,8304660.0,2865821.0
983,S377077,山东泗水经济开发区,山东省,泗水,省政府,经济开发区,2006.03,279.02,制药、包装、机械,117.24531,35.659184,117.239444,35.659276,山东省济宁市泗水县经济开发区,未知,ok,191.269,14.3654,12.4629,128841.4875,0.1005,805.0,4.0,801.0,797.0,3005.0,30222.4314,3082688.0,28152.0,58185.6863,5934940.0,220730.0,81956.6176,8359575.0,308738.0,97218.7255,9916310.0,326815.0,115142.1471,11744499.0,2000,2010,5934940.0,8359575.0,2424635.0
984,S377076,山东梁山经济开发区,山东省,梁山,省政府,经济开发区,1992.01,152.96,印刷、机械、纺织,116.009251,35.818083,116.003561,35.818105,山东省济宁市梁山县经济开发区,未知,ok,318.012,20.4448,11.5675,68699.5858,0.1753,215.0,0.0,215.0,215.0,54873.0,20315.0583,2092451.0,73701.0,34910.4272,3595774.0,107474.0,55318.7379,5697830.0,132362.0,69181.767,7125722.0,153976.0,80780.0583,8320346.0,1990,2000,2092451.0,3595774.0,1503323.0
985,S377071,山东曲阜经济开发区,山东省,曲阜,省政府,经济开发区,1992.12,373.33,电气机械器材、专用设备、汽车零配件,117.035766,35.59348,117.029895,35.59351,山东省济宁市曲阜市经济开发区,未知,ok,207.445,26.0855,16.1602,163557.7834,0.1827,1067.0,0.0,1067.0,1067.0,75378.0,55860.6699,5753649.0,210173.0,85370.2524,8793136.0,244525.0,109403.0,11268509.0,260299.0,124640.1262,12837933.0,270263.0,141137.4369,14537156.0,1990,2000,5753649.0,8793136.0,3039487.0
986,S377074,山东邹城经济开发区,山东省,邹城,省政府,经济开发区,1992.12,92.41,装备制造、新材料,116.949904,35.382054,116.944395,35.382475,山东省济宁市邹城市经济开发区,未知,ok,209.116,22.5799,31.6289,259040.4911,0.0341,1559.0,0.0,1559.0,1559.0,180213.0,106716.819,11205266.0,208870.0,130378.8476,13689779.0,281497.0,162320.9619,17043701.0,319311.0,182609.6476,19174013.0,324415.0,195477.6095,20525149.0,1990,2000,11205266.0,13689779.0,2484513.0
988,S377085,山东泰山经济开发区,山东省,泰山,省政府,经济开发区,2006.03,288.52,输变电、纺织服装、机械,117.18594,36.200267,117.17996,36.20013,山东省泰安市泰山区山东泰山经济开发区,住宅区,ok,200.202,34.7821,24.6636,279685.639,0.4458,983.0,12.0,971.0,959.0,35199.0,76649.7157,7818271.0,163662.0,117506.9216,11985706.0,292223.0,162041.3333,16528216.0,364315.0,188946.2647,19272519.0,376958.0,203859.3824,20793657.0,2000,2010,11985706.0,16528216.0,4542510.0
989,S377083,山东岱岳经济开发区,山东省,岱岳,省政府,经济开发区,2006.03,387.31,装备制造、新材料、建材,116.995594,36.179448,116.989825,36.179401,山东省泰安市岱岳区山东岱岳经济开发区,住宅区,ok,237.94,13.6443,15.6558,124666.7937,0.3022,2687.0,13.0,2674.0,2661.0,3249.0,15432.9109,1558724.0,6037.0,25631.7921,2588811.0,65830.0,59337.0396,5993041.0,135558.0,81621.3861,8243760.0,270655.0,104891.1683,10594008.0,2000,2010,2588811.0,5993041.0,3404230.0
990,S377088,山东宁阳经济开发区,山东省,宁阳,省政府,经济开发区,2006.03,369.16,生物化工、装备制造、汽车零配件,117.136747,35.905569,117.130719,35.905416,山东省泰安市宁阳县经济开发区,未知,ok,211.081,7.3713,9.6977,103891.5871,0.1381,594.0,2.0,592.0,590.0,18647.0,29923.505,3022274.0,27876.0,44916.5248,4536569.0,39450.0,55777.6832,5633546.0,61410.0,64134.0396,6477538.0,155760.0,78810.1683,7959827.0,2000,2010,4536569.0,5633546.0,1096977.0
991,S377089,山东东平经济开发区,山东省,东平,省政府,经济开发区,2006.03,330.52,化工、纸制品、装备制造,116.446785,35.962031,116.441059,35.961891,山东省泰安市东平县经济开发区,未知,ok,284.703,9.7329,13.7604,140149.8361,0.1689,554.0,4.0,550.0,546.0,27793.0,33554.59,3355459.0,40974.0,50624.54,5062454.0,244427.0,76531.5,7653150.0,352934.0,93103.73,9310373.0,359850.0,105845.77,10584577.0,2000,2010,5062454.0,7653150.0,2590696.0
992,S377086,山东新泰经济开发区,山东省,新泰,省政府,经济开发区,1992.12,399.41,机械装备、电工电气,117.738019,35.887795,117.732088,35.887793,山东省泰安市新泰市经济开发区,未知,ok,162.885,21.4947,26.5678,269291.5484,0.0621,50.0,0.0,50.0,50.0,124262.0,114594.58,11459458.0,194003.0,142663.96,14266396.0,296482.0,167836.18,16783618.0,342976.0,187415.4,18741540.0,367914.0,222573.71,22257371.0,1990,2000,11459458.0,14266396.0,2806938.0
994,S377093,山东文登经济开发区,山东省,文登,省政府,经济开发区,1992.12,679.94,汽车零配件、机电、海洋装备,122.061755,37.22645,122.056733,37.225551,山东省威海市文登区经济开发区,未知,ok,23.022,11.4522,13.4733,145322.8776,0.0244,260.0,0.0,260.0,260.0,7355.0,43838.3267,4427671.0,79347.0,67431.0099,6810532.0,169978.0,98951.6535,9994117.0,210740.0,119893.8416,12109278.0,213797.0,130674.9901,13198174.0,1990,2000,4427671.0,6810532.0,2382861.0
996,S377091,山东荣成经济开发区,山东省,荣成,省政府,经济开发区,1992.12,678.07,装备制造、食品、生物科技,122.419157,37.114093,122.414178,37.113234,山东省威海市荣成市经济开发区,未知,ok,2.296,11.1306,14.1181,128855.5823,0.0368,355.0,0.0,355.0,355.0,4653.0,24390.1538,2536576.0,10142.0,39572.4615,4115536.0,115720.0,61298.3077,6375024.0,177774.0,76065.3269,7910794.0,199895.0,87545.5288,9104735.0,1990,2000,2536576.0,4115536.0,1578960.0
998,S377095,山东乳山经济开发区,山东省,乳山,省政府,经济开发区,1992.12,600.2,机械、食品、生物技术、新材料,121.550184,36.892175,121.54539,36.891804,山东省威海市乳山市经济开发区,未知,ok,5.815,25.3903,20.0994,184029.7368,0.0047,22.0,0.0,22.0,22.0,1196.0,40667.4752,4107415.0,2381.0,62613.9406,6324008.0,88513.0,88888.2376,8977712.0,164846.0,105671.396,10672811.0,180224.0,114164.9604,11530661.0,1990,2000,4107415.0,6324008.0,2216593.0
1000,S377098,山东岚山经济开发区,山东省,岚山,省政府,经济开发区,1994.12,100.0,钢铁、石化、木材,119.31881,35.121985,119.313158,35.122409,山东省日照市岚山区,区县,ok,3.993,24.1488,16.7566,154411.6993,0.3312,901.0,0.0,901.0,901.0,1382.0,41533.4951,4277950.0,56243.0,68918.2136,7098576.0,164947.0,124684.9515,12842550.0,216553.0,163873.7864,16879000.0,237997.0,197588.5534,20351621.0,1990,2000,4277950.0,7098576.0,2820626.0
1001,S377099,山东日照市北经济开发区,山东省,日照市北,省政府,经济开发区,2006.03,100.01,汽车、机械、装备制造,119.501214,35.631618,119.495659,35.631686,山东省日照市五莲县日照市北经济开发区,住宅区,ok,14.771,14.5625,9.8507,34497.1249,0.0075,183.0,1.0,182.0,181.0,1355.0,12651.4286,1328400.0,1851.0,17173.2857,1803195.0,13965.0,26988.4571,2833788.0,30006.0,34656.7524,3638959.0,47448.0,46049.2762,4835174.0,2000,2010,1803195.0,2833788.0,1030593.0
1002,S377100,山东莒县经济开发区,山东省,莒县,省政府,经济开发区,2006.03,299.75,装备制造、精细化工、新能源、新材料,118.831097,35.608644,118.825634,35.608833,山东省日照市莒县经济开发区,未知,ok,63.43,28.1572,22.0749,206885.5489,0.0313,118.0,0.0,118.0,118.0,34875.0,32690.25,3269025.0,141973.0,70137.19,7013719.0,291646.0,122907.22,12290722.0,363097.0,158310.41,15831041.0,369518.0,187614.44,18761444.0,2000,2010,7013719.0,12290722.0,5277003.0
1004,S377103,山东莱芜钢城经济开发区,山东省,莱芜钢城,省政府,经济开发区,2006.03,349.92,装备制造、电子信息,117.821415,36.149447,117.81558,36.14946,山东省济南市钢城区经济开发区,未知,ok,162.603,7.9645,8.8781,100393.9122,0.0485,403.0,0.0,403.0,403.0,25527.0,49571.0891,5006680.0,26187.0,59147.2277,5973870.0,30822.0,90227.7129,9112999.0,36183.0,108827.4455,10991572.0,61722.0,121585.4158,12280127.0,2000,2010,5973870.0,9112999.0,3139129.0
1005,S377107,临沂兰山经济开发区,山东省,临沂兰山,省政府,经济开发区,2006.04,366.76,机械、食品、板材,118.195274,35.094526,118.189568,35.095026,山东省临沂市兰山区经济开发区,未知,ok,92.137,9.4228,9.1413,98415.3687,0.101,233.0,38.0,195.0,157.0,118773.0,40967.44,4096744.0,158294.0,73395.5,7339550.0,197798.0,144912.82,14491282.0,221332.0,191804.31,19180431.0,246366.0,256350.53,25635053.0,2000,2010,7339550.0,14491282.0,7151732.0
1006,S377105,临沂河东经济开发区,山东省,临沂河东,省政府,经济开发区,2006.03,392.29,食品、五金、机械,118.482329,34.92545,118.476741,34.926132,山东省临沂市河东区河东经济开发区,住宅区,ok,65.539,13.9124,10.747,46985.9164,0.3947,1396.0,36.0,1360.0,1324.0,421.0,28469.1188,2875381.0,744.0,43913.2772,4435241.0,186511.0,72297.0099,7301998.0,285128.0,89085.0099,8997586.0,312957.0,100044.9208,10104537.0,2000,2010,4435241.0,7301998.0,2866757.0
1007,S377110,山东沂南经济开发区,山东省,沂南,省政府,经济开发区,2006.03,329.52,食品、化学原料、交通运输设备,118.510946,35.531218,118.505404,35.531394,山东省临沂市沂南县经济开发区,未知,ok,83.047,12.0467,12.8994,128787.5822,0.0206,354.0,1.0,353.0,352.0,34335.0,28902.5098,2948056.0,73596.0,54862.1765,5595942.0,130428.0,98237.049,10020179.0,161689.0,127948.8137,13050779.0,195057.0,151816.9216,15485326.0,2000,2010,5595942.0,10020179.0,4424237.0
1008,S377114,山东郯城经济开发区,山东省,郯城,省政府,经济开发区,2006.03,360.38,化工、造纸、医药,118.308207,34.631077,118.302591,34.632056,山东省临沂市郯城县山东郯城经济开发区,住宅区,ok,81.974,48.183,24.3488,214805.3168,0.2027,461.0,1.0,460.0,459.0,15161.0,57205.5588,5834967.0,41132.0,93019.6961,9488009.0,186306.0,117667.1961,12002054.0,293433.0,131667.2843,13430063.0,325241.0,140247.6961,14305265.0,2000,2010,9488009.0,12002054.0,2514045.0
1009,S377108,山东沂水经济开发区,山东省,沂水,省政府,经济开发区,2006.03,300.0,机械电子、能源、高分子、食品,118.664984,35.763037,118.659523,35.763164,山东省临沂市沂水县经济开发区,未知,ok,85.409,7.6501,11.6385,117513.8458,0.0315,377.0,2.0,375.0,373.0,2987.0,42731.9505,4315927.0,3010.0,75233.2574,7598559.0,18633.0,111076.703,11218747.0,40389.0,133098.6535,13442964.0,107837.0,155038.2178,15658860.0,2000,2010,7598559.0,11218747.0,3620188.0
1010,S377109,山东兰陵经济开发区,山东省,兰陵,省政府,经济开发区,2006.03,231.69,食品、矿产建设、机械,118.000267,34.872632,117.994549,34.873433,山东省临沂市兰陵县山东兰陵经济开发区,住宅区,ok,109.207,,24.1993,155286.9552,0.3123,160.0,93.0,67.0,-26.0,34391.0,56602.0588,5773410.0,54953.0,79537.7941,8112855.0,101064.0,100559.7745,10257097.0,148083.0,113720.6961,11599511.0,236314.0,127141.1078,12968393.0,2000,2010,8112855.0,10257097.0,2144242.0
1011,S377112,山东费县经济开发区,山东省,费县,省政府,经济开发区,2006.03,246.22,木业家具、新材料、生物医药,118.080637,35.236324,118.074705,35.236548,山东省临沂市费县经济开发区,未知,ok,105.24,9.9818,9.6427,97516.5634,0.411,627.0,98.0,529.0,431.0,14794.0,17814.7184,1834916.0,16468.0,28590.4563,2944817.0,72098.0,53638.7476,5524791.0,144789.0,71838.4078,7399356.0,378570.0,95991.7961,9887155.0,2000,2010,2944817.0,5524791.0,2579974.0
1012,S377116,山东平邑经济开发区,山东省,平邑,省政府,经济开发区,2006.03,395.28,机械、生物医药、建材,117.64911,35.485267,117.643366,35.485594,山东省临沂市平邑县经济开发区,未知,ok,150.953,26.7775,20.7719,224398.748,0.0368,197.0,6.0,191.0,185.0,25661.0,35149.2059,3585219.0,86391.0,65859.0392,6717622.0,187058.0,95808.3235,9772449.0,260821.0,117205.1275,11954923.0,291345.0,143117.2059,14597955.0,2000,2010,6717622.0,9772449.0,3054827.0
1013,S377113,山东莒南经济开发区,山东省,莒南,省政府,经济开发区,2006.03,282.35,农副产品加工、生物工程,118.787729,35.209017,118.782221,35.20946,山东省临沂市莒南县经济开发区,未知,ok,42.664,13.1837,15.7281,114406.1233,0.105,272.0,8.0,264.0,256.0,42337.0,36834.8932,3793994.0,70480.0,59010.5922,6078091.0,95390.0,88148.8835,9079335.0,116489.0,109083.699,11235621.0,168463.0,132479.8155,13645421.0,2000,2010,6078091.0,9079335.0,3001244.0
1014,S377115,山东蒙阴经济开发区,山东省,蒙阴,省政府,经济开发区,2006.03,348.5,机械、纺织、食品,117.998879,35.69054,117.993078,35.690606,山东省临沂市蒙阴县经济开发区,未知,ok,131.345,18.8507,21.8756,76192.6374,0.1207,375.0,28.0,347.0,319.0,29452.0,18333.5098,1870018.0,39231.0,30217.9216,3082228.0,114081.0,40438.7549,4124753.0,171986.0,55393.7255,5650160.0,269285.0,108276.9706,11044251.0,2000,2010,3082228.0,4124753.0,1042525.0
1015,S377111,山东临沭经济开发区,山东省,临沭,省政府,经济开发区,2006.03,353.36,化工、装备制造、食品,118.614152,34.941929,118.608862,34.942823,山东省临沂市临沭县山东临沭经济开发区,住宅区,ok,53.453,13.6435,16.3759,172323.2942,0.0816,356.0,3.0,353.0,350.0,119649.0,53332.1863,5439883.0,134584.0,86661.2059,8839443.0,158461.0,121903.2059,12434127.0,173619.0,143194.3039,14605819.0,187001.0,159250.2745,16243528.0,2000,2010,8839443.0,12434127.0,3594684.0
1016,S377117,山东德州运河经济开发区,山东省,德州运河,省政府,经济开发区,2006.03,332.05,化工、能源、机械,116.339551,37.527814,116.333676,37.526956,山东省德州市德城区德州运河经济开发区,住宅区,ok,155.402,7.285,9.0191,104765.2935,0.4416,296.0,110.0,186.0,76.0,6004.0,28464.5842,2874923.0,7223.0,42438.9802,4286337.0,12813.0,70856.5842,7156515.0,20413.0,90002.3267,9090235.0,42688.0,103586.2673,10462213.0,2000,2010,4286337.0,7156515.0,2870178.0
1017,S377127,山东陵城区经济开发区,山东省,陵城区,省政府,经济开发区,2006.03,392.44,新能源、机械、新材料,116.522109,37.3476,116.516482,37.346974,山东省德州市陵城区经济开发区,未知,ok,155.727,11.3072,12.6995,108949.1482,0.0953,260.0,12.0,248.0,236.0,31732.0,44899.59,4489959.0,39146.0,57273.13,5727313.0,153361.0,91300.57,9130057.0,216828.0,112875.91,11287591.0,245468.0,126630.49,12663049.0,2000,2010,5727313.0,9130057.0,3402744.0
1018,S377122,山东宁津经济开发区,山东省,宁津,省政府,经济开发区,2006.03,348.76,电梯、健身器材、家具,116.81186,37.638854,116.806097,37.638153,山东省德州市宁津县经济开发区,未知,ok,114.628,14.5432,9.0515,101059.5302,0.0536,166.0,12.0,154.0,142.0,83871.0,48709.5962,5065798.0,136171.0,70338.1827,7315171.0,195521.0,108797.3462,11314924.0,231834.0,132642.4712,13794817.0,266213.0,146323.3558,15217629.0,2000,2010,7315171.0,11314924.0,3999753.0
1019,S377125,山东庆云经济开发区,山东省,庆云,省政府,经济开发区,2006.03,400.0,精细化工、农副食品、装备制造,117.36975,37.783634,117.363389,37.7827,山东省德州市庆云县山东庆云经济开发区,住宅区,ok,68.677,21.865,16.6613,147735.708,0.7022,182.0,70.0,112.0,42.0,1237.0,50099.1442,5210311.0,2060.0,64224.0192,6679298.0,132642.0,96258.75,10010910.0,220625.0,115533.0769,12015440.0,240386.0,124565.4712,12954809.0,2000,2010,6679298.0,10010910.0,3331612.0
1020,S377124,山东临邑经济开发区,山东省,临邑,省政府,经济开发区,2006.03,350.4,化工、生物医药、机械电子,116.82914,37.17942,116.82346,37.178907,山东省德州市临邑县经济开发区,未知,ok,150.952,10.1519,10.5448,123237.5389,0.1133,250.0,4.0,246.0,242.0,59269.0,63419.0588,6468744.0,68020.0,83155.7157,8481883.0,184295.0,119664.7353,12205803.0,265259.0,142280.6471,14512626.0,278720.0,151653.6863,15468676.0,2000,2010,8481883.0,12205803.0,3723920.0
1021,S377121,山东齐河经济开发区,山东省,齐河,省政府,经济开发区,2002.03,701.03,冶金装备、化工、食品,116.807181,36.806776,116.801503,36.806481,山东省德州市齐河县经济开发区,未知,ok,186.827,11.6576,11.0589,114017.3173,0.2175,664.0,3.0,661.0,658.0,26666.0,51389.4757,5293116.0,51185.0,67933.0291,6997102.0,193463.0,103496.8155,10660172.0,274038.0,126960.3786,13076919.0,289473.0,149712.699,15420408.0,2000,2010,6997102.0,10660172.0,3663070.0
1022,S377128,山东平原经济开发区,山东省,平原,省政府,经济开发区,2006.03,310.0,新材料、化工、机械,116.493178,37.160866,116.487468,37.160254,山东省德州市平原县山东平原经济开发区,住宅区,ok,173.205,4.9751,6.6017,66591.0631,0.1104,601.0,8.0,593.0,585.0,38710.0,42833.7941,4369047.0,55128.0,53163.4706,5422674.0,68505.0,75255.3922,7676050.0,76159.0,89322.0,9110844.0,87362.0,101273.4608,10329893.0,2000,2010,5422674.0,7676050.0,2253376.0
1023,S377123,山东夏津经济开发区,山东省,夏津,省政府,经济开发区,2006.03,375.81,纺织、装备制造、食品,116.021843,37.000711,116.015985,37.000173,山东省德州市夏津县经济开发区,未知,ok,214.209,,12.8305,97306.5431,0.0166,180.0,3.0,177.0,174.0,4350.0,35010.0769,3641048.0,8436.0,47388.2308,4928376.0,38028.0,66060.6538,6870308.0,73576.0,78789.0192,8194058.0,154218.0,90380.9231,9399616.0,2000,2010,4928376.0,6870308.0,1941932.0
1024,S377126,山东武城经济开发区,山东省,武城,省政府,经济开发区,2006.03,240.22,汽车及零配件、新材料、新能源,116.120542,37.193791,116.114568,37.193013,山东省德州市武城县经济开发区,未知,ok,192.906,17.4599,10.2807,97080.8216,0.0405,217.0,3.0,214.0,211.0,54201.0,36592.6634,3695859.0,64188.0,52722.7426,5324997.0,122449.0,71538.0198,7225340.0,160964.0,83312.9406,8414607.0,188366.0,92130.2475,9305155.0,2000,2010,5324997.0,7225340.0,1900343.0
1025,S377120,山东乐陵经济开发区,山东省,乐陵,省政府,经济开发区,2006.03,400.0,五金、装备制造、体育器材,117.240735,37.736569,117.234634,37.735796,山东省德州市乐陵市经济开发区,未知,ok,80.107,23.6141,14.5722,163150.5155,0.8351,41.0,11.0,30.0,19.0,88174.0,55856.0,5809024.0,180771.0,74480.5288,7745975.0,292985.0,105815.6442,11004827.0,351061.0,124325.2212,12929823.0,353124.0,134439.5865,13981717.0,2000,2010,7745975.0,11004827.0,3258852.0
1027,S377134,山东阳谷祥光经济开发区,山东省,阳谷祥光,省政府,经济开发区,2006.04,380.81,铜及铜制品加工、食品、塑料化工,115.843887,36.137893,115.838274,36.137989,山东省聊城市阳谷县祥光经济开发区,住宅区,ok,296.113,,16.1736,132316.4478,0.2165,625.0,0.0,625.0,625.0,586.0,28757.0194,2961973.0,2146.0,48661.4175,5012126.0,37262.0,74448.301,7668175.0,66251.0,89516.2427,9220173.0,83555.0,101330.5146,10437043.0,2000,2010,5012126.0,7668175.0,2656049.0
1028,S377137,山东聊城鲁西经济开发区,山东省,聊城鲁西,省政府,经济开发区,2006.03,297.12,农副产品加工、机械、精细化工,115.679039,36.26575,115.673295,36.265773,山东省聊城市莘县鲁西经济开发区,住宅区,ok,296.231,16.0214,16.7675,135363.7337,0.5301,181.0,7.0,174.0,167.0,73502.0,47763.3431,4871861.0,88379.0,65451.4412,6676047.0,170911.0,91511.8824,9334212.0,210442.0,108593.6667,11076554.0,240611.0,126559.3725,12909056.0,2000,2010,6676047.0,9334212.0,2658165.0
1029,S377132,山东茌平经济开发区,山东省,茌平,省政府,经济开发区,2006.04,401.09,铝及铝加工、热电、密度板,116.254865,36.580814,116.249221,36.580616,山东省聊城市茌平区,区县,ok,234.709,46.5931,18.8935,176673.135,0.3321,398.0,30.0,368.0,338.0,273397.0,53875.3689,5549163.0,317558.0,79447.0,8183041.0,355931.0,136391.4951,14048324.0,375532.0,169576.6117,17466391.0,381687.0,186662.1942,19226206.0,2000,2010,8183041.0,14048324.0,5865283.0
1030,S377136,山东东阿经济开发区,山东省,东阿,省政府,经济开发区,2006.03,311.04,医药、钢球、食品,116.275126,36.356887,116.269497,36.356777,山东省聊城市东阿县山东东阿经济开发区,住宅区,ok,254.392,14.4001,14.1033,98666.4264,0.3768,419.0,8.0,411.0,403.0,15023.0,38992.3529,3977220.0,19918.0,51024.2549,5204474.0,147201.0,78193.451,7975732.0,234705.0,96298.1569,9822412.0,285240.0,111272.7353,11349819.0,2000,2010,5204474.0,7975732.0,2771258.0
1031,S377135,山东冠县经济开发区,山东省,冠县,省政府,经济开发区,2006.03,370.38,钢板、纺织服装、农副产品加工,115.499912,36.504047,115.494,36.503903,山东省聊城市冠县经济开发区,未知,ok,286.259,15.2723,18.8366,152708.0923,0.3887,5696.0,22.0,5674.0,5652.0,14374.0,35683.4369,3675394.0,16734.0,52411.0388,5398337.0,122196.0,93102.7767,9589586.0,200580.0,117302.7961,12082188.0,226876.0,133376.2427,13737753.0,2000,2010,5398337.0,9589586.0,4191249.0
1032,S377133,山东高唐经济开发区,山东省,高唐,省政府,经济开发区,2006.03,312.56,造纸及纸制品、纺织服装、交通运输设备,116.212307,36.858349,116.206589,36.857948,山东省聊城市高唐县经济开发区,未知,ok,215.032,24.2665,12.5834,140858.5408,0.1844,607.0,51.0,556.0,505.0,96551.0,50756.9902,5177213.0,211781.0,85084.9804,8678668.0,281453.0,125100.8431,12760286.0,318534.0,147550.3333,15050134.0,324983.0,158271.1078,16143653.0,2000,2010,8678668.0,12760286.0,4081618.0
1033,S377131,山东临清经济开发区,山东省,临清,省政府,经济开发区,2006.03,210.12,有色金属加工、纺织、机械,115.756134,36.859367,115.750254,36.859001,山东省聊城市临清市经济开发区,未知,ok,241.986,8.8117,17.9193,191126.7821,0.204,588.0,30.0,558.0,528.0,10738.0,62017.8218,6263800.0,16404.0,92604.3762,9353042.0,46694.0,122064.2475,12328489.0,76201.0,139476.6337,14087140.0,164572.0,153431.0297,15496534.0,2000,2010,9353042.0,12328489.0,2975447.0
1035,S377145,山东沾化经济开发区,山东省,沾化,省政府,经济开发区,2006.03,389.03,化工、食品、医药、金属材料,118.165451,37.697878,118.15937,37.696979,山东省滨州市沾化区经济开发区,未知,ok,49.462,9.162,5.5009,61186.0059,0.0257,2.0,2.0,0.0,-2.0,43265.0,38949.7864,4011828.0,73234.0,52836.9612,5442207.0,208717.0,71156.0874,7329077.0,286806.0,83432.6117,8593559.0,308341.0,91351.8252,9409238.0,2000,2010,5442207.0,7329077.0,1886870.0
1036,S377143,山东惠民经济开发区,山东省,惠民,省政府,经济开发区,2006.03,82.0,装备制造、铝制品加工、生物医药,117.590166,37.475361,117.584253,37.474788,山东省滨州市惠民县经济开发区,未知,ok,87.097,6.3344,8.4506,58976.9507,0.2572,157.0,12.0,145.0,133.0,1818.0,25061.4653,2531208.0,2770.0,34812.2871,3516041.0,87179.0,51981.8812,5250170.0,148023.0,63400.3861,6403439.0,171950.0,72036.2178,7275658.0,2000,2010,3516041.0,5250170.0,1734129.0
1037,S377142,山东阳信经济开发区,山东省,阳信,省政府,经济开发区,2006.03,136.59,油气化工、家纺、地毯纺织、畜产品加工,117.625517,37.664138,117.619568,37.663525,山东省滨州市阳信县山东阳信经济开发区,住宅区,ok,66.845,9.4614,11.5858,80161.8594,0.37,129.0,44.0,85.0,41.0,475.0,35097.0891,3544806.0,475.0,49718.0792,5021526.0,2949.0,66516.1287,6718129.0,10359.0,78981.0297,7977084.0,23852.0,100486.901,10149177.0,2000,2010,5021526.0,6718129.0,1696603.0
1039,S377141,山东博兴经济开发区,山东省,博兴,省政府,经济开发区,2002.02,515.99,化工、板材、粮油,118.130928,37.165644,118.124822,37.164854,山东省滨州市博兴县山东博兴经济开发区,住宅区,ok,75.592,15.4214,9.2851,92061.4783,0.0479,32.0,8.0,24.0,16.0,79.0,38263.5294,3902880.0,3294.0,55109.0784,5621126.0,76934.0,92394.049,9424193.0,127722.0,118774.3137,12114980.0,135453.0,131586.1765,13421790.0,2000,2010,5621126.0,9424193.0,3803067.0
1040,S377146,山东菏泽经济开发区,山东省,菏泽,省政府,经济开发区,1992.12,783.68,新能源、新材料、生物医药、机电设备,115.582648,35.271274,115.577103,35.271868,山东省菏泽市经济开发区,未知,ok,330.884,18.4826,14.3054,141351.3516,0.451,1563.0,0.0,1563.0,1563.0,152287.0,28663.1078,2923637.0,213878.0,49753.8725,5074895.0,263521.0,94153.5294,9603660.0,295287.0,120818.3725,12323474.0,306036.0,136826.2059,13956273.0,1990,2000,2923637.0,5074895.0,2151258.0
1052,S417001,河南惠济经济开发区,河南省,惠济,省政府,经济开发区,1994.01,542.0,食品、汽车、文化创意,113.617055,34.867994,113.611001,34.869058,河南省郑州市惠济区,区县,ok,535.132,27.0666,32.8678,257781.8073,0.1519,606.0,0.0,606.0,606.0,108672.0,42475.5149,4290027.0,235846.0,68552.5248,6923805.0,280642.0,111708.3663,11282545.0,299836.0,138326.8119,13971008.0,306207.0,159893.6238,16149256.0,1990,2000,4290027.0,6923805.0,2633778.0
1080,S417052,郏县经济技术开发区,河南省,郏县,省政府,经济开发区,2015.02,632.51,装备制造、医药、物流,113.21261,33.971787,113.206353,33.973207,河南省平顶山市郏县,区县,ok,556.712,57.3385,21.7496,168864.1607,0.1317,445.0,15.0,430.0,415.0,353435.0,46992.7925,4981236.0,408908.0,62216.8679,6594988.0,415023.0,79922.5943,8471795.0,417469.0,90752.5849,9619774.0,417469.0,100292.0566,10630958.0,2015,2020,9619774.0,10630958.0,1011184.0
1093,S417008,河南新乡经济开发区,河南省,新乡,省政府,经济开发区,2002.11,842.11,化工、医药、机械,113.800985,35.194306,113.794844,35.194876,河南省新乡市经济开发区,未知,ok,497.217,15.9957,11.6166,100344.5646,0.046,271.0,0.0,271.0,271.0,73053.0,59564.5631,6135150.0,126417.0,79557.7476,8194448.0,219092.0,110446.4369,11375983.0,274726.0,129108.1456,13298139.0,294323.0,136726.1165,14082790.0,2000,2010,8194448.0,11375983.0,3181535.0
1104,S417075,武陟经济技术开发区,河南省,武陟,省政府,经济开发区,2015.02,1556.0,装备制造、生物医药、造纸,113.401848,35.099458,113.395269,35.099907,河南省焦作市武陟县,区县,ok,530.256,52.2229,16.6302,180404.286,0.1009,186.0,32.0,154.0,122.0,424062.0,45554.8333,4646593.0,447683.0,69860.3333,7125754.0,449101.0,105434.2157,10754290.0,449667.0,127435.0098,12998371.0,449667.0,139616.5294,14240886.0,2015,2020,12998371.0,14240886.0,1242515.0
1106,S417077,沁阳经济技术开发区,河南省,沁阳,省政府,经济开发区,2015.02,445.31,能源化工、有色金属及加工、新能源,112.805507,35.182144,112.799344,35.182753,河南省焦作市沁阳市沁阳经济技术开发区,住宅区,ok,569.405,18.7458,13.503,42034.824,7.1991,423.0,116.0,307.0,191.0,26385.0,37888.3883,3902504.0,33642.0,45837.6505,4721278.0,47649.0,52493.8544,5406867.0,56562.0,56499.9709,5819497.0,73072.0,60763.0194,6258591.0,2015,2020,5819497.0,6258591.0,439094.0
1118,S417088,长葛经济技术开发区,河南省,长葛,省政府,经济开发区,2015.02,1299.6,机械装备、食品、生物医药,113.813972,34.195458,113.807971,34.196901,河南省许昌市长葛市,区县,ok,497.878,32.456,16.6304,172789.4659,0.088,2987.0,54.0,2933.0,2879.0,33926.0,55717.0673,5794575.0,80034.0,81403.4231,8465956.0,133748.0,117611.5577,12231602.0,193092.0,140855.1635,14648937.0,231574.0,155010.5673,16121099.0,2015,2020,14648937.0,16121099.0,1472162.0
1121,S417091,临颍经济技术开发区,河南省,临颍,省政府,经济开发区,2015.02,1324.2,食品、装备制造,113.931121,33.828096,113.925362,33.829726,河南省漯河市临颍县,区县,ok,494.832,27.1204,19.9115,206123.8801,0.2001,1021.0,8.0,1013.0,1005.0,294.0,47340.3981,4876061.0,10920.0,75043.233,7729453.0,143602.0,97905.6699,10084284.0,242037.0,112108.0485,11547129.0,265513.0,123219.9709,12691657.0,2015,2020,11547129.0,12691657.0,1144528.0
1122,S417004,河南三门峡经济开发区,河南省,三门峡,省政府,经济开发区,1995.03,550.83,农副产品加工、机械、医药,111.1739,34.767226,111.167873,34.768172,河南省三门峡市经济开发区,未知,ok,712.058,46.0668,25.6496,237104.5481,0.1135,299.0,0.0,299.0,299.0,116339.0,69254.3235,7063941.0,157623.0,90654.402,9246749.0,224506.0,106272.5588,10839801.0,260457.0,114332.2353,11661888.0,272730.0,120288.6765,12269445.0,1990,2000,7063941.0,9246749.0,2182808.0
1128,S417097,南阳新能源经济技术开发区,河南省,南阳新能源,省政府,经济开发区,2015.02,1907.95,新能源、装备制造、农副产品加工,112.555876,32.923686,112.550111,32.925794,河南省南阳市宛城区新能源经济技术开发区,住宅区,ok,646.092,20.2278,25.0215,134140.1198,3.0702,1116.0,408.0,708.0,300.0,13002.0,24752.0707,2450455.0,25841.0,49437.3535,4894298.0,81718.0,70043.5455,6934311.0,122737.0,85552.3939,8469687.0,183902.0,111859.7071,11074111.0,2015,2020,8469687.0,11074111.0,2604424.0
1140,S417016,河南商丘经济开发区,河南省,商丘,省政府,经济开发区,1995.03,888.14,新能源电动车、电子、环保装备,115.692176,34.408314,115.686599,34.409617,河南省商丘市经济开发区,未知,ok,323.341,53.5651,25.7972,286245.8316,0.1702,498.0,0.0,498.0,498.0,39704.0,79237.31,7923731.0,190543.0,139276.11,13927611.0,270305.0,183115.38,18311538.0,306851.0,207858.28,20785828.0,315965.0,224365.38,22436538.0,1990,2000,7923731.0,13927611.0,6003880.0
1148,S417116,永城经济技术开发区,河南省,永城,省政府,经济开发区,2015.02,935.94,煤化工、铝加工、装备制造,118.403722,31.468319,118.398297,31.47012,安徽省芜湖市鸠江区芜湖经济技术开发区,住宅区,ok,139.878,27.1603,19.1041,157570.2147,0.2228,153.0,32.0,121.0,89.0,12912.0,19120.1176,1950252.0,48340.0,32541.2843,3319211.0,162742.0,79968.4412,8156781.0,245602.0,109747.7941,11194275.0,256325.0,123048.0588,12550902.0,2015,2020,11194275.0,12550902.0,1356627.0
1156,S417021,河南潢川经济开发区,河南省,潢川,省政府,经济开发区,1997.11,531.42,食品、医药、物流,115.101723,32.126651,115.096062,32.128575,河南省信阳市潢川县经济开发区,未知,ok,425.445,40.816,19.1454,127470.0784,0.0976,809.0,0.0,809.0,809.0,59280.0,33959.3465,3429894.0,148388.0,45514.495,4596964.0,219546.0,60879.9505,6148875.0,252727.0,70133.7129,7083505.0,255226.0,79705.4554,8050251.0,1990,2000,3429894.0,4596964.0,1167070.0
1159,S417022,河南周口经济开发区,河南省,周口,省政府,经济开发区,1997.11,294.23,农副产品加工、装备制造,114.654558,33.596242,114.649176,33.597889,河南省周口市川汇区周口经济开发区,住宅区,ok,436.925,33.2296,33.3857,357961.8902,0.351,524.0,0.0,524.0,524.0,45931.0,92673.2404,9638017.0,70220.0,122584.2404,12748761.0,146005.0,163649.5481,17019553.0,202875.0,188296.9808,19582886.0,219305.0,200885.9615,20892140.0,1990,2000,9638017.0,12748761.0,3110744.0
1161,S417127,西华经济技术开发区,河南省,西华,省政府,经济开发区,2015.02,439.45,电子科技、食品、鞋服,117.037631,39.410785,117.031304,39.409543,天津市武清区西华天津经济技术开发区,住宅区,ok,67.69,18.9948,20.1389,227106.6507,0.3628,238.0,156.0,82.0,-74.0,31787.0,29350.31,2935031.0,76960.0,55254.67,5525467.0,142465.0,107905.8,10790580.0,189174.0,143713.52,14371352.0,249359.0,171755.06,17175506.0,2015,2020,14371352.0,17175506.0,2804154.0
1169,S417023,河南驻马店经济开发区,河南省,驻马店,省政府,经济开发区,1994.03,254.77,电子信息、非金属矿物制品,114.009187,33.024081,114.003337,33.025922,河南省驻马店市驿城区河南驻马店经济开发区,住宅区,ok,515.398,18.1856,22.8029,189560.4261,0.1114,1672.0,0.0,1672.0,1672.0,21418.0,50547.3529,5155830.0,55096.0,76364.3824,7789167.0,214298.0,109379.8627,11156746.0,310641.0,130944.4902,13356338.0,335605.0,151856.7843,15489392.0,1990,2000,5155830.0,7789167.0,2633337.0
1179,S417144,济源虎岭经济技术开发区,河南省,济源虎岭,省政府,经济开发区,2015.02,814.57,精细化工、装备制造、电子信息,112.551295,35.077883,112.545308,35.078694,河南省济源市虎岭经济技术开发区,住宅区,ok,594.189,24.1687,19.1715,181285.4057,0.2031,159.0,101.0,58.0,-43.0,6710.0,61531.34,6153134.0,106814.0,109584.77,10958477.0,235312.0,146168.61,14616861.0,308797.0,167856.85,16785685.0,318348.0,179125.56,17912556.0,2015,2020,16785685.0,17912556.0,1126871.0
1181,S427002,武汉江岸经济开发区,湖北省,武汉江岸,省政府,经济开发区,2006.08,198.95,出版、文化创意,114.28262,30.628128,114.277197,30.630557,湖北省武汉市江岸区江岸经济开发区,住宅区,ok,535.575,203.3577,128.2968,1196881.1147,0.0584,14.0,0.0,14.0,14.0,68867.0,146339.5248,14780292.0,178275.0,187513.0693,18938820.0,224307.0,221404.7822,22361883.0,256180.0,241841.2871,24425970.0,268276.0,249037.3168,25152769.0,2000,2010,18938820.0,22361883.0,3423063.0
1182,S427003,武汉江汉经济开发区,湖北省,武汉江汉,省政府,经济开发区,2006.08,70.58,信息技术,114.238371,30.625499,114.23294,30.627946,湖北省武汉市江汉区武汉江汉经济开发区,住宅区,ok,539.656,162.6501,115.2507,1048550.8429,0.0552,26.0,1.0,25.0,24.0,59564.0,119515.7143,11712540.0,268343.0,164326.2041,16103968.0,311565.0,203614.551,19954226.0,329697.0,227208.8061,22266463.0,333897.0,235264.2959,23055901.0,2000,2010,16103968.0,19954226.0,3850258.0
1183,S427004,武汉汉阳经济开发区,湖北省,武汉汉阳,省政府,经济开发区,2006.08,56.73,工业服务、电商、健康服务,114.202241,30.54727,114.196748,30.54971,湖北省武汉市汉阳区汉阳经济开发区,住宅区,ok,545.953,162.7028,81.4371,644248.9774,0.072,71.0,3.0,68.0,65.0,235383.0,93141.4356,9407285.0,309510.0,117070.9703,11824168.0,324457.0,148415.0297,14989918.0,333950.0,166981.0396,16865085.0,337511.0,178199.6436,17998164.0,2000,2010,11824168.0,14989918.0,3165750.0
1184,S427005,武汉硚口经济开发区,湖北省,武汉硚口,省政府,经济开发区,2006.08,52.28,食品、医药、汽车零配件,114.191882,30.600357,114.186358,30.602761,湖北省武汉市硚口区硚口经济开发区,住宅区,ok,544.813,177.9638,97.2658,853896.6605,0.0442,64.0,3.0,61.0,58.0,222670.0,107269.7941,10941519.0,238648.0,146341.5294,14926836.0,271273.0,184898.4804,18859645.0,292226.0,206220.5882,21034500.0,295669.0,214295.6569,21858157.0,2000,2010,14926836.0,18859645.0,3932809.0
1185,S427006,武汉武昌经济开发区,湖北省,武汉武昌,省政府,经济开发区,2006.08,50.01,智能制造、工业研发设计、装备制造,114.287207,30.496368,114.281791,30.498838,湖北省武汉市洪山区武汉武昌经济开发区(东南门),兴趣点,ok,540.404,117.2757,84.8767,684445.9733,0.0523,27.0,4.0,23.0,19.0,213103.0,98138.7767,10108294.0,294132.0,127282.8252,13110131.0,327576.0,160704.9417,16552609.0,343139.0,180738.301,18616045.0,354062.0,191177.0777,19691239.0,2000,2010,13110131.0,16552609.0,3442478.0
1186,S427007,武汉青山经济开发区,湖北省,武汉青山,省政府,经济开发区,2006.08,50.16,智能制造、工业研发设计、装备制造,114.385424,30.639842,114.379872,30.642105,湖北省武汉市青山区,区县,ok,525.903,50.6296,80.3006,477386.9157,0.0852,1.0,1.0,0.0,-1.0,183414.0,117265.6602,12078363.0,200322.0,138326.4951,14247629.0,203554.0,152987.6408,15757727.0,206172.0,160865.301,16569126.0,212777.0,165538.6505,17050481.0,2000,2010,14247629.0,15757727.0,1510098.0
1187,S427008,武汉洪山经济开发区,湖北省,武汉洪山,省政府,经济开发区,2006.03,21.94,电力电气、光机电一体化,114.336805,30.503923,114.331319,30.506305,湖北省武汉市洪山区洪山经济开发区,住宅区,ok,535.682,88.3488,97.8806,856944.7898,0.3767,16.0,3.0,13.0,10.0,62185.0,127859.4951,13169528.0,155944.0,171401.6699,17654372.0,228363.0,205957.7184,21213645.0,260114.0,225529.9515,23229585.0,281725.0,233758.1553,24077090.0,2000,2010,17654372.0,21213645.0,3559273.0
1188,S427009,武汉汉南经济开发区,湖北省,武汉汉南,省政府,经济开发区,2006.03,224.0,汽车及零部件、新能源、新材料,114.08984,30.335272,114.084119,30.337621,湖北省武汉市汉南区汉南经济开发区,住宅区,ok,564.757,26.5239,14.0744,69654.2419,0.3602,652.0,1.0,651.0,650.0,4436.0,15505.36,1550536.0,39328.0,22493.65,2249365.0,238014.0,41123.81,4112381.0,334047.0,53048.37,5304837.0,350251.0,62129.37,6212937.0,2000,2010,2249365.0,4112381.0,1863016.0
1189,S427010,武汉蔡甸经济开发区,湖北省,武汉蔡甸,省政府,经济开发区,2006.03,952.44,智能装备、电子信息、新能源汽车及零部件,114.129687,30.470272,114.124005,30.472612,湖北省武汉市蔡甸区蔡甸经济开发区,住宅区,ok,555.557,41.0757,29.0438,150853.5464,0.2971,838.0,18.0,820.0,802.0,17100.0,7080.8738,729330.0,213895.0,47475.8058,4890008.0,291526.0,84541.932,8707819.0,323734.0,106550.8641,10974739.0,329493.0,119674.7184,12326496.0,2000,2010,4890008.0,8707819.0,3817811.0
1190,S427011,武汉江夏经济开发区,湖北省,武汉江夏,省政府,经济开发区,2006.03,1293.52,汽车及零部件、装备制造、光电子信息,114.371563,30.399113,114.36604,30.401465,湖北省武汉市江夏区江夏经济开发区,住宅区,ok,537.043,31.4458,19.3571,89526.4763,0.3312,601.0,5.0,596.0,591.0,7069.0,3293.2673,332620.0,52650.0,12852.7723,1298130.0,185032.0,48060.5347,4854114.0,250094.0,72508.6733,7323376.0,256608.0,88607.2277,8949330.0,2000,2010,1298130.0,4854114.0,3555984.0
1191,S427012,武汉盘龙城经济开发区,湖北省,武汉盘龙城,省政府,经济开发区,2006.03,1450.45,电商、智能制造、纺织服装,114.256456,30.711925,114.251031,30.714335,湖北省武汉市黄陂区武汉盘龙城经济开发区,住宅区,ok,534.79,24.9417,20.3935,115814.5412,0.127,364.0,7.0,357.0,350.0,9568.0,6550.3571,641935.0,26083.0,12497.8776,1224792.0,147225.0,44382.9286,4349527.0,208500.0,66115.6633,6479335.0,224286.0,79181.4286,7759780.0,2000,2010,1224792.0,4349527.0,3124735.0
1192,S427013,武汉阳逻经济开发区,湖北省,武汉阳逻,省政府,经济开发区,2006.04,1652.43,电力设备、纺织、钢铁加工,114.560614,30.701507,114.555506,30.704072,湖北省武汉市新洲区阳逻经济开发区,住宅区,ok,507.733,39.2832,25.8561,206124.8278,0.1135,361.0,28.0,333.0,305.0,10262.0,17729.8447,1826174.0,34154.0,33539.5437,3454573.0,143363.0,66575.4466,6857271.0,204880.0,86381.068,8897250.0,219652.0,97699.6408,10063063.0,2000,2010,3454573.0,6857271.0,3402698.0
1194,S427055,湖北阳新经济开发区,湖北省,阳新,省政府,经济开发区,2006.08,42.31,汽车零部件、轻工纺织、建材,115.193147,29.871427,115.187821,29.873907,湖北省黄石市阳新县经济开发区,未知,ok,479.643,24.8322,19.1809,153447.2308,1.3338,1125.0,24.0,1101.0,1077.0,7863.0,20489.9806,2110468.0,35456.0,31648.9903,3259846.0,133421.0,49256.699,5073440.0,188383.0,59541.5243,6132777.0,192684.0,66509.4563,6850474.0,2000,2010,3259846.0,5073440.0,1813594.0
1196,S427017,湖北郧阳经济开发区,湖北省,郧阳,省政府,经济开发区,2006.08,65.36,汽车零部件、农产品加工,110.820315,32.784615,110.815008,32.78677,湖北省十堰市郧阳区经济开发区,未知,ok,804.961,45.9406,49.8376,112782.4126,3.548,6901.0,40.0,6861.0,6821.0,2534.0,7970.8058,820993.0,10262.0,9398.6019,968056.0,88340.0,14768.5049,1521156.0,151531.0,20535.534,2115160.0,275765.0,36015.5146,3709598.0,2000,2010,968056.0,1521156.0,553100.0
1198,S427091,湖北竹山经济开发区,湖北省,竹山,省政府,经济开发区,2008.06,104.19,玉石加工、农产品加工、绿色能源,110.229696,32.225039,110.224645,32.227233,湖北省十堰市竹山县,区县,ok,877.756,47.6,21.6914,133771.0949,12.9339,3259.0,19.0,3240.0,3221.0,183071.0,9070.2424,897954.0,205515.0,11297.0,1118403.0,223647.0,14229.596,1408730.0,234103.0,16913.1111,1674398.0,248960.0,23605.3636,2336931.0,2000,2010,1118403.0,1408730.0,290327.0
1201,S427018,湖北丹江口经济开发区,湖北省,丹江口,省政府,经济开发区,2006.08,53.0,汽车零部件、食品、生物医药,111.475677,32.517686,111.469685,32.519786,湖北省十堰市丹江口市经济开发区,未知,ok,756.71,12.6678,21.514,91864.6041,10.9728,4940.0,230.0,4710.0,4480.0,2405.0,26214.5455,2595240.0,2577.0,33229.6465,3289735.0,19762.0,41034.5758,4062423.0,37807.0,47173.798,4670206.0,64272.0,55556.6869,5500112.0,2000,2010,3289735.0,4062423.0,772688.0
1202,S427067,湖北西陵经济开发区,湖北省,西陵,省政府,经济开发区,2006.08,475.01,日化产品,111.322258,30.735957,111.316501,30.738315,湖北省宜昌市西陵区经济开发区,未知,ok,871.956,23.7031,34.4375,303773.0419,3.4628,3635.0,62.0,3573.0,3511.0,6739.0,69471.0196,7086044.0,26237.0,94288.1176,9617388.0,80559.0,126686.3137,12922004.0,111714.0,145013.4412,14791371.0,135171.0,156791.1275,15992695.0,2000,2010,9617388.0,12922004.0,3304616.0
1205,S427070,湖北夷陵经济开发区,湖北省,夷陵,省政府,经济开发区,2006.03,276.69,食品、医药、机械电子、建材,111.359206,30.792011,111.353344,30.794273,湖北省宜昌市夷陵区经济开发区,未知,ok,877.108,18.0013,13.2651,116162.0827,7.9918,5238.0,53.0,5185.0,5132.0,114340.0,20458.5149,2066310.0,211877.0,32632.8614,3295919.0,262555.0,54343.6535,5488709.0,284730.0,67223.5149,6789575.0,294213.0,76286.1386,7704900.0,2000,2010,3295919.0,5488709.0,2192790.0
1207,S427093,湖北兴山经济开发区,湖北省,兴山,省政府,经济开发区,2009.09,209.93,磷硅化工、新材料、石材建材,110.746831,31.348065,110.741615,31.350198,湖北省宜昌市兴山县,区县,ok,952.046,79.7512,81.1128,62213.5162,35.4731,987.0,75.0,912.0,837.0,3678.0,4505.3571,441525.0,10904.0,8335.5102,816880.0,19328.0,11387.1122,1115937.0,23214.0,12902.6429,1264459.0,26477.0,13891.8776,1361404.0,2000,2010,816880.0,1115937.0,299057.0
1208,S427077,湖北秭归经济开发区,湖北省,秭归,省政府,经济开发区,2006.03,178.74,食品、光机电、纺织服装,110.985515,30.800672,110.980182,30.803128,湖北省宜昌市秭归县经济开发区,未知,ok,887.416,50.6185,33.778,124201.8408,10.1087,5598.0,14.0,5584.0,5570.0,17936.0,3137.78,313778.0,114218.0,18870.01,1887001.0,211673.0,27821.78,2782178.0,264026.0,33720.73,3372073.0,305218.0,41046.7,4104670.0,2000,2010,1887001.0,2782178.0,895177.0
1209,S427075,湖北长阳经济开发区,湖北省,长阳,省政府,经济开发区,2006.05,167.0,农副产品加工、机械、建材,111.24362,30.510135,111.238035,30.512669,湖北省宜昌市长阳土家族自治县湖北长阳经济开发区,住宅区,ok,849.692,41.5533,23.1996,70341.049,33.4168,3034.0,18.0,3016.0,2998.0,16640.0,4344.3131,430087.0,29382.0,5770.0909,571239.0,44864.0,9271.697,917898.0,53632.0,11274.2323,1116149.0,69692.0,12935.7374,1280638.0,2000,2010,571239.0,917898.0,346659.0
1212,S427073,湖北当阳经济开发区,湖北省,当阳,省政府,经济开发区,1997.09,624.99,建材、食品、化工,111.78836,30.820893,111.782573,30.823309,湖北省宜昌市当阳市,区县,ok,871.319,44.8967,20.8385,130157.2095,1.737,2303.0,0.0,2303.0,2303.0,314471.0,37754.1863,3850927.0,339228.0,51389.902,5241770.0,345399.0,71025.2157,7244572.0,349496.0,82229.402,8387399.0,357641.0,91744.5098,9357940.0,1990,2000,3850927.0,5241770.0,1390843.0
1213,S427074,湖北枝江经济开发区,湖北省,枝江,省政府,经济开发区,1994.08,725.22,化工、食品、纺织,111.761344,30.475223,111.755559,30.477763,湖北省宜昌市枝江市经济开发区,未知,ok,834.289,,14.6007,73091.1303,0.9848,721.0,0.0,721.0,721.0,4325.0,17580.22,1758022.0,4431.0,27092.4,2709240.0,17659.0,42753.02,4275302.0,49936.0,52843.8,5284380.0,174973.0,65828.54,6582854.0,1990,2000,1758022.0,2709240.0,951218.0
1214,S427094,湖北襄城经济开发区,湖北省,襄城,省政府,经济开发区,2008.06,772.74,能源、化工,112.151435,31.894194,112.145418,31.896164,湖北省襄阳市襄城区经济开发区,未知,ok,705.269,16.9382,6.3827,67669.6938,1.4252,1317.0,71.0,1246.0,1175.0,11320.0,28559.2255,2913041.0,19422.0,39675.3529,4046886.0,251457.0,53929.0,5500758.0,366625.0,62292.7745,6353863.0,372332.0,68127.8922,6949045.0,2000,2010,4046886.0,5500758.0,1453872.0
1215,S427024,湖北樊城经济开发区,湖北省,樊城,省政府,经济开发区,2006.03,414.53,化纤纺织、板材加工、农产品精深加工,112.136534,32.036542,112.130473,32.038522,湖北省襄阳市樊城区经济开发区,未知,ok,705.563,97.3319,54.5291,500740.4161,0.9982,940.0,0.0,940.0,940.0,405463.0,144656.0583,14899574.0,406094.0,169944.7379,17504308.0,406094.0,187131.6505,19274560.0,406308.0,196992.6019,20290238.0,407376.0,205219.8447,21137644.0,2000,2010,17504308.0,19274560.0,1770252.0
1216,S427023,湖北襄州经济开发区,湖北省,襄州,省政府,经济开发区,1996.12,257.31,纺织服装、装备制造、汽车零部件,112.255819,32.08446,112.249956,32.086604,湖北省襄阳市襄州区经济开发区,未知,ok,694.001,10.0999,9.3612,92161.063,0.0813,89.0,0.0,89.0,89.0,13579.0,29574.5728,3046181.0,21297.0,43173.9223,4446914.0,67119.0,66752.1845,6875475.0,88629.0,82084.8932,8454744.0,98082.0,98337.3592,10128748.0,1990,2000,3046181.0,4446914.0,1400733.0
1217,S427029,湖北南漳经济开发区,湖北省,南漳,省政府,经济开发区,2006.03,157.24,建材、磷化工、机械,111.918674,31.793698,111.912989,31.795963,湖北省襄阳市南漳县经济开发区,未知,ok,728.171,21.3609,11.5902,38537.4325,3.5404,4351.0,40.0,4311.0,4271.0,29163.0,9816.8265,962049.0,57504.0,12856.0102,1259889.0,96440.0,25422.4286,2491398.0,121517.0,34001.7755,3332174.0,138179.0,42825.3367,4196883.0,2000,2010,1259889.0,2491398.0,1231509.0
1218,S427028,湖北谷城经济开发区,湖北省,谷城,省政府,经济开发区,2006.03,755.55,再生资源利用、汽车零部件,111.599887,32.266433,111.594177,32.268803,湖北省襄阳市谷城县经济开发区,未知,ok,756.281,20.432,11.4053,116494.0127,6.3953,2268.0,181.0,2087.0,1906.0,51296.0,37887.2,3788720.0,95937.0,52682.0,5268200.0,148541.0,70216.04,7021604.0,178090.0,81313.16,8131316.0,185885.0,95169.4,9516940.0,2000,2010,5268200.0,7021604.0,1753404.0
1219,S427095,湖北保康经济开发区,湖北省,保康,省政府,经济开发区,2008.06,106.45,精细磷化工、农林特产品加工、新能源,111.259845,31.877293,111.254127,31.879404,湖北省襄阳市保康县经济开发区,未知,ok,789.459,96.6641,47.0789,100183.9985,40.5301,1703.0,182.0,1521.0,1339.0,148424.0,9542.1942,982846.0,170715.0,12063.6214,1242553.0,180372.0,14731.7087,1517366.0,184272.0,16085.3204,1656788.0,185367.0,16909.2816,1741656.0,2000,2010,1242553.0,1517366.0,274813.0
1220,S427027,湖北老河口经济开发区,湖北省,老河口,省政府,经济开发区,2006.08,36.84,农副产品加工、机械、再生资源利用,111.700567,32.3612,111.694663,32.363429,湖北省襄阳市老河口市湖北老河口经济开发区,住宅区,ok,743.485,20.3482,11.8306,111018.0556,0.4678,267.0,7.0,260.0,253.0,150831.0,53184.7624,5371661.0,198895.0,68074.3762,6875512.0,218884.0,81231.2277,8204354.0,229056.0,89024.1683,8991441.0,237086.0,97962.1782,9894180.0,2000,2010,6875512.0,8204354.0,1328842.0
1221,S427025,湖北枣阳经济开发区,湖北省,枣阳,省政府,经济开发区,2006.03,577.89,纺织服装、汽车零部件、钢铁产品,112.743978,32.125898,112.738076,32.128044,湖北省襄阳市枣阳市经济开发区,未知,ok,647.764,43.6812,21.4951,231760.3144,0.1899,326.0,0.0,326.0,326.0,258040.0,51557.1176,5258826.0,295341.0,67644.0588,6899694.0,307208.0,90800.4608,9261647.0,312474.0,106181.2451,10830487.0,315247.0,123312.8529,12577911.0,2000,2010,6899694.0,9261647.0,2361953.0
1222,S427026,湖北宜城经济开发区,湖北省,宜城,省政府,经济开发区,2006.03,132.45,农产品加工、汽车零部件、纺织服装,112.251507,31.673346,112.245682,31.675413,湖北省襄阳市宜城市经济开发区,未知,ok,698.245,19.9844,15.932,95368.6746,0.0748,385.0,8.0,377.0,369.0,18926.0,35082.3398,3613481.0,26144.0,47990.9029,4943063.0,187889.0,66326.0291,6831581.0,267389.0,77430.2621,7975317.0,286325.0,88559.0194,9121579.0,2000,2010,4943063.0,6831581.0,1888518.0
1223,S427052,湖北鄂州花湖经济开发区,湖北省,鄂州花湖,省政府,经济开发区,2000.07,370.91,装备制造,115.03662,30.256779,115.031233,30.259203,湖北省鄂州市鄂城区花湖经济开发区,未知,ok,485.876,46.4766,28.3706,233887.5363,0.9425,333.0,0.0,333.0,333.0,19854.0,36863.6731,3833822.0,38814.0,54403.9038,5658006.0,240834.0,79479.1538,8265832.0,361151.0,92951.9327,9667001.0,374763.0,97990.4038,10191002.0,2000,2010,5658006.0,8265832.0,2607826.0
1225,S427032,湖北京山经济开发区,湖北省,京山,省政府,经济开发区,1992.08,400.0,装备制造、农产品加工、建筑建材,113.129587,31.021124,113.123473,31.023213,湖北省荆门市京山市经济开发区,未知,ok,628.642,50.5974,13.1058,125737.3765,5.9168,9463.0,0.0,9463.0,9463.0,146727.0,23004.1942,2369432.0,290499.0,30262.7282,3117061.0,332956.0,45776.3107,4714960.0,350229.0,56229.9612,5791686.0,351697.0,68483.068,7053756.0,1990,2000,2369432.0,3117061.0,747629.0
1226,S427033,湖北沙洋经济开发区,湖北省,沙洋,省政府,经济开发区,2006.03,420.34,农副产品加工、建材、精细化工,112.593194,30.704687,112.587669,30.70731,湖北省荆门市沙洋县经济开发区,未知,ok,687.095,29.2593,14.2694,111615.556,0.1733,369.0,0.0,369.0,369.0,165325.0,19302.0306,1891599.0,200149.0,26966.3776,2642705.0,206767.0,38609.6122,3783742.0,211579.0,46206.6429,4528251.0,222406.0,55016.1327,5391581.0,2000,2010,2642705.0,3783742.0,1141037.0
1227,S427031,湖北钟祥经济开发区,湖北省,钟祥,省政府,经济开发区,1996.11,407.34,农产品加工、装备制造、生物医药,112.622069,31.107887,112.61649,31.110273,湖北省荆门市钟祥市湖北钟祥经济开发区,住宅区,ok,673.664,15.9047,12.8151,31256.0588,0.5909,619.0,0.0,619.0,619.0,11544.0,6166.9135,641359.0,30491.0,10110.8942,1051533.0,99989.0,24053.1346,2501526.0,163281.0,33086.0288,3440947.0,295271.0,44126.75,4589182.0,1990,2000,641359.0,1051533.0,410174.0
1228,S427039,湖北孝昌经济开发区,湖北省,孝昌,省政府,经济开发区,1996.10,595.46,机械电子、生物医药、新材料,114.033396,31.25141,114.027651,31.253435,湖北省孝感市孝昌县经济开发区,未知,ok,538.869,,17.2239,111335.3963,0.562,970.0,0.0,970.0,970.0,1346.0,12934.9394,1280559.0,1423.0,21835.9495,2161759.0,1600.0,32462.404,3213778.0,1852.0,39683.3636,3928653.0,4190.0,47797.4343,4731946.0,1990,2000,1280559.0,2161759.0,881200.0
1229,S427041,湖北大悟经济开发区,湖北省,大悟,省政府,经济开发区,2006.03,744.72,包装印刷、纺织服装、农产品加工,114.113996,31.578254,114.108185,31.580112,湖北省孝感市大悟县经济开发区,未知,ok,524.555,14.7042,11.4056,112584.4469,3.0193,3272.0,15.0,3257.0,3242.0,11078.0,20615.14,2061514.0,18612.0,26692.49,2669249.0,96023.0,35706.93,3570693.0,140925.0,41200.56,4120056.0,181722.0,46314.37,4631437.0,2000,2010,2669249.0,3570693.0,901444.0
1230,S427038,湖北安陆经济开发区,湖北省,安陆,省政府,经济开发区,1995.05,481.72,农产品加工、机械电子、纺织服装,113.713175,31.265746,113.707342,31.26789,湖北省孝感市安陆市经济开发区,未知,ok,568.332,32.478,20.5538,187224.2214,0.1996,337.0,0.0,337.0,337.0,5056.0,29932.6019,3083058.0,48804.0,41506.1359,4275132.0,158113.0,58196.0,5994188.0,218637.0,68228.8058,7027567.0,241875.0,75681.3786,7795182.0,1990,2000,3083058.0,4275132.0,1192074.0
1231,S427036,湖北汉川经济开发区,湖北省,汉川,省政府,经济开发区,1996.08,438.94,食品、印刷包装、纺织服装,113.915944,30.680208,113.910481,30.682819,湖北省孝感市汉川市经济开发区,未知,ok,566.778,29.859,20.0979,124928.3807,0.0751,57.0,0.0,57.0,57.0,0.0,16433.5446,1659788.0,47.0,23572.6238,2380835.0,156031.0,47777.3465,4825512.0,286762.0,63672.0792,6430880.0,315838.0,75063.2178,7581385.0,1990,2000,1659788.0,2380835.0,721047.0
1233,S427062,湖北公安经济开发区,湖北省,公安,省政府,经济开发区,1991.07,22.39,轻纺、食品、机械电子,112.229742,30.058519,112.224047,30.061084,湖北省荆州市公安县,区县,ok,778.9,74.61,23.1083,147823.7288,0.2516,196.0,0.0,196.0,196.0,301859.0,27364.4519,2845903.0,308761.0,36284.5769,3773596.0,309294.0,60948.8173,6338677.0,309686.0,76214.7885,7926338.0,310576.0,88013.8462,9153440.0,1990,2000,2845903.0,3773596.0,927693.0
1234,S427065,湖北监利经济开发区,湖北省,监利,省政府,经济开发区,2006.03,248.75,农产品加工、纺织服装、医药,112.941461,29.851396,112.935872,29.854114,湖北省荆州市监利市经济开发区,未知,ok,745.855,13.8709,13.4556,106837.1094,0.0559,295.0,0.0,295.0,295.0,8170.0,29842.703,3014113.0,10502.0,45807.505,4626558.0,27852.0,56838.1683,5740655.0,70298.0,66809.9208,6747802.0,191908.0,89492.1386,9038706.0,2000,2010,4626558.0,5740655.0,1114097.0
1235,S427097,湖北江陵经济开发区,湖北省,江陵,省政府,经济开发区,2008.02,400.98,轻纺食品、机械电子、精细化工,112.443639,30.030165,112.437803,30.032588,湖北省荆州市江陵县经济开发区,未知,ok,772.05,16.413,9.7067,70732.9618,0.0444,68.0,0.0,68.0,68.0,196.0,15779.2941,1609488.0,1486.0,22607.3039,2305945.0,90634.0,35225.5882,3593010.0,165579.0,42806.0294,4366215.0,212151.0,47712.5196,4866677.0,2000,2010,2305945.0,3593010.0,1287065.0
1236,S427063,湖北石首经济开发区,湖北省,石首,省政府,经济开发区,2001.05,159.58,精细化工、木业森工、汽车零部件,112.357857,29.698499,112.352047,29.700946,湖北省荆州市石首市经济开发区,未知,ok,737.35,9.2659,14.608,68102.6873,0.4069,1370.0,0.0,1370.0,1370.0,2940.0,16648.3663,1681485.0,3038.0,26688.7327,2695562.0,5063.0,38579.6931,3896549.0,9491.0,46176.1188,4663788.0,32716.0,57671.2673,5824798.0,2000,2010,2695562.0,3896549.0,1200987.0
1237,S427064,湖北洪湖经济开发区,湖北省,洪湖,省政府,经济开发区,1996.12,784.32,农产品加工、纺织服装、医药化工,113.490476,29.836933,113.484618,29.839465,湖北省荆州市洪湖市经济开发区,未知,ok,640.142,31.5315,30.8518,154166.6597,0.3522,177.0,0.0,177.0,177.0,530.0,30644.0,3156332.0,750.0,43414.2718,4471670.0,33808.0,53086.3592,5467895.0,67340.0,58679.8641,6044026.0,81561.0,63113.2621,6500666.0,1990,2000,3156332.0,4471670.0,1315338.0
1238,S427066,湖北松滋经济开发区,湖北省,松滋,省政府,经济开发区,2006.03,110.08,农副产品加工、纺织服装、机械电子,111.822977,30.179042,111.817314,30.181704,湖北省荆州市松滋市湖北松滋经济开发区,住宅区,ok,800.948,8.7929,13.1644,106170.9626,0.5498,299.0,2.0,297.0,295.0,1903.0,20678.5825,2129894.0,7033.0,34371.3107,3540245.0,20509.0,55406.1262,5706831.0,28578.0,66968.5825,6897764.0,36683.0,74530.7087,7676663.0,2000,2010,3540245.0,5706831.0,2166586.0
1239,S427043,湖北黄州火车站经济开发区,湖北省,黄州火车站,省政府,经济开发区,2006.03,273.73,基础化工、精细化工、医药化工,115.0109,30.580029,115.005573,30.582453,湖北省黄冈市黄州区火车站经济开发区,未知,ok,472.71,21.2503,8.7694,42584.3926,0.7802,2647.0,15.0,2632.0,2617.0,11416.0,8849.2981,920327.0,87323.0,15073.1635,1567609.0,143519.0,26218.375,2726711.0,169074.0,32358.2692,3365260.0,185576.0,35510.3077,3693072.0,2000,2010,1567609.0,2726711.0,1159102.0
1240,S427050,湖北团风经济开发区,湖北省,团风,省政府,经济开发区,2006.03,644.18,钢结构、农产品加工,114.902797,30.659468,114.897734,30.662079,湖北省黄冈市团风县经济开发区,未知,ok,478.835,6.984,9.5365,77722.0798,0.1786,181.0,2.0,179.0,177.0,8633.0,12865.202,1273655.0,11527.0,21593.7475,2137781.0,34758.0,37074.5758,3670383.0,83767.0,46729.3333,4626204.0,278294.0,54640.0707,5409367.0,2000,2010,2137781.0,3670383.0,1532602.0
1242,S427098,湖北罗田经济开发区,湖北省,罗田,省政府,经济开发区,2008.06,460.24,农副产品加工、家具、建材,115.365356,30.746416,115.359819,30.748635,湖北省黄冈市罗田县经济开发区,未知,ok,434.253,9.0494,7.6853,83400.6815,5.8313,7672.0,329.0,7343.0,7014.0,7493.0,15254.7,1525470.0,14766.0,20341.6,2034160.0,95119.0,34273.93,3427393.0,146942.0,43004.24,4300424.0,165225.0,48199.26,4819926.0,2000,2010,2034160.0,3427393.0,1393233.0
1243,S427099,湖北英山经济开发区,湖北省,英山,省政府,经济开发区,2008.06,285.45,农副产品加工、中医药、汽车配件,115.667536,30.71787,115.662346,30.72036,湖北省黄冈市英山县经济开发区,未知,ok,408.982,24.4689,14.6993,129250.7281,10.5906,9084.0,199.0,8885.0,8686.0,17772.0,13011.2816,1340162.0,32478.0,17526.9417,1805275.0,129976.0,25205.3592,2596152.0,178919.0,30566.6117,3148361.0,191758.0,37319.0485,3843862.0,2000,2010,1805275.0,2596152.0,790877.0
1244,S427048,湖北浠水经济开发区,湖北省,浠水,省政府,经济开发区,2006.03,416.87,农副产品加工、汽车零配件、设备制造,115.257468,30.441348,115.252147,30.443843,湖北省黄冈市浠水县经济开发区,未知,ok,457.683,17.7504,7.5483,71701.4811,0.9313,2722.0,15.0,2707.0,2692.0,25920.0,30391.1,3039110.0,97993.0,48218.44,4821844.0,183490.0,68359.98,6835998.0,224190.0,78807.5,7880750.0,246205.0,84003.21,8400321.0,2000,2010,4821844.0,6835998.0,2014154.0
1246,S427044,湖北黄梅经济开发区,湖北省,黄梅,省政府,经济开发区,1992.01,527.43,纺织服装、生物医药、农产品加工,115.895746,30.055179,115.890794,30.057885,湖北省黄冈市黄梅县经济开发区,未知,ok,410.419,10.3656,11.7227,89772.0856,0.0486,1331.0,0.0,1331.0,1331.0,17799.0,25043.0,2504300.0,20318.0,37473.93,3747393.0,39647.0,53922.41,5392241.0,53070.0,63482.96,6348296.0,83289.0,70145.36,7014536.0,1990,2000,2504300.0,3747393.0,1243093.0
1247,S427045,湖北麻城经济开发区,湖北省,麻城,省政府,经济开发区,1994.08,350.85,汽车零部件、冶金机械、电子电器,114.993975,31.161102,114.98866,31.16327,湖北省黄冈市麻城市经济开发区,未知,ok,452.529,14.8425,7.9855,85996.1298,0.3363,1643.0,0.0,1643.0,1643.0,736.0,30558.32,3055832.0,6476.0,55788.91,5578891.0,115927.0,88571.09,8857109.0,195883.0,107727.83,10772783.0,219296.0,122419.04,12241904.0,1990,2000,3055832.0,5578891.0,2523059.0
1248,S427046,湖北武穴经济开发区,湖北省,武穴,省政府,经济开发区,1999.10,280.04,医药化工、机械、食品,115.589661,29.861397,115.584616,29.864111,湖北省黄冈市武穴市湖北武穴经济开发区,住宅区,ok,441.609,27.2854,22.1888,146046.4459,0.093,251.0,0.0,251.0,251.0,51266.0,29253.1429,3071580.0,133650.0,54468.3905,5719181.0,195132.0,72371.1429,7598970.0,224270.0,82391.8571,8651145.0,228779.0,90834.1333,9537584.0,1990,2000,3071580.0,5719181.0,2647601.0
1249,S427059,湖北嘉鱼经济开发区,湖北省,嘉鱼,省政府,经济开发区,2006.03,204.84,纺织、森工建材、医药,113.935064,29.972992,113.929653,29.975702,湖北省咸宁市嘉鱼县经济开发区,未知,ok,594.871,65.6196,18.9832,87797.5016,0.7674,4146.0,39.0,4107.0,4068.0,68075.0,15317.6346,1593034.0,113051.0,20976.2308,2181528.0,198196.0,31338.4135,3259195.0,241619.0,38211.7404,3974021.0,263677.0,44072.0865,4583497.0,2000,2010,2181528.0,3259195.0,1077667.0
1250,S427058,湖北通城经济开发区,湖北省,通城,省政府,经济开发区,2006.08,30.51,磨具、电子信息、陶瓷,113.82703,29.295296,113.821519,29.298139,湖北省咸宁市通城县经济开发区,未知,ok,680.406,16.555,9.3024,73144.4888,1.4803,5557.0,21.0,5536.0,5515.0,21829.0,17788.3465,1796623.0,42703.0,29193.8218,2948576.0,109139.0,40500.2673,4090527.0,144003.0,47153.099,4762463.0,152225.0,55228.5842,5578087.0,2000,2010,2948576.0,4090527.0,1141951.0
1252,S427101,湖北通山经济开发区,湖北省,通山,省政府,经济开发区,2008.06,376.83,冶金建材、机械、石材,114.474177,29.628867,114.468868,29.631374,湖北省咸宁市通山县经济开发区,未知,ok,551.874,20.8036,14.9578,88939.3627,13.2111,2789.0,377.0,2412.0,2035.0,14600.0,20187.1327,1978339.0,21807.0,31360.5714,3073336.0,94158.0,46450.1939,4552119.0,140424.0,55633.1735,5452051.0,157746.0,60399.949,5919195.0,2000,2010,3073336.0,4552119.0,1478783.0
1253,S427057,湖北赤壁经济开发区,湖北省,赤壁,省政府,经济开发区,2006.06,384.55,电力能源、机械电子、食品,113.883642,29.679397,113.878237,29.682153,湖北省咸宁市赤壁市经济开发区,未知,ok,614.157,19.2587,13.6596,87995.3489,13.8258,5338.0,338.0,5000.0,4662.0,34212.0,26844.0707,2657563.0,66719.0,36709.6061,3634251.0,107531.0,48130.0505,4764875.0,125994.0,54631.1515,5408484.0,134607.0,57936.8788,5735751.0,2000,2010,3634251.0,4764875.0,1130624.0
1254,S427085,湖北恩施经济开发区,湖北省,恩施,省政府,经济开发区,1992.10,344.5,富硒农产品加工、建材,109.481012,30.323602,109.476117,30.326145,湖北省恩施土家族苗族自治州恩施市湖北恩施经济开发区,住宅区,ok,891.644,46.8814,33.3206,207753.7664,8.7049,17728.0,0.0,17728.0,17728.0,3045.0,19372.3173,2014721.0,11811.0,30073.8077,3127676.0,32102.0,52398.2115,5449414.0,54032.0,69582.8077,7236612.0,85644.0,96605.8173,10047005.0,1990,2000,2014721.0,3127676.0,1112955.0
1255,S427086,湖北利川经济开发区,湖北省,利川,省政府,经济开发区,2006.08,306.82,富硒农产品加工、中药制药,108.967419,30.281773,108.962982,30.284478,湖北省恩施土家族苗族自治州利川市利川经济开发区,住宅区,ok,924.005,32.8549,24.7211,186347.3189,24.7759,3924.0,376.0,3548.0,3172.0,6018.0,16301.9238,1711702.0,31082.0,23473.3905,2464706.0,163310.0,38501.2571,4042632.0,237508.0,47129.5143,4948599.0,270297.0,51890.4476,5448497.0,2000,2010,2464706.0,4042632.0,1577926.0
1257,S427103,湖北巴东经济开发区,湖北省,巴东,省政府,经济开发区,2008.06,148.23,农副产品加工,110.321633,30.551162,110.316612,30.553615,湖北省恩施土家族苗族自治州巴东县经济开发区,未知,ok,881.7,14.2979,15.8467,8065.9796,43.241,689.0,13.0,676.0,663.0,2754.0,403.3529,41142.0,2768.0,474.5294,48402.0,7764.0,956.5392,97567.0,10708.0,1238.8824,126366.0,12343.0,1380.4314,140804.0,2000,2010,48402.0,97567.0,49165.0
1260,S427088,湖北来凤经济开发区,湖北省,来凤,省政府,经济开发区,2001.12,211.54,食品、民族特色工艺品,109.396181,29.485823,109.391233,29.488342,湖北省恩施土家族苗族自治州来凤县湖北来凤经济开发区,住宅区,ok,814.131,19.0809,22.3213,169083.8478,5.6049,1539.0,0.0,1539.0,1539.0,4369.0,21026.9905,2207834.0,15777.0,39237.3333,4119920.0,39714.0,58418.0952,6133900.0,58367.0,68587.419,7201679.0,92125.0,74702.8095,7843795.0,2000,2010,4119920.0,6133900.0,2013980.0
1261,S427087,湖北鹤峰经济开发区,湖北省,鹤峰,省政府,经济开发区,2006.08,12.17,生物制药、农产品加工、建材,110.04692,29.872359,110.041925,29.874837,湖北省恩施土家族苗族自治州鹤峰县经济开发区,未知,ok,822.782,,6.5337,28036.2367,39.8581,2163.0,111.0,2052.0,1941.0,807.0,3696.9293,365996.0,968.0,6388.1212,632424.0,1056.0,9207.2424,911517.0,1270.0,10633.8889,1052755.0,3047.0,11616.8182,1150065.0,2000,2010,632424.0,911517.0,279093.0
1263,S427083,湖北天门经济开发区,湖北省,天门,省政府,经济开发区,2011.07,751.23,纺织服装、生物医药、机电,113.154577,30.634741,113.148538,30.637076,湖北省天门市天门经济开发区,住宅区,ok,637.789,64.3021,27.2584,249305.5231,0.0799,182.0,4.0,178.0,174.0,44989.0,30373.4314,3098090.0,181819.0,46448.1471,4737711.0,249758.0,75969.1569,7748854.0,284561.0,95813.2255,9772949.0,306314.0,122375.3235,12482283.0,2010,2015,7748854.0,9772949.0,2024095.0
1265,S437001,长沙天心经济开发区,湖南省,长沙天心,省政府,经济开发区,2002.01,443.98,电气机械、商贸服务、新能源,112.986442,28.021924,112.980864,28.025299,湖南省长沙市天心区天心经济开发区,住宅区,ok,544.089,27.3871,17.1176,97262.1438,2.9804,6275.0,5.0,6270.0,6265.0,75033.0,14481.981,1520608.0,135059.0,28161.2381,2956930.0,217472.0,59839.3524,6283132.0,257537.0,78454.6857,8237742.0,267173.0,86463.2571,9078642.0,2000,2010,2956930.0,6283132.0,3326202.0
1266,S437007,湖南长沙暮云经济开发区,湖南省,长沙暮云,省政府,经济开发区,2006.04,315.78,汽车零部件、农副食品、建材,112.983285,28.021476,112.977719,28.02486,湖南省长沙市天心区暮云经济开发区,住宅区,ok,544.083,30.7141,16.6903,98639.7525,2.8146,6281.0,176.0,6105.0,5929.0,75033.0,14931.6,1493160.0,135059.0,28824.15,2882415.0,217472.0,61122.06,6112206.0,257537.0,80074.54,8007454.0,267173.0,88162.69,8816269.0,2000,2010,2882415.0,6112206.0,3229791.0
1268,S437002,长沙金霞经济开发区,湖南省,长沙金霞,省政府,经济开发区,1994.03,2545.53,医药,112.980515,28.282497,112.974938,28.285905,湖南省长沙市开福区金霞经济开发区,住宅区,ok,572.79,75.5974,37.4321,305108.8472,0.7051,4174.0,0.0,4174.0,4174.0,12702.0,23375.16,2337516.0,110668.0,55410.23,5541023.0,143339.0,98883.29,9888329.0,165029.0,122790.64,12279064.0,184243.0,132012.69,13201269.0,1990,2000,2337516.0,5541023.0,3203507.0
1269,S437003,长沙雨花经济开发区,湖南省,长沙雨花,省政府,经济开发区,2002.07,997.21,新能源汽车及零部件、机器人、智能装备,113.034351,28.076839,113.028597,28.080082,湖南省长沙市雨花区雨花经济开发区,住宅区,ok,549.493,64.9597,50.1088,409639.1962,4.9353,9292.0,26.0,9266.0,9240.0,23298.0,20302.6768,2009965.0,65522.0,51570.303,5105460.0,260114.0,120520.9091,11931570.0,348519.0,159485.9899,15789113.0,375108.0,173551.0101,17181550.0,2000,2010,5105460.0,11931570.0,6826110.0
1274,S437019,株洲经济开发区,湖南省,株洲,省政府,经济开发区,1994.03,475.92,轨道交通设备、电子信息、服装,113.183211,27.908525,113.177462,27.911765,湖南省株洲市石峰区株洲经济开发区,住宅区,ok,529.294,31.8982,25.6539,155642.4252,4.2155,4546.0,0.0,4546.0,4546.0,5477.0,31206.1616,3089410.0,19495.0,48162.0707,4768045.0,41619.0,74700.5455,7395354.0,56149.0,89825.899,8892764.0,61132.0,98989.798,9799990.0,1990,2000,3089410.0,4768045.0,1678635.0
1275,S437018,湖南株洲渌口经济开发区,湖南省,株洲渌口,省政府,经济开发区,1994.03,263.95,有色金属冶炼加工、通用设备、电气机械,113.159939,27.744814,113.154159,27.747985,湖南省株洲市渌口区湖南株洲渌口经济开发区,住宅区,ok,511.489,22.3987,18.1197,68039.2901,5.9203,9016.0,0.0,9016.0,9016.0,16354.0,17793.6408,1832745.0,44887.0,29658.0194,3054776.0,125059.0,46960.6505,4836947.0,165667.0,57835.1942,5957025.0,189126.0,66885.2621,6889182.0,1990,2000,1832745.0,3054776.0,1222031.0
1277,S437017,湖南茶陵经济开发区,湖南省,茶陵,省政府,经济开发区,1994.03,638.51,建筑建材、电子电器、纺织,113.536987,26.757009,113.531545,26.76054,湖南省株洲市茶陵县经济开发区,未知,ok,399.462,34.301,21.6788,129769.0629,5.8097,3122.0,0.0,3122.0,3122.0,77508.0,37687.5859,3731071.0,92064.0,50553.7576,5004822.0,152394.0,70079.0808,6937829.0,182692.0,80162.303,7936068.0,195998.0,85801.3434,8494333.0,1990,2000,3731071.0,5004822.0,1273751.0
1279,S437016,湖南醴陵经济开发区,湖南省,醴陵,省政府,经济开发区,2003.06,445.32,陶瓷、交通装备、新材料,113.476873,27.691928,113.471148,27.695138,湖南省株洲市醴陵市经济开发区,未知,ok,503.188,14.585,14.0989,135405.7962,11.2362,7875.0,76.0,7799.0,7723.0,32960.0,28342.6214,2919290.0,57363.0,44128.1553,4545200.0,130529.0,60495.3495,6231021.0,176607.0,69520.2621,7160587.0,205241.0,75779.8641,7805326.0,2000,2010,4545200.0,6231021.0,1685821.0
1280,S437021,湖南湘潭岳塘经济开发区,湖南省,湘潭岳塘,省政府,经济开发区,2006.04,389.05,商贸物流、仓储、电商,112.991905,27.90138,112.986317,27.904719,湖南省湘潭市岳塘区岳塘经济开发区,住宅区,ok,530.78,31.4636,19.4321,160179.1352,3.1206,4783.0,155.0,4628.0,4473.0,15341.0,18812.0396,1900016.0,31260.0,32617.5941,3294377.0,115649.0,58012.198,5859232.0,158499.0,72212.6436,7293477.0,172530.0,80498.2475,8130323.0,2000,2010,3294377.0,5859232.0,2564855.0
1281,S437023,湖南湘潭天易经济开发区,湖南省,湘潭天易,省政府,经济开发区,1994.03,957.05,食品、装备制造,112.977311,27.755901,112.971787,27.75926,湖南省湘潭市湘潭县天易经济开发区,住宅区,ok,515.027,12.2336,19.6635,137113.7079,3.478,7041.0,0.0,7041.0,7041.0,1689.0,11714.6,1171460.0,3241.0,30221.02,3022102.0,15148.0,52142.72,5214272.0,26845.0,65039.32,6503932.0,58394.0,72681.61,7268161.0,1990,2000,1171460.0,3022102.0,1850642.0
1282,S437022,湖南湘乡经济开发区,湖南省,湘乡,省政府,经济开发区,2002.10,728.3,机械装备、电子电器、皮革,112.513795,27.76585,112.508356,27.76919,湖南省湘潭市湘乡市经济开发区,未知,ok,525.595,31.4682,20.4641,147955.7785,2.902,2881.0,1.0,2880.0,2879.0,8839.0,35137.1633,3443442.0,15032.0,52178.3265,5113476.0,186141.0,71946.5306,7050760.0,294328.0,82567.4388,8091609.0,302097.0,90012.7245,8821247.0,2000,2010,5113476.0,7050760.0,1937284.0
1285,S437009,湖南衡阳松木经济开发区,湖南省,衡阳松木,省政府,经济开发区,2006.04,777.34,盐卤化工及精细化工、新材料、新能源,112.62255,26.96343,112.617305,26.967001,湖南省衡阳市石鼓区湖南衡阳松木经济开发区,住宅区,ok,436.231,26.0473,25.806,127042.6919,2.7943,4715.0,125.0,4590.0,4465.0,2637.0,25296.8544,2605576.0,14159.0,41362.7282,4260361.0,71161.0,65775.8738,6774915.0,104133.0,79264.7573,8164270.0,115763.0,90286.2718,9299486.0,2000,2010,4260361.0,6774915.0,2514554.0
1288,S437014,湖南衡山经济开发区,湖南省,衡山,省政府,经济开发区,1992.11,315.41,机械零部件、非金属矿物制品,112.869572,27.259665,112.86423,27.263146,湖南省衡阳市衡山县湖南衡山经济开发区,住宅区,ok,462.563,,18.1195,85161.4368,7.6709,8483.0,0.0,8483.0,8483.0,1718.0,14084.0,1394316.0,2971.0,26613.0606,2634693.0,37347.0,35915.6061,3555645.0,61565.0,40888.1515,4047927.0,79249.0,44297.2121,4385424.0,1990,2000,1394316.0,2634693.0,1240377.0
1289,S437015,湖南衡东经济开发区,湖南省,衡东,省政府,经济开发区,1994.03,416.73,有色金属冶炼加工、电气机械、化工,112.812298,27.000121,112.806882,27.003573,湖南省衡阳市衡东县经济开发区,未知,ok,435.499,27.4672,13.1733,70714.4279,2.056,5123.0,0.0,5123.0,5123.0,19639.0,16632.6364,1646631.0,32865.0,21952.8586,2173333.0,61551.0,27698.6263,2742164.0,78796.0,31096.596,3078563.0,84551.0,35227.2222,3487495.0,1990,2000,1646631.0,2173333.0,526702.0
1290,S437012,湖南祁东经济开发区,湖南省,祁东,省政府,经济开发区,2000.01,240.0,农副食品、新材料、机械,112.090729,26.792141,112.085075,26.795395,湖南省衡阳市祁东县祁东经济开发区,住宅区,ok,431.203,108.8232,58.7032,211096.6654,11.3017,3166.0,0.0,3166.0,3166.0,35034.0,24117.0306,2363469.0,110424.0,39229.5408,3844495.0,262817.0,50391.2245,4938340.0,335489.0,58070.5,5690909.0,338349.0,68782.2755,6740663.0,2000,2010,3844495.0,4938340.0,1093845.0
1291,S437010,湖南耒阳经济开发区,湖南省,耒阳,省政府,经济开发区,1992.12,731.68,机械、电子、新材料,112.888629,26.437166,112.883362,26.440746,湖南省衡阳市耒阳市经济开发区,未知,ok,372.977,38.8134,36.3389,250629.2206,2.6064,2104.0,0.0,2104.0,2104.0,5599.0,30414.24,3041424.0,36660.0,50538.95,5053895.0,108957.0,74179.04,7417904.0,147201.0,86818.74,8681874.0,159614.0,92337.36,9233736.0,1990,2000,3041424.0,5053895.0,2012471.0
1292,S437011,湖南常宁水口山经济开发区,湖南省,常宁水口山,省政府,经济开发区,1994.03,405.19,有色金属冶炼加工、化工、废弃资源利用,112.313943,26.357253,112.308486,26.360559,湖南省衡阳市常宁市水口山,村庄,ok,378.506,,21.8642,31637.531,4.0383,2223.0,0.0,2223.0,2223.0,28307.0,5778.4,577840.0,42559.0,8109.17,810917.0,50136.0,10494.15,1049415.0,53579.0,12473.44,1247344.0,55133.0,16063.84,1606384.0,1990,2000,577840.0,810917.0,233077.0
1293,S437024,湖南邵阳经济开发区,湖南省,邵阳,省政府,经济开发区,1996.08,1611.29,装备制造、农产品加工、商贸物流,111.554575,27.246126,111.549243,27.249604,湖南省邵阳市经济开发区,未知,ok,497.043,22.6473,31.3094,121950.2383,1.1565,2246.0,0.0,2246.0,2246.0,7278.0,24433.8544,2516687.0,13310.0,34262.932,3529082.0,118160.0,55442.6408,5710592.0,184562.0,69390.7573,7147248.0,229525.0,84755.0874,8729774.0,1990,2000,2516687.0,3529082.0,1012395.0
1295,S437025,湖南邵东经济开发区,湖南省,邵东,省政府,经济开发区,1994.03,357.07,五金工具、皮具箱包、打火机,111.744268,27.259812,111.738744,27.263142,湖南省邵阳市邵东市,区县,ok,491.534,103.7064,36.548,321658.7154,0.7611,3229.0,0.0,3229.0,3229.0,40048.0,26926.0594,2719532.0,360228.0,55884.0297,5644287.0,364339.0,73117.3069,7384848.0,366937.0,84810.0099,8565811.0,371700.0,101868.6931,10288738.0,1990,2000,2719532.0,5644287.0,2924755.0
1296,S437026,湖南新邵经济开发区,湖南省,新邵,省政府,经济开发区,2006.04,536.71,特种绝缘纸、有色金属、再生资源利用,111.438253,27.308335,111.432627,27.311502,湖南省邵阳市新邵县经济开发区,未知,ok,507.888,,44.3682,177916.6455,3.3334,2977.0,143.0,2834.0,2691.0,6739.0,20351.5152,2014800.0,9884.0,29628.8081,2933252.0,12948.0,41553.6061,4113807.0,19249.0,49345.0606,4885161.0,43355.0,57878.4646,5729968.0,2000,2010,2933252.0,4113807.0,1180555.0
1299,S437028,湖南洞口经济开发区,湖南省,洞口,省政府,经济开发区,1994.03,229.75,农副食品加工、非金属矿物制品、木材加工,110.600355,27.039703,110.595772,27.043289,湖南省邵阳市洞口县经济开发区,未知,ok,521.624,,53.4763,111177.2052,2.2237,3321.0,0.0,3321.0,3321.0,7789.0,15368.7451,1567612.0,11691.0,24573.8039,2506528.0,37764.0,39797.6863,4059364.0,68951.0,48752.3725,4972742.0,95461.0,54474.6471,5556414.0,1990,2000,1567612.0,2506528.0,938916.0
1303,S437027,湖南武冈经济开发区,湖南省,武冈,省政府,经济开发区,1994.03,308.69,农副产品加工、电气机械器材、建材,110.632286,26.727414,110.627678,26.731036,湖南省邵阳市武冈市,区县,ok,491.518,102.8035,42.6231,247043.5547,5.8771,2874.0,0.0,2874.0,2874.0,320484.0,21165.7,2116570.0,372535.0,38792.4,3879240.0,387346.0,56544.0,5654400.0,394090.0,66669.97,6666997.0,398144.0,75469.62,7546962.0,1990,2000,2116570.0,3879240.0,1762670.0
1315,S437037,湖南澧县经济开发区,湖南省,澧县,省政府,经济开发区,2003.03,743.34,医药、农副食品加工、非金属矿制品,111.729292,29.630892,111.723587,29.633519,湖南省常德市澧县经济开发区,未知,ok,743.645,36.6212,23.3653,184188.6483,0.8571,1242.0,0.0,1242.0,1242.0,39792.0,31131.4412,3175407.0,56959.0,54263.7941,5534907.0,180650.0,81600.5686,8323258.0,252514.0,96616.2451,9854857.0,317812.0,106564.7745,10869607.0,2000,2010,5534907.0,8323258.0,2788351.0
1316,S437039,湖南临澧经济开发区,湖南省,临澧,省政府,经济开发区,1994.03,619.17,化纤纺织、建材、装备制造,111.647547,29.440813,111.642016,29.443646,湖南省常德市临澧县,区县,ok,725.145,64.8813,12.3721,114540.7596,2.6055,4190.0,0.0,4190.0,4190.0,294336.0,20315.2323,2011208.0,369339.0,31345.0808,3103163.0,380716.0,43837.8687,4339949.0,385742.0,51524.0,5100876.0,388209.0,58722.1414,5813492.0,1990,2000,2011208.0,3103163.0,1091955.0
1318,S437040,湖南石门经济开发区,湖南省,石门,省政府,经济开发区,1994.03,892.01,电力、热力、非金属矿制品,111.426928,29.571419,111.421107,29.573889,湖南省常德市石门县经济开发区,未知,ok,744.713,22.028,19.8369,111939.7441,10.7796,2155.0,0.0,2155.0,2155.0,12310.0,26121.9126,2690557.0,41405.0,41775.3689,4302863.0,61605.0,53236.2524,5483334.0,78860.0,59421.2718,6120391.0,122232.0,65707.5534,6767878.0,1990,2000,2690557.0,4302863.0,1612306.0
1320,S437041,湖南张家界经济开发区,湖南省,张家界,省政府,经济开发区,1992.06,319.43,生物医药、建材,110.56274,29.134791,110.558003,29.13786,湖南省张家界市经济开发区,未知,ok,727.726,23.9351,26.2298,86427.2629,15.4267,1913.0,0.0,1913.0,1913.0,30048.0,9341.2816,962152.0,44871.0,13939.9612,1435816.0,122807.0,23606.9806,2431519.0,167330.0,28747.7767,2961021.0,184090.0,31084.2621,3201679.0,1990,2000,962152.0,1435816.0,473664.0
1323,S437044,湖南益阳长春经济开发区,湖南省,益阳长春,省政府,经济开发区,2006.04,583.0,电子信息、装备制造、农产品加工,112.340753,28.601733,112.335067,28.604886,湖南省益阳市资阳区湖南益阳长春经济开发区,兴趣点,ok,619.759,45.0598,30.6244,272771.2876,0.771,1281.0,23.0,1258.0,1235.0,52094.0,57951.0962,6026914.0,113514.0,83946.3269,8730418.0,300295.0,109610.1058,11399451.0,385623.0,122467.9615,12736668.0,421719.0,129973.3558,13517229.0,2000,2010,8730418.0,11399451.0,2669033.0
1324,S437047,湖南南县经济开发区,湖南省,南县,省政府,经济开发区,1994.03,377.92,农副产品加工、食品、纺织,112.372307,29.36213,112.366504,29.364691,湖南省益阳市南县经济开发区,未知,ok,700.501,16.4416,16.5209,143351.5889,0.1188,124.0,0.0,124.0,124.0,3371.0,19883.9406,2008278.0,21475.0,31488.5248,3180341.0,79267.0,44623.8119,4507005.0,123549.0,52647.4653,5317394.0,198217.0,60281.6238,6088444.0,1990,2000,2008278.0,3180341.0,1172063.0
1325,S437043,湖南桃江经济开发区,湖南省,桃江,省政府,经济开发区,1994.03,586.77,木材加工、通用设备、食品,112.140329,28.556792,112.134582,28.559936,湖南省益阳市桃江县经济开发区,未知,ok,618.718,22.4518,23.0673,168229.6059,11.9364,3975.0,0.0,3975.0,3975.0,1996.0,14572.0762,1530068.0,5450.0,23129.2857,2428575.0,135688.0,32193.581,3380326.0,236196.0,37987.6381,3988702.0,327539.0,43859.7048,4605269.0,1990,2000,1530068.0,2428575.0,898507.0
1326,S437046,湖南安化经济开发区,湖南省,安化,省政府,经济开发区,1994.03,171.71,农副产品加工、废弃资源利用、中医药,111.333429,28.388684,111.327836,28.391937,湖南省益阳市安化县经济开发区,未知,ok,622.898,,63.2818,26072.1025,30.8463,5484.0,0.0,5484.0,5484.0,1865.0,3292.4466,339122.0,7815.0,4688.8932,482956.0,17802.0,7171.0971,738623.0,30117.0,9274.3301,955256.0,48036.0,13641.7864,1405104.0,1990,2000,339122.0,482956.0,143834.0
1328,S437048,湖南郴州经济开发区,湖南省,郴州,省政府,经济开发区,1988.12,406.81,机械、有色金属加工、食品,113.003169,25.755499,112.997704,25.758483,湖南省郴州市北湖区郴州经济开发区,住宅区,ok,296.9,42.3876,26.5126,240787.4093,16.4821,10451.0,0.0,10451.0,10451.0,19340.0,34251.6224,3356659.0,209158.0,58851.7347,5767470.0,268381.0,89630.9898,8783837.0,296664.0,107083.4898,10494182.0,300736.0,115498.7347,11318876.0,1990,1990,3356659.0,3356659.0,
1330,S437052,湖南宜章经济开发区,湖南省,宜章,省政府,经济开发区,1994.03,279.7,非金属矿物制品、电子设备、纸制品,112.976317,25.396337,112.970974,25.399258,湖南省郴州市宜章县湖南宜章经济开发区,住宅区,ok,259.003,55.7364,50.4382,111922.4649,15.29,20953.0,0.0,20953.0,20953.0,538.0,13911.3619,1460693.0,2539.0,22317.5143,2343339.0,40489.0,31054.5905,3260732.0,80532.0,36989.419,3883889.0,130519.0,44267.3714,4648074.0,1990,2000,1460693.0,2343339.0,882646.0
1331,S437050,湖南永兴经济开发区,湖南省,永兴,省政府,经济开发区,1992.03,353.38,稀贵金属加工、电子、机械设备,113.116587,26.127155,113.110876,26.130216,湖南省郴州市永兴县,区县,ok,334.663,65.9545,44.8936,99977.9998,19.4703,5756.0,0.0,5756.0,5756.0,189669.0,9290.0784,947588.0,269050.0,18230.7549,1859537.0,273399.0,28287.6667,2885342.0,276670.0,34502.4902,3519254.0,283325.0,39309.4608,4009565.0,1990,2000,947588.0,1859537.0,911949.0
1332,S437053,湖南嘉禾经济开发区,湖南省,嘉禾,省政府,经济开发区,1994.03,256.7,机械、铸造、五金,112.367651,25.631018,112.362148,25.63379,湖南省郴州市嘉禾县嘉禾经济开发区,住宅区,ok,300.691,33.6204,27.7981,99878.726,1.7543,4243.0,0.0,4243.0,4243.0,1245.0,15408.6442,1602499.0,4888.0,26597.0769,2766096.0,59292.0,35442.2019,3685989.0,85225.0,40571.9327,4219481.0,86294.0,44124.6058,4588959.0,1990,2000,1602499.0,2766096.0,1163597.0
1334,S437054,湖南汝城经济开发区,湖南省,汝城,省政府,经济开发区,1994.03,49.6,金属冶炼加工、农副产品加工,113.690327,25.480363,113.684995,25.483287,湖南省郴州市汝城县经济开发区,未知,ok,257.586,34.7062,25.5683,55176.4786,17.4891,11325.0,0.0,11325.0,11325.0,187.0,10866.8725,1108421.0,187.0,13931.9608,1421060.0,56998.0,22472.4804,2292193.0,90862.0,27283.4902,2782916.0,97911.0,30108.4118,3071058.0,1990,2000,1108421.0,1421060.0,312639.0
1337,S437051,湖南资兴经济开发区,湖南省,资兴,省政府,经济开发区,1994.03,1226.13,有色金属材料、食品、电子信息,113.258024,25.937255,113.252499,25.940362,湖南省郴州市资兴市资兴经济开发区,住宅区,ok,311.578,46.9357,42.87,165778.4674,24.8301,2687.0,0.0,2687.0,2687.0,217925.0,29099.1346,3026310.0,254775.0,40981.7692,4262104.0,283265.0,53789.7692,5594136.0,295190.0,60557.4615,6297976.0,297842.0,63564.5865,6610717.0,1990,2000,3026310.0,4262104.0,1235794.0
1339,S437057,永州经济技术开发区,湖南省,永州,省政府,经济开发区,1994.03,1304.0,零部件、食品、医药,111.564248,26.433399,111.558991,26.43697,湖南省永州市经济技术开发区,未知,ok,414.96,,21.2509,148990.1284,7.7103,8624.0,0.0,8624.0,8624.0,3124.0,40492.5248,4089745.0,29804.0,70698.9307,7140592.0,75235.0,86286.198,8714906.0,94851.0,94899.604,9584860.0,102615.0,101592.5941,10260852.0,1990,2000,4089745.0,7140592.0,3050847.0
1340,S437059,湖南祁阳经济开发区,湖南省,祁阳,省政府,经济开发区,2006.04,182.83,轻纺制鞋、食品、医药,111.857791,26.549656,111.852487,26.553241,湖南省永州市祁阳市经济开发区,未知,ok,414.237,28.1987,32.7019,161808.7828,3.7226,6527.0,325.0,6202.0,5877.0,12448.0,26777.7596,2784887.0,14158.0,41707.3558,4337565.0,31406.0,55042.3846,5724408.0,47651.0,63377.8269,6591294.0,74378.0,72359.1923,7525356.0,2000,2010,4337565.0,5724408.0,1386843.0
1341,S437060,湖南东安经济开发区,湖南省,东安,省政府,经济开发区,1996.05,334.53,金属冶炼加工、轻纺制鞋、农产品加工,111.336613,26.401282,111.331163,26.404574,湖南省永州市东安县湖南东安经济开发区,住宅区,ok,422.788,26.5467,23.0262,94867.7467,9.4828,4803.0,0.0,4803.0,4803.0,11549.0,20670.0101,2046331.0,54497.0,30848.4949,3054001.0,138355.0,43062.5556,4263193.0,194884.0,51231.596,5071928.0,233528.0,60977.0707,6036730.0,1990,2000,2046331.0,3054001.0,1007670.0
1346,S437062,湖南蓝山经济开发区,湖南省,蓝山,省政府,经济开发区,1994.03,400.36,纺织服装、皮革、电气机械器材,112.234937,25.395782,112.22961,25.398636,湖南省永州市蓝山县经济开发区,未知,ok,282.031,24.4059,32.9908,90064.984,11.5844,8324.0,0.0,8324.0,8324.0,49991.0,15364.1089,1551775.0,58284.0,27594.9109,2787086.0,67075.0,36187.9307,3654981.0,72717.0,40712.297,4111942.0,76337.0,43935.198,4437455.0,1990,2000,1551775.0,2787086.0,1235311.0
1348,S437063,湖南江华经济开发区,湖南省,江华,省政府,经济开发区,2006.05,592.19,有色金属、电子、新能源,111.554899,25.200843,111.549714,25.203839,湖南省永州市江华瑶族自治县经济开发区,未知,ok,300.788,,20.5775,105171.5451,6.329,8789.0,152.0,8637.0,8485.0,2036.0,18133.7,1813370.0,2152.0,23846.83,2384683.0,2312.0,31846.68,3184668.0,5487.0,37146.31,3714631.0,24670.0,43673.7,4367370.0,2000,2010,2384683.0,3184668.0,799985.0
1349,S437065,湖南怀化经济开发区,湖南省,怀化,省政府,经济开发区,2006.05,980.89,生物医药、电子信息,109.953386,27.543552,109.948845,27.546993,湖南省怀化市鹤城区怀化经济开发区,住宅区,ok,604.205,43.8739,32.2689,286096.3452,14.1616,6385.0,949.0,5436.0,4487.0,65182.0,49845.6804,4835031.0,245087.0,69226.866,6715006.0,247927.0,91413.3711,8867097.0,249853.0,104618.6082,10148005.0,253821.0,111296.4227,10795753.0,2000,2010,6715006.0,8867097.0,2152091.0
1361,S437069,湖南双峰经济开发区,湖南省,双峰,省政府,经济开发区,1992.03,636.95,专用设备、皮革制品、农副产品加工,112.167576,27.447775,112.161977,27.450966,湖南省娄底市双峰县经济开发区,未知,ok,498.612,69.0162,38.1849,208412.992,2.6578,2962.0,0.0,2962.0,2962.0,16570.0,17476.4135,1817547.0,46390.0,30787.25,3201874.0,108280.0,46263.875,4811443.0,153487.0,55871.0481,5810589.0,170208.0,63335.1731,6586858.0,1990,2000,1817547.0,3201874.0,1384327.0
1362,S437070,湖南新化经济开发区,湖南省,新化,省政府,经济开发区,1992.03,407.21,非金属矿物制品、化工、农产品加工,111.31053,27.776752,111.305048,27.780005,湖南省娄底市新化县经济开发区,未知,ok,560.575,24.0753,26.2823,170440.4207,4.3269,2689.0,0.0,2689.0,2689.0,6964.0,27568.1132,2922220.0,12325.0,38197.1887,4048902.0,21926.0,53446.2358,5665301.0,35340.0,62316.5377,6605553.0,83585.0,70027.1415,7422877.0,1990,2000,2922220.0,4048902.0,1126682.0
1363,S437067,湖南冷水江经济开发区,湖南省,冷水江,省政府,经济开发区,1992.03,738.37,黑色金属冶炼加工、电力,111.49145,27.651001,111.48592,27.654274,湖南省娄底市冷水江市经济开发区,未知,ok,540.953,25.5047,22.8528,133528.9946,8.4903,2536.0,0.0,2536.0,2536.0,41999.0,25638.1359,2640728.0,43389.0,31361.1748,3230201.0,69160.0,44292.6602,4562144.0,82979.0,51422.6893,5296537.0,92472.0,57053.466,5876507.0,1990,2000,2640728.0,3230201.0,589473.0
1365,S437071,湖南湘西经济开发区,湖南省,湘西,省政府,经济开发区,2006.04,1142.24,食品、医药、新材料、电子信息,109.672912,28.219122,109.668294,28.222607,湖南省湘西土家族苗族自治州经济开发区,未知,ok,681.327,46.9362,40.6071,111344.6465,16.4581,8514.0,347.0,8167.0,7820.0,1434.0,10980.8095,1152985.0,12762.0,16051.9524,1685455.0,79168.0,27986.5048,2938583.0,124298.0,35963.6571,3776184.0,153134.0,42642.019,4477412.0,2000,2010,1685455.0,2938583.0,1253128.0
1366,S437072,湖南吉首经济开发区,湖南省,吉首,省政府,经济开发区,2001.03,837.28,农副食品加工、医药、纺织服饰,109.676841,28.225807,109.672214,28.229284,湖南省湘西土家族苗族自治州吉首市经济开发区,未知,ok,681.65,,42.2093,129033.7113,15.7161,8804.0,30.0,8774.0,8744.0,472.0,12432.7619,1305440.0,10821.0,18715.8952,1965169.0,86670.0,31606.419,3318674.0,158376.0,40171.6952,4218028.0,185093.0,47296.7619,4966160.0,2000,2010,1965169.0,3318674.0,1353505.0
1372,S437073,湖南永顺经济开发区,湖南省,永顺,省政府,经济开发区,2001.05,204.7,农产品加工、电子信息、医药,109.857142,28.979819,109.852523,28.983009,湖南省湘西土家族苗族自治州永顺县,区县,ok,743.2,59.075,58.4111,110221.7617,20.609,5324.0,10.0,5314.0,5304.0,1205.0,11512.9,1151290.0,6941.0,14285.59,1428559.0,33383.0,17284.22,1728422.0,49604.0,19032.94,1903294.0,62331.0,21198.43,2119843.0,2000,2010,1428559.0,1728422.0,299863.0
1376,S447003,广州花都经济开发区,广东省,广州花都,省政府,经济开发区,1992.12,1188.34,汽车及零部件、新能源汽车、智能装备,113.220125,23.404326,113.214768,23.406909,广东省广州市花都区,区县,ok,40.105,40.0471,47.7044,395851.5096,0.8129,432.0,0.0,432.0,432.0,15961.0,63603.1748,6551127.0,164775.0,138524.5146,14268025.0,220370.0,185131.7282,19068568.0,246625.0,209241.9223,21551918.0,257490.0,217642.1456,22417141.0,1990,2000,6551127.0,14268025.0,7716898.0
1377,S447004,广东从化经济开发区,广东省,从化,省政府,经济开发区,2006.05,132.0,生物医药、化妆品、电器装备,113.4917,23.446518,113.486342,23.449085,广东省广州市从化区广东从化经济开发区,住宅区,ok,38.236,44.4729,20.8535,165180.322,14.4048,9758.0,425.0,9333.0,8908.0,119910.0,16295.2178,1645817.0,194894.0,31184.1584,3149600.0,225730.0,44670.9703,4511768.0,238734.0,52972.6832,5350241.0,242496.0,56810.2475,5737835.0,2000,2010,3149600.0,4511768.0,1362168.0
1379,S447019,广东韶关曲江经济开发区,广东省,韶关曲江,省政府,经济开发区,1997.12,161.56,食品、电子、金属加工,113.527379,24.673509,113.52206,24.676474,广东省韶关市曲江区曲江经济开发区,住宅区,ok,169.213,29.2207,15.9674,28230.3418,11.2887,34552.0,0.0,34552.0,34552.0,24054.0,8559.5243,881631.0,45890.0,10802.1942,1112626.0,57867.0,16698.0097,1719895.0,72633.0,21053.1748,2168477.0,111515.0,25601.9612,2637002.0,1990,2000,881631.0,1112626.0,230995.0
1382,S447022,广东翁源经济开发区,广东省,翁源,省政府,经济开发区,1992.08,405.61,新材料、电源电子、五金家具,113.829363,24.387268,113.824231,24.390214,广东省韶关市翁源县广东翁源经济开发区,住宅区,ok,137.055,24.288,17.2724,70920.3165,8.993,14908.0,0.0,14908.0,14908.0,6407.0,12749.0,1287649.0,10228.0,14669.3762,1481607.0,16089.0,21451.0693,2166558.0,20090.0,25676.4851,2593325.0,22635.0,31435.3762,3174973.0,1990,2000,1287649.0,1481607.0,193958.0
1383,S447023,广东乳源经济开发区,广东省,乳源,省政府,经济开发区,2006.05,561.56,铝箔、电子元器件、食品,113.333145,24.748592,113.327591,24.751371,广东省韶关市乳源瑶族自治县经济开发区,未知,ok,180.594,36.4055,22.4731,55913.0262,24.9056,28425.0,1328.0,27097.0,25769.0,3131.0,7066.6078,720794.0,39939.0,12899.3725,1315736.0,109751.0,21463.1471,2189241.0,148025.0,26720.6275,2725504.0,172710.0,32324.3529,3297084.0,2000,2010,1315736.0,2189241.0,873505.0
1385,S447020,广东乐昌经济开发区,广东省,乐昌,省政府,经济开发区,2006.09,303.31,机械设备、纺织服装、非金属矿物制品,113.36643,25.114624,113.360788,25.117304,广东省韶关市乐昌市经济开发区,未知,ok,219.809,38.4877,32.6721,162935.6821,7.5855,14034.0,2807.0,11227.0,8420.0,48932.0,33970.7921,3431050.0,105849.0,42520.9703,4294618.0,126497.0,52610.396,5313650.0,135451.0,58413.8515,5899799.0,136938.0,61846.4455,6246491.0,2000,2010,4294618.0,5313650.0,1019032.0
1393,S447012,广东佛山禅城经济开发区,广东省,佛山禅城,省政府,经济开发区,2006.08,488.76,陶瓷、新能源汽车配件、装备制造,113.029424,23.007591,113.024061,23.010239,广东省佛山市禅城区经济开发区,未知,ok,22.219,36.2719,51.9697,366802.2544,0.4764,50.0,6.0,44.0,38.0,0.0,56334.9109,5689826.0,832.0,144957.5446,14640712.0,95166.0,182893.1386,18472207.0,187922.0,204518.5743,20656376.0,218916.0,214126.4752,21626774.0,2000,2010,14640712.0,18472207.0,3831495.0
1394,S447013,广东佛山南海经济开发区,广东省,佛山南海,省政府,经济开发区,2003.06,838.42,汽车及零部件、光电显示、机械装备,112.982014,23.093818,112.97681,23.096569,广东省佛山市南海区南海经济开发区,住宅区,ok,31.685,58.813,35.821,226925.8037,1.5528,1858.0,11.0,1847.0,1836.0,164719.0,26127.93,2612793.0,289113.0,92490.25,9249025.0,313909.0,137468.87,13746887.0,324369.0,160575.09,16057509.0,327046.0,168208.61,16820861.0,2000,2010,9249025.0,13746887.0,4497862.0
1400,S447042,广东江门新会经济开发区,广东省,江门新会,省政府,经济开发区,1996.04,705.0,装备制造、纸及纸制品、食品饮料,113.072385,22.440905,113.066956,22.443608,广东省江门市新会区新会经济开发区,住宅区,ok,10.76,19.2694,23.4105,67351.9818,4.7678,2266.0,0.0,2266.0,2266.0,56.0,14642.8416,1478927.0,6280.0,31782.297,3210012.0,50201.0,44739.2376,4518663.0,72207.0,52765.8416,5329350.0,84092.0,60470.198,6107490.0,1990,2000,1478927.0,3210012.0,1731085.0
1407,S447048,广东湛江麻章经济开发区,广东省,湛江麻章,省政府,经济开发区,1997.04,878.26,家具、农副食品、设备制造,110.297658,21.277133,110.293292,21.279625,广东省湛江市麻章区麻章经济开发区,住宅区,ok,7.167,47.8755,33.614,179297.1665,1.241,1327.0,0.0,1327.0,1327.0,9701.0,17648.3431,1800131.0,38085.0,36915.549,3765386.0,107553.0,52433.6863,5348236.0,148610.0,61204.402,6242849.0,164119.0,67273.3333,6861880.0,1990,2000,1800131.0,3765386.0,1965255.0
1410,S447051,广东徐闻经济开发区,广东省,徐闻,省政府,经济开发区,1992.12,942.0,农副食品、食品、木材加工,110.208241,20.273272,110.203949,20.275577,广东省湛江市徐闻县经济开发区,未知,ok,0.349,42.1616,19.0814,93976.0224,2.4996,1328.0,0.0,1328.0,1328.0,950.0,6777.97,677797.0,8485.0,11309.93,1130993.0,16012.0,16729.6,1672960.0,19711.0,19826.69,1982669.0,23130.0,21598.08,2159808.0,1990,2000,677797.0,1130993.0,453196.0
1411,S447052,广东廉江经济开发区,广东省,廉江,省政府,经济开发区,1996.01,830.0,家电、家具、金属制品,110.213707,21.634414,110.209351,21.636987,广东省湛江市廉江市经济开发区,未知,ok,27.115,,27.4437,113452.4233,0.4085,4112.0,0.0,4112.0,4112.0,7676.0,13348.902,1361588.0,16283.0,21504.4608,2193455.0,31276.0,32192.3824,3283623.0,45117.0,39060.3725,3984158.0,76634.0,46112.8333,4703509.0,1990,2000,1361588.0,2193455.0,831867.0
1413,S447050,广东吴川经济开发区,广东省,吴川,省政府,经济开发区,1997.03,435.15,羽绒及制品、电气机械器材、塑料,110.779361,21.440763,110.774811,21.443324,广东省湛江市吴川市,区县,ok,0.889,67.2556,63.1239,286329.8731,0.4875,355.0,0.0,355.0,355.0,249739.0,57425.63,5742563.0,255302.0,86249.97,8624997.0,261775.0,96718.32,9671832.0,266488.0,101890.9,10189090.0,277188.0,106210.99,10621099.0,1990,2000,5742563.0,8624997.0,2882434.0
1414,S447054,广东茂名茂南经济开发区,广东省,茂名茂南,省政府,经济开发区,1992.12,968.58,农副产品加工、石油加工、化工,110.909784,21.626623,110.905299,21.629397,广东省茂名市茂南区茂南经济开发区,住宅区,ok,15.3,42.8379,50.2022,347750.4789,0.2989,223.0,0.0,223.0,223.0,25324.0,63477.0495,6411182.0,82678.0,114625.5248,11577178.0,121547.0,133938.6733,13527806.0,139405.0,142983.6634,14441350.0,148287.0,146998.4653,14846845.0,1990,2000,6411182.0,11577178.0,5165996.0
1416,S447055,广东茂名电白经济开发区,广东省,茂名电白,省政府,经济开发区,1992.06,599.79,精细化工、机械、电子,111.013368,21.513946,111.008562,21.516464,广东省茂名市电白区,区县,ok,0.401,104.1096,46.5357,159384.6093,0.3037,2228.0,0.0,2228.0,2228.0,209816.0,33486.6176,3415635.0,339007.0,51559.8529,5259105.0,360502.0,61691.8627,6292570.0,371371.0,67223.3039,6856777.0,373723.0,71721.2843,7315571.0,1990,2000,3415635.0,5259105.0,1843470.0
1417,S447057,广东高州金山经济开发区,广东省,高州金山,省政府,经济开发区,1993.06,310.72,农副食品、皮革制品、金属制品,110.85402,21.919654,110.849519,21.92251,广东省茂名市高州市,区县,ok,46.094,49.0273,33.3917,188396.1763,5.3003,14592.0,0.0,14592.0,14592.0,220894.0,29736.932,3062904.0,248560.0,48316.3689,4976586.0,255960.0,58618.2524,6037680.0,259747.0,64271.4466,6619959.0,263716.0,69392.4757,7147425.0,1990,2000,3062904.0,4976586.0,1913682.0
1418,S447058,广东化州鉴江经济开发区,广东省,化州鉴江,省政府,经济开发区,1993.02,484.79,电子、塑料加工、轻纺,110.673367,21.661073,110.668962,21.663768,广东省茂名市化州市鉴江街道经济开发区,未知,ok,26.022,32.0007,42.3927,233244.4481,0.4273,658.0,0.0,658.0,658.0,25721.0,31231.4476,3279302.0,53197.0,56700.181,5953519.0,75160.0,70391.3905,7391096.0,90537.0,77980.4286,8187945.0,116064.0,84691.7619,8892635.0,1990,2000,3279302.0,5953519.0,2674217.0
1419,S447056,广东信宜经济开发区,广东省,信宜,省政府,经济开发区,1992.07,246.74,电子电器、工艺品、金属制品,110.946866,22.354887,110.942262,22.357906,广东省茂名市信宜市,区县,ok,90.893,131.0744,67.5938,184463.4111,12.8403,17810.0,0.0,17810.0,17810.0,277881.0,23682.6061,2344578.0,331765.0,42307.202,4188413.0,341102.0,51225.4848,5071323.0,347682.0,56302.3838,5573936.0,352211.0,60453.7071,5984917.0,1990,2000,2344578.0,4188413.0,1843835.0
1427,S447033,广东惠州惠阳经济开发区,广东省,惠州惠阳,省政府,经济开发区,1997.03,743.69,电子信息、印刷、金属制品,114.489106,22.890499,114.48434,22.893239,广东省惠州市惠阳区惠阳经济开发区,住宅区,ok,19.537,43.0208,28.2103,61301.0779,24.9868,12577.0,0.0,12577.0,12577.0,4269.0,2287.08,228708.0,100508.0,9480.83,948083.0,121169.0,18547.57,1854757.0,133446.0,24759.0,2475900.0,149772.0,28745.87,2874587.0,1990,2000,228708.0,948083.0,719375.0
1432,S447027,广东梅州经济开发区,广东省,梅州,省政府,经济开发区,1992.10,706.02,电子信息、机械装备、生物医药,116.1669,24.280468,116.162166,24.283161,广东省梅州市梅江区广东梅州经济开发区,住宅区,ok,102.483,35.6133,64.5073,178362.6113,19.7288,14363.0,0.0,14363.0,14363.0,1707.0,35752.1089,3610963.0,34666.0,54893.3168,5544225.0,148162.0,63632.9703,6426930.0,209475.0,68314.604,6899775.0,214402.0,70875.8812,7158464.0,1990,2000,3610963.0,5544225.0,1933262.0
1435,S447030,广东丰顺经济开发区,广东省,丰顺,省政府,经济开发区,1995.12,474.82,电子、电声、生物制药、饲料,116.181895,23.739364,116.177232,23.741883,广东省梅州市丰顺县,区县,ok,50.297,70.4337,56.3075,240432.8565,7.2406,9135.0,0.0,9135.0,9135.0,29769.0,34367.8058,3539884.0,212525.0,52467.1456,5404116.0,282323.0,62518.4369,6439399.0,314445.0,67695.068,6972592.0,317869.0,71211.4854,7334783.0,1990,2000,3539884.0,5404116.0,1864232.0
1436,S447031,广东五华经济开发区,广东省,五华,省政府,经济开发区,1995.12,491.33,酿酒、医药、五金机电、汽车零配件,115.758772,23.925987,115.754014,23.928648,广东省梅州市五华县广东五华经济开发区,住宅区,ok,96.687,97.7113,49.9315,333392.7063,2.6563,5050.0,0.0,5050.0,5050.0,93770.0,46513.15,4651315.0,259899.0,67765.06,6776506.0,302739.0,80835.03,8083503.0,320052.0,87024.45,8702445.0,320983.0,90004.38,9000438.0,1990,2000,4651315.0,6776506.0,2125191.0
1440,S447035,广东汕尾红海湾经济开发区,广东省,汕尾红海湾,省政府,经济开发区,1992.11,1095.3,电力,115.493351,22.736518,115.488582,22.739318,广东省汕尾市城区红海湾经济开发区,住宅区,ok,3.642,,47.262,52366.3472,0.5005,631.0,0.0,631.0,631.0,16824.0,16367.3235,1669467.0,18060.0,19386.5392,1977427.0,18947.0,20912.402,2133065.0,19638.0,21798.4706,2223444.0,22039.0,23000.1176,2346012.0,1990,2000,1669467.0,1977427.0,307960.0
1441,S447036,广东海丰经济开发区,广东省,海丰,省政府,经济开发区,1992.12,325.63,毛织服装、珠宝首饰、电子信息,115.356163,23.001081,115.351236,23.003655,广东省汕尾市海丰县广东海丰经济开发区,住宅区,ok,10.362,,67.8882,232177.4823,6.0054,10543.0,0.0,10543.0,10543.0,6913.0,27835.2059,2839191.0,38791.0,56056.9902,5717813.0,77743.0,67578.8529,6893043.0,98815.0,74135.1667,7561787.0,119131.0,78874.049,8045153.0,1990,2000,2839191.0,5717813.0,2878622.0
1443,S447069,广东汕尾星都经济开发区,广东省,汕尾星都,省政府,经济开发区,1994.01,148.3,医药、节能设备、新材料,115.484381,22.932925,115.479569,22.935626,广东省汕尾市陆丰市星都经济开发区,住宅区,ok,1.531,,37.4504,60107.8597,1.0822,3416.0,0.0,3416.0,3416.0,37436.0,12352.0194,1272258.0,44269.0,18277.5146,1882584.0,46445.0,22319.7573,2298935.0,48858.0,24505.7864,2524096.0,49085.0,26237.835,2702497.0,1990,2000,1272258.0,1882584.0,610326.0
1444,S447037,广东陆丰东海经济开发区,广东省,陆丰东海,省政府,经济开发区,1994.03,500.0,珠宝加工、电子机械、纺织服装,115.65119,22.908009,115.646606,22.910898,广东省汕尾市陆丰市陆丰东海经济开发区,住宅区,ok,1.888,88.4516,83.4047,316187.3582,0.909,191.0,0.0,191.0,191.0,62941.0,34662.8416,3500947.0,98385.0,51227.2178,5173949.0,145503.0,62653.2871,6327982.0,169549.0,68380.2574,6906406.0,188473.0,71686.1188,7240298.0,1990,2000,3500947.0,5173949.0,1673002.0
1452,S447046,广东阳东经济开发区,广东省,阳东,省政府,经济开发区,2006.08,1491.42,金属制品、木材加工、农副食品,112.005586,21.869081,112.000439,21.871747,广东省阳江市阳东区,区县,ok,2.295,86.525,67.9043,412043.2341,4.6746,4924.0,1191.0,3733.0,2542.0,15426.0,42648.1635,4435409.0,178900.0,95131.1827,9893643.0,222203.0,127526.7404,13262781.0,254044.0,147499.4038,15339938.0,261538.0,159062.0769,16542456.0,2000,2010,9893643.0,13262781.0,3369138.0
1462,S447062,广东潮州经济开发区,广东省,潮州,省政府,经济开发区,1992.10,963.64,电子、五金、陶瓷,116.594279,23.675417,116.589932,23.678179,广东省潮州市经济开发区,未知,ok,28.857,48.7081,70.7003,487407.568,4.37,4077.0,0.0,4077.0,4077.0,30711.0,91440.5758,9052617.0,98251.0,173961.798,17222218.0,215991.0,192172.5051,19025078.0,273830.0,202224.3838,20020214.0,279584.0,205942.2929,20388287.0,1990,2000,9052617.0,17222218.0,8169601.0
1463,S447063,广东潮安经济开发区,广东省,潮安,省政府,经济开发区,1992.10,236.13,食品、不锈钢、印刷,116.676971,23.463598,116.672508,23.466248,广东省潮州市潮安区,区县,ok,11.957,99.0976,55.806,449070.6313,0.573,172.0,0.0,172.0,172.0,20097.0,90347.9604,9125144.0,218948.0,167266.9901,16893966.0,258256.0,193393.5941,19532753.0,274486.0,206227.6733,20828995.0,277004.0,209459.7723,21155437.0,1990,2000,9125144.0,16893966.0,7768822.0
1464,S447064,广东饶平潮州港经济开发区,广东省,饶平潮州港,省政府,经济开发区,1993.06,114.93,能源、化工、水产品加工,117.087002,23.559169,117.082055,23.561546,广东省潮州市饶平县潮州港,兴趣点,ok,0.227,38.8148,45.2046,30332.2644,2.2841,1242.0,0.0,1242.0,1242.0,29802.0,6502.5556,643753.0,40986.0,8157.101,807553.0,53136.0,9530.9192,943561.0,60846.0,10449.5051,1034501.0,70682.0,11998.6162,1187863.0,1990,2000,643753.0,807553.0,163800.0
1467,S447067,广东揭东经济开发区,广东省,揭东,省政府,经济开发区,1992.10,569.55,金属制品、装备制造、食品饮料,116.43384,23.557559,116.429139,23.559961,广东省揭阳市揭东区广东揭东经济开发区,住宅区,ok,18.376,44.7622,47.15,396248.6037,0.8161,621.0,0.0,621.0,621.0,41234.0,59510.5,5832029.0,217124.0,129428.2959,12683973.0,256094.0,163426.5918,16015806.0,271996.0,181223.2755,17759881.0,273338.0,186522.6327,18279218.0,1990,2000,5832029.0,12683973.0,6851944.0
1476,S457003,南宁仙葫经济开发区,广西壮族自治区,南宁仙葫,省政府,经济开发区,2001.01,671.42,电子、食品、混凝土,108.453983,22.803421,108.449949,22.806145,广西壮族自治区南宁市青秀区仙葫经济开发区,住宅区,ok,95.199,31.049,24.2422,148652.9339,3.3972,12803.0,118.0,12685.0,12567.0,17927.0,5969.5248,602922.0,176270.0,23227.9406,2346022.0,218919.0,45627.1287,4608340.0,236114.0,61614.0693,6223021.0,238595.0,74828.8713,7557716.0,2000,2010,2346022.0,4608340.0,2262318.0
1478,S457002,广西良庆经济开发区,广西壮族自治区,良庆,省政府,经济开发区,2006.05,248.96,建材、农副产品加工、医药,108.332656,22.723726,108.328648,22.726499,广西壮族自治区南宁市良庆区广西良庆经济开发区,住宅区,ok,87.891,28.7218,20.6336,122604.6442,11.2006,27926.0,5214.0,22712.0,17498.0,7731.0,11351.297,1146481.0,295578.0,42786.3168,4321418.0,313347.0,62645.6139,6327207.0,320747.0,74980.7327,7573054.0,321040.0,86329.2178,8719251.0,2000,2010,4321418.0,6327207.0,2005789.0
1485,S457009,广西鹿寨经济开发区,广西壮族自治区,鹿寨,省政府,经济开发区,1992.12,1282.51,造纸、建材、化工,109.711891,24.449506,109.707436,24.452432,广西壮族自治区柳州市鹿寨县经济开发区,未知,ok,298.519,12.629,11.1896,46033.8675,7.4123,20696.0,0.0,20696.0,20696.0,3315.0,24412.6275,2490088.0,13366.0,29427.4314,3001598.0,84830.0,39888.4216,4068619.0,129665.0,46013.2157,4693348.0,161849.0,52455.6765,5350479.0,1990,2000,2490088.0,3001598.0,511510.0
1486,S457006,桂林经济技术开发区,广西壮族自治区,桂林,省政府,经济开发区,1994.11,1878.53,装备制造、食品、生物医药,110.022971,25.114665,110.018371,25.117469,广西壮族自治区桂林市经济技术开发区,未知,ok,374.681,26.9773,19.4523,71370.4342,9.4813,21919.0,0.0,21919.0,21919.0,2984.0,5851.33,585133.0,3875.0,9027.25,902725.0,17633.0,15540.64,1554064.0,42956.0,20548.09,2054809.0,125247.0,28535.45,2853545.0,1990,2000,585133.0,902725.0,317592.0
1500,S457036,钦州市钦北区经济技术开发区,广西壮族自治区,钦州市钦北区,省政府,经济开发区,2007.09,821.35,农产品加工、建材、医药,108.634037,22.036534,108.630318,22.039478,广西壮族自治区钦州市钦北区钦北经济技术开发区,住宅区,ok,11.352,19.9556,18.686,71268.3595,18.711,32659.0,8277.0,24382.0,16105.0,1671.0,8547.0686,871801.0,7329.0,16304.1569,1663024.0,143068.0,23742.8725,2421773.0,234409.0,28405.8235,2897394.0,244012.0,31792.0294,3242787.0,2000,2010,1663024.0,2421773.0,758749.0
1502,S457038,广西浦北经济开发区,广西壮族自治区,浦北,省政府,经济开发区,2008.10,904.48,医药、建材,109.532262,22.231832,109.528034,22.234781,广西壮族自治区钦州市浦北县经济开发区,未知,ok,52.733,30.7855,36.0601,135838.3252,18.1998,28055.0,2167.0,25888.0,23721.0,7052.0,7770.9406,784865.0,17931.0,13194.5149,1332646.0,68523.0,20344.2574,2054770.0,98173.0,25421.5149,2567573.0,118170.0,30779.9604,3108776.0,2000,2010,1332646.0,2054770.0,722124.0
1507,S457014,广西玉林经济开发区,广西壮族自治区,玉林,省政府,经济开发区,2002.12,947.0,食品、彩印、医疗设备,110.196638,22.638053,110.1922,22.640886,广西壮族自治区玉林市经济开发区,未知,ok,116.66,,55.4763,434490.3561,1.1746,1456.0,1.0,1455.0,1454.0,21177.0,69594.9802,7029093.0,51686.0,105714.5545,10677170.0,193006.0,134858.2772,13620686.0,273368.0,150669.4257,15217612.0,282931.0,158541.604,16012702.0,2000,2010,10677170.0,13620686.0,2943516.0
1508,S457015,广西容县经济开发区,广西壮族自治区,容县,省政府,经济开发区,1991.09,1316.51,食品、电子信息、林化工,110.570061,22.842556,110.565734,22.845544,广西壮族自治区玉林市容县经济开发区,未知,ok,152.113,76.6191,50.1104,193376.1016,11.7207,12178.0,0.0,12178.0,12178.0,19997.0,26508.6373,2703881.0,59327.0,39852.1961,4064924.0,193526.0,52358.4118,5340558.0,267131.0,59283.2451,6046891.0,289102.0,64852.7255,6614978.0,1990,2000,2703881.0,4064924.0,1361043.0
1520,S457022,广西宜州经济开发区,广西壮族自治区,宜州,省政府,经济开发区,1992.12,548.07,丝绸、生物化工、食品,108.611303,24.500981,108.607488,24.504081,广西壮族自治区河池市宜州区,区县,ok,282.679,21.9509,12.2621,73106.8735,11.3717,8930.0,0.0,8930.0,8930.0,39790.0,21661.9604,2187858.0,75285.0,31385.604,3169946.0,100010.0,40491.7921,4089671.0,111403.0,45264.8713,4571752.0,118916.0,48185.7525,4866761.0,1990,2000,2187858.0,3169946.0,982088.0
1527,S467004,海南老城经济开发区,海南省,老城,省政府,经济开发区,2006.03,2607.8,软件、信息技术、农副产品加工、电力,110.119343,19.949255,110.11492,19.951159,海南省澄迈县老城镇经济开发区,未知,ok,1.62,28.872,18.0124,63764.0474,5.4653,3327.0,201.0,3126.0,2925.0,9770.0,13626.4286,1335390.0,20886.0,19589.3878,1919760.0,84643.0,36856.8878,3611975.0,131168.0,48378.398,4741083.0,143225.0,60431.4592,5922283.0,2000,2010,1919760.0,3611975.0,1692215.0
1528,S507015,重庆渝东经济开发区,重庆市,渝东,省政府,经济开发区,1993.04,363.99,化工、建材、照明电气,101.83868,36.571977,101.836889,36.572181,青海省西宁市城东区东经济开发区,住宅区,ok,1403.791,74.6361,78.0767,304655.2404,0.0304,80.0,0.0,80.0,80.0,4432.0,43123.1649,4182947.0,17859.0,60837.0309,5901192.0,62280.0,78534.6907,7617865.0,80639.0,87885.2784,8524872.0,85482.0,95955.0928,9307644.0,1990,2000,4182947.0,5901192.0,1718245.0
1574,S517041,成都青白江经济开发区,四川省,成都青白江,省政府,经济开发区,2005.09,878.86,装备制造、建材,104.251342,30.8786,104.248957,30.881068,四川省成都市青白江区,区县,ok,1075.918,59.7633,47.7385,317078.8829,0.6716,552.0,31.0,521.0,490.0,150779.0,34781.9118,3547755.0,194503.0,69154.3922,7053748.0,205556.0,117797.1471,12015309.0,210065.0,142454.2745,14530336.0,210504.0,152117.5882,15515994.0,2000,2010,7053748.0,12015309.0,4961561.0
1577,S517010,四川双流经济开发区,四川省,双流,省政府,经济开发区,1992.08,2523.88,电子信息、新能源、装备制造,104.74547,30.551898,104.742735,30.554514,四川省成都市金堂县双流乡经济村,村庄,ok,1024.038,,18.2977,39248.5355,8.2335,1565.0,0.0,1565.0,1565.0,7773.0,1733.8416,175118.0,9268.0,2109.1584,213025.0,26283.0,4328.6436,437193.0,37040.0,6099.0495,616004.0,40287.0,9401.2079,949522.0,1990,2000,175118.0,213025.0,37907.0
1581,S517044,四川大邑经济开发区,四川省,大邑,省政府,经济开发区,2013.06,837.05,轻工、机械、食品饮料,103.546564,30.55537,103.544525,30.558128,四川省成都市大邑县经济开发区,未知,ok,1073.648,55.035,47.3219,248629.3356,2.0044,1839.0,1061.0,778.0,-283.0,27611.0,17195.5098,1753942.0,40285.0,29829.1078,3042569.0,208070.0,65088.8333,6639061.0,296894.0,84622.7647,8631522.0,360800.0,91464.7059,9329400.0,2010,2015,6639061.0,8631522.0,1992461.0
1582,S517045,四川蒲江经济开发区,四川省,蒲江,省政府,经济开发区,2005.09,726.38,食品、医药、印刷、包装,103.506478,30.197558,103.504347,30.20027,四川省成都市蒲江县,区县,ok,1040.846,53.8713,22.2542,157337.0273,14.1755,3707.0,122.0,3585.0,3463.0,224674.0,10984.06,1098406.0,246719.0,18925.05,1892505.0,260387.0,30334.61,3033461.0,267510.0,36486.9,3648690.0,268637.0,41643.69,4164369.0,2000,2010,1892505.0,3033461.0,1140956.0
1584,S517006,四川都江堰经济开发区,四川省,都江堰,省政府,经济开发区,2001.03,553.58,机械、医药、食品,103.669066,31.029867,103.666931,31.032356,四川省成都市都江堰市经济开发区,未知,ok,1114.87,48.0036,42.9087,170347.3624,4.212,733.0,0.0,733.0,733.0,17183.0,18874.2941,1925178.0,41416.0,36249.3137,3697430.0,269656.0,70137.8824,7154064.0,394833.0,87283.3235,8902899.0,400428.0,89584.6078,9137630.0,2000,2010,3697430.0,7154064.0,3456634.0
1586,S517046,四川邛崃经济开发区,四川省,邛崃,省政府,经济开发区,2005.09,1197.57,食品饮料、医药,103.464176,30.41029,103.461917,30.412858,四川省成都市邛崃市,区县,ok,1063.371,144.6384,56.0924,325896.6225,1.7989,3586.0,112.0,3474.0,3362.0,339539.0,22880.7212,2379595.0,363086.0,39205.4231,4077364.0,367364.0,58602.4135,6094651.0,369384.0,68932.6731,7168998.0,370924.0,73532.0865,7647337.0,2000,2010,4077364.0,6094651.0,2017287.0
1587,S517047,四川崇州经济开发区,四川省,崇州,省政府,经济开发区,2010.05,1208.85,电子信息、建材、家具,103.696318,30.597202,103.694135,30.599865,四川省成都市崇州市经济开发区,未知,ok,1070.992,37.2875,42.462,223944.5157,0.7188,607.0,13.0,594.0,581.0,7048.0,21233.6117,2187062.0,37274.0,41299.6117,4253860.0,259030.0,91732.0971,9448406.0,361885.0,118286.5728,12183517.0,374388.0,129224.6699,13310141.0,2010,2015,9448406.0,12183517.0,2735111.0
1588,S517037,四川简阳经济开发区,四川省,简阳,省政府,经济开发区,2006.08,176.59,机械、农副食品、橡胶化工,104.486305,30.494188,104.483761,30.496784,四川省成都市简阳市经济开发区,未知,ok,1027.853,13.7574,11.2186,22280.236,5.4478,17415.0,22.0,17393.0,17371.0,261.0,4762.534,490541.0,264.0,5851.3204,602686.0,26794.0,11619.2718,1196785.0,45156.0,16166.0194,1665100.0,57203.0,24090.534,2481325.0,2000,2010,602686.0,1196785.0,594099.0
1590,S517049,四川荣县经济开发区,四川省,荣县,省政府,经济开发区,2009.12,538.76,农副产品加工,104.417438,29.445461,104.414829,29.448071,四川省自贡市荣县,区县,ok,925.649,70.7081,58.1781,117868.9034,0.9869,2225.0,8.0,2217.0,2209.0,54043.0,13526.5784,1379711.0,93764.0,21110.8431,2153306.0,196762.0,34387.1961,3507494.0,249103.0,42325.8039,4317232.0,266492.0,47397.9608,4834592.0,2000,2010,2153306.0,3507494.0,1354188.0
1591,S517050,四川富顺晨光经济开发区,四川省,富顺晨光,省政府,经济开发区,2007.12,801.1,化工、新材料、汽车零部件,104.975193,29.181779,104.972341,29.184803,四川省自贡市富顺县,区县,ok,875.818,81.3201,28.9375,211880.453,2.9461,277.0,2.0,275.0,273.0,6134.0,15285.21,1528521.0,249693.0,28832.69,2883269.0,302126.0,41877.93,4187793.0,333868.0,50349.93,5034993.0,338189.0,59065.73,5906573.0,2000,2010,2883269.0,4187793.0,1304524.0
1595,S517054,四川泸州纳溪经济开发区,四川省,泸州纳溪,省政府,经济开发区,2012.03,806.54,化学制品、酿酒、饮料、非金属矿物制品,105.415616,28.822457,105.412013,28.8255,四川省泸州市纳溪区四川泸州纳溪经济开发区,住宅区,ok,822.169,44.6412,24.721,126151.3063,9.3807,776.0,10.0,766.0,756.0,0.0,10764.4286,1130265.0,595.0,17555.4667,1843324.0,115448.0,36042.7143,3784485.0,186700.0,48526.1905,5095250.0,206076.0,57707.7048,6059309.0,2010,2015,3784485.0,5095250.0,1310765.0
1596,S517055,四川泸县经济开发区,四川省,泸县,省政府,经济开发区,2011.05,314.41,酿酒、精细化工、新材料,105.381879,29.1516,105.378293,29.154391,四川省泸州市泸县,区县,ok,857.134,108.5578,44.3539,133549.6753,10.3679,5293.0,165.0,5128.0,4963.0,70183.0,6574.56,657456.0,315803.0,18337.76,1833776.0,323606.0,31955.89,3195589.0,327000.0,40023.88,4002388.0,328356.0,46763.63,4676363.0,2010,2015,3195589.0,4002388.0,806799.0
1599,S517058,四川古蔺经济开发区,四川省,古蔺,省政府,经济开发区,2011.02,172.45,酿酒,106.296622,27.843889,106.292903,27.847236,四川省泸州市古蔺县古蔺经济开发区,住宅区,ok,690.01,55.9007,27.9962,63411.3665,16.8633,3449.0,520.0,2929.0,2409.0,4478.0,827.5,81095.0,9546.0,1383.398,135573.0,16366.0,3520.3878,344998.0,19105.0,5603.2041,549114.0,19331.0,9963.9082,976463.0,2010,2015,344998.0,549114.0,204116.0
1601,S517060,四川罗江经济开发区,四川省,罗江,省政府,经济开发区,2012.12,262.39,新材料、电子信息、机械,104.510457,31.317388,104.507941,31.319658,四川省德阳市罗江区,区县,ok,1111.1,18.6316,15.1948,93341.3648,0.4133,2660.0,36.0,2624.0,2588.0,26928.0,10854.4216,1107151.0,111744.0,19031.9314,1941257.0,120793.0,27907.2745,2846542.0,129824.0,33894.5196,3457241.0,158200.0,43076.3431,4393787.0,2010,2015,2846542.0,3457241.0,610699.0
1602,S517061,四川什邡经济开发区,四川省,什邡,省政府,经济开发区,2010.05,827.72,食品、化工、金属制品,104.11024,31.189823,104.107674,31.191939,四川省德阳市什邡市四川什邡经济开发区,住宅区,ok,1112.889,,13.6598,67056.1494,0.3764,276.0,3.0,273.0,270.0,14021.0,19317.8058,1989734.0,38409.0,35665.5825,3673555.0,57337.0,53548.8641,5515533.0,74630.0,63115.1942,6500865.0,108892.0,71445.7767,7358915.0,2010,2015,5515533.0,6500865.0,985332.0
1603,S517062,四川绵竹经济开发区,四川省,绵竹,省政府,经济开发区,2010.05,535.51,化工、建材、医药、装备制造,104.223159,31.289028,104.220751,31.291268,四川省德阳市绵竹市经济开发区,未知,ok,1118.657,12.4435,13.2062,122685.9759,0.2731,139.0,0.0,139.0,139.0,7884.0,18899.88,1889988.0,11913.0,30638.95,3063895.0,67098.0,48618.53,4861853.0,95061.0,58518.34,5851834.0,114761.0,64034.23,6403423.0,2010,2015,4861853.0,5851834.0,989981.0
1606,S517064,四川绵阳游仙经济开发区,四川省,绵阳游仙,省政府,经济开发区,2013.04,545.59,节能环保、新材料、通信,104.822923,31.400028,104.820157,31.402321,四川省绵阳市游仙区四川绵阳游仙经济开发区,住宅区,ok,1109.074,18.4862,16.6923,121303.1414,0.7153,2409.0,750.0,1659.0,909.0,234.0,6400.9804,652900.0,550.0,15254.0882,1555917.0,2267.0,39414.2157,4020250.0,4749.0,55300.3235,5640633.0,19885.0,74229.5882,7571418.0,2010,2015,4020250.0,5640633.0,1620383.0
1609,S517066,四川盐亭经济开发区,四川省,盐亭,省政府,经济开发区,2014.07,660.25,医药、建材、机电,105.413088,31.189988,105.409349,31.192085,四川省绵阳市盐亭县四川盐亭经济开发区,住宅区,ok,1069.028,33.3034,34.4314,81636.9365,11.2264,2741.0,300.0,2441.0,2141.0,101.0,6024.43,602443.0,348.0,9361.32,936132.0,4951.0,16535.39,1653539.0,8500.0,21055.16,2105516.0,9490.0,24178.23,2417823.0,2010,2015,1653539.0,2105516.0,451977.0
1610,S517067,四川梓潼经济开发区,四川省,梓潼,省政府,经济开发区,2014.07,417.35,食品、轻纺、机械,105.145747,31.612822,105.142313,31.614857,四川省绵阳市梓潼县四川梓潼经济开发区,住宅区,ok,1121.398,25.036,14.8561,86655.4351,1.6052,1278.0,162.0,1116.0,954.0,30216.0,9129.1616,903787.0,98787.0,16583.7071,1641787.0,220070.0,27944.6263,2766518.0,274024.0,34645.0202,3429857.0,288893.0,38960.1818,3857058.0,2010,2015,2766518.0,3429857.0,663339.0
1611,S517068,四川北川经济开发区,四川省,北川,省政府,经济开发区,2012.06,355.36,电子、新材料、食品,104.468163,31.617192,104.46552,31.619286,四川省绵阳市北川羌族自治县,区县,ok,1143.48,41.363,33.1528,59343.5301,3.0762,5974.0,229.0,5745.0,5516.0,516.0,5763.4694,564820.0,1343.0,9540.8469,935003.0,90159.0,21113.2653,2069100.0,164566.0,29163.7959,2858052.0,215387.0,36912.6939,3617444.0,2010,2015,2069100.0,2858052.0,788952.0
1613,S517069,四川广元昭化经济开发区,四川省,广元昭化,省政府,经济开发区,2007.09,239.19,食品饮料、建材、电子,105.957612,32.333173,105.953878,32.33557,四川省广元市昭化区,区县,ok,1178.092,30.7189,23.8908,53372.0293,16.6787,6695.0,311.0,6384.0,6073.0,6610.0,4277.3204,440564.0,15906.0,6412.0388,660440.0,22411.0,10024.699,1032544.0,28333.0,12315.3495,1268481.0,48519.0,15032.0777,1548304.0,2000,2010,660440.0,1032544.0,372104.0
1614,S517070,四川广元朝天经济开发区,四川省,广元朝天,省政府,经济开发区,2015.12,250.65,建材、农产品加工,105.882848,32.651352,105.879182,32.653751,四川省广元市朝天区,区县,ok,1214.055,,6.241,10266.377,9.5378,837.0,152.0,685.0,533.0,10627.0,1816.8515,183502.0,22470.0,2610.9208,263703.0,30033.0,3675.3168,371207.0,34912.0,4447.7129,449219.0,44458.0,6085.5347,614639.0,2015,2020,449219.0,614639.0,165420.0
1615,S517071,四川旺苍经济开发区,四川省,旺苍,省政府,经济开发区,2012.12,333.88,煤资源综合利用、生物资源综合利用、机械,106.237601,32.209775,106.233674,32.212036,四川省广元市旺苍县经济开发区,未知,ok,1159.12,14.5783,20.1697,35760.9429,18.918,1525.0,117.0,1408.0,1291.0,31629.0,15491.7941,1580163.0,54587.0,21132.3235,2155497.0,98708.0,28053.5686,2861464.0,118080.0,31706.2745,3234040.0,122245.0,33560.6765,3423189.0,2010,2015,2861464.0,3234040.0,372576.0
1616,S517072,四川青川经济开发区,四川省,青川,省政府,经济开发区,2011.12,398.62,矿产品加工、节能环保、新材料,105.238498,32.575821,105.235063,32.578077,四川省广元市青川县,区县,ok,1220.997,34.3481,21.9877,16029.0002,15.5956,1840.0,266.0,1574.0,1308.0,44622.0,4456.6961,454583.0,62099.0,5671.0392,578446.0,95075.0,7885.5784,804329.0,108268.0,9054.1471,923523.0,108275.0,9284.4412,947013.0,2010,2015,804329.0,923523.0,119194.0
1617,S517073,四川剑阁经济开发区,四川省,剑阁,省政府,经济开发区,2013.12,212.98,新能源、新材料、食品、建材,105.53392,32.304039,105.530344,32.306421,四川省广元市剑阁县四川剑阁经济开发区,住宅区,ok,1184.547,12.3493,11.1852,12191.8856,19.8189,2021.0,302.0,1719.0,1417.0,4720.0,2906.2959,284817.0,10313.0,6574.3163,644283.0,98034.0,13393.5306,1312566.0,145982.0,17134.2551,1679157.0,161376.0,19560.7041,1916949.0,2010,2015,1312566.0,1679157.0,366591.0
1618,S517074,四川苍溪经济开发区,四川省,苍溪,省政府,经济开发区,2014.07,155.1,农副产品加工、天然气加工、电子,105.943482,31.694625,105.939825,31.696939,四川省广元市苍溪县经济开发区,未知,ok,1109.478,,34.6664,52138.3003,4.317,2410.0,160.0,2250.0,2090.0,2187.0,6787.37,678737.0,2266.0,12415.0,1241500.0,2850.0,17857.0,1785700.0,6785.0,21691.28,2169128.0,25591.0,27963.36,2796336.0,2010,2015,1785700.0,2169128.0,383428.0
1619,S517075,四川遂宁安居经济开发区,四川省,遂宁安居,省政府,经济开发区,2007.03,1296.61,机械、天然气化工,105.45636,30.355091,105.452705,30.357624,四川省遂宁市安居区,区县,ok,979.752,36.2019,25.6397,45125.884,6.0939,1969.0,45.0,1924.0,1879.0,4356.0,1986.3762,200624.0,11625.0,3605.7822,364184.0,92671.0,11624.7525,1174100.0,148269.0,18095.3069,1827626.0,185299.0,27901.1386,2818015.0,2000,2010,364184.0,1174100.0,809916.0
1620,S517076,四川蓬溪经济开发区,四川省,蓬溪,省政府,经济开发区,2009.12,663.96,家具、服装、食品饮料,105.707498,30.75763,105.703839,30.760175,四川省遂宁市蓬溪县,区县,ok,1015.033,86.1759,62.1124,94845.5699,7.3585,1978.0,22.0,1956.0,1934.0,999.0,4379.8416,442364.0,2889.0,7267.8119,734049.0,22266.0,15950.3861,1610989.0,42264.0,21616.4257,2183259.0,76193.0,27309.6139,2758271.0,2000,2010,734049.0,1610989.0,876940.0
1621,S517077,四川射洪经济开发区,四川省,射洪,省政府,经济开发区,2012.05,925.76,新材料、机电、精细化工,105.40019,30.866884,105.396479,30.869157,四川省遂宁市射洪市经济开发区,未知,ok,1035.283,53.9714,47.2221,342407.6213,8.5444,519.0,71.0,448.0,377.0,11591.0,14649.8235,1494282.0,21039.0,28342.902,2890976.0,25987.0,46951.2157,4789024.0,31000.0,58834.1667,6001085.0,48020.0,70469.7255,7187912.0,2010,2015,4789024.0,6001085.0,1212061.0
1622,S517078,四川大英经济开发区,四川省,大英,省政府,经济开发区,2001.12,541.16,石化、纺织、机电,105.263414,30.585533,105.260065,30.588126,四川省遂宁市大英县四川大英经济开发区,住宅区,ok,1009.933,42.9999,40.3989,192904.8993,5.2072,1833.0,0.0,1833.0,1833.0,21797.0,5143.5588,524643.0,27599.0,10917.5784,1113593.0,37537.0,21345.598,2177251.0,53276.0,29047.7647,2962872.0,61583.0,40029.2941,4082988.0,2000,2010,1113593.0,2177251.0,1063658.0
1623,S517079,四川内江东兴经济开发区,四川省,内江东兴,省政府,经济开发区,2010.04,390.99,资源综合利用、精细化工、食品,105.075808,29.600866,105.072531,29.603412,四川省内江市东兴区经济开发区,未知,ok,914.452,211.152,60.8958,405079.0894,2.1674,672.0,16.0,656.0,640.0,100289.0,38018.55,3801855.0,299850.0,56353.21,5635321.0,318527.0,73350.18,7335018.0,326363.0,83246.25,8324625.0,328202.0,90997.87,9099787.0,2010,2015,7335018.0,8324625.0,989607.0
1624,S517080,四川威远经济开发区,四川省,威远,省政府,经济开发区,2008.01,330.0,钒钛钢铁、节能环保、新材料,104.483084,29.700139,104.480568,29.702791,四川省内江市威远县四川威远经开区,住宅区,ok,948.085,17.3609,16.9967,100790.1769,26.3519,4221.0,256.0,3965.0,3709.0,1074.0,5111.9903,526535.0,2301.0,8670.8544,893098.0,9677.0,14918.4078,1536596.0,18421.0,18743.3981,1930570.0,44665.0,22284.6408,2295318.0,2000,2010,893098.0,1536596.0,643498.0
1625,S517022,四川资中经济开发区,四川省,资中,省政府,经济开发区,2006.12,402.97,食品、农副产品加工、机械,104.844034,29.747838,104.841369,29.750652,四川省内江市资中县经济开发区,未知,ok,938.265,34.9489,34.5217,201054.6352,2.8289,761.0,1.0,760.0,759.0,7484.0,15077.4184,1477587.0,30503.0,23480.949,2301133.0,58314.0,35541.1327,3483031.0,70563.0,42366.0306,4151871.0,72663.0,46823.3061,4588684.0,2000,2010,2301133.0,3483031.0,1181898.0
1626,S517081,四川乐山沙湾经济开发区,四川省,乐山沙湾,省政府,经济开发区,2009.05,615.83,不锈钢、钒钛钢、机械,103.550118,29.412404,103.548131,29.415356,四川省乐山市沙湾区,区县,ok,980.719,62.6936,56.4507,86990.502,19.196,13342.0,811.0,12531.0,11720.0,289284.0,21161.4752,2137309.0,292206.0,25100.7129,2535172.0,292877.0,27100.0594,2737106.0,293926.0,28180.1683,2846197.0,297648.0,29210.1386,2950224.0,2000,2010,2535172.0,2737106.0,201934.0
1627,S517082,四川犍为经济开发区,四川省,犍为,省政府,经济开发区,2008.05,61.4,建材、竹浆纸、机械,103.949231,29.208118,103.94715,29.211197,四川省乐山市犍为县,区县,ok,924.497,124.4173,62.1939,128492.5275,7.9701,1075.0,0.0,1075.0,1075.0,199618.0,13500.2376,1363524.0,210230.0,24315.8416,2455900.0,210831.0,29087.5545,2937843.0,211285.0,31878.6733,3219746.0,212350.0,34439.198,3478359.0,2000,2010,2455900.0,2937843.0,481943.0
1628,S517083,四川井研经济开发区,四川省,井研,省政府,经济开发区,2008.05,255.39,农副食品、纺织,104.06968,29.65165,104.067211,29.654201,四川省乐山市井研县,区县,ok,961.543,87.8617,70.5555,94614.9686,17.8792,1740.0,8.0,1732.0,1724.0,143984.0,5503.5204,539345.0,225259.0,10979.5918,1076000.0,251582.0,17852.1122,1749507.0,264964.0,22334.5612,2188787.0,268762.0,26409.8061,2588161.0,2000,2010,1076000.0,1749507.0,673507.0
1629,S517025,四川夹江经济开发区,四川省,夹江,省政府,经济开发区,2006.08,108.55,陶瓷、新材料,103.664438,29.781841,103.662366,29.78465,四川省乐山市夹江县经济开发区,未知,ok,993.307,25.1249,15.71,33792.2678,11.2236,29248.0,95.0,29153.0,29058.0,2000.0,3502.3267,353735.0,29386.0,14024.604,1416485.0,69237.0,27813.4554,2809159.0,92278.0,35472.5446,3582727.0,100539.0,40525.0099,4093026.0,2000,2010,1416485.0,2809159.0,1392674.0
1630,S517084,四川峨眉山经济开发区,四川省,峨眉山,省政府,经济开发区,2006.08,248.31,建材、食品饮料、机械,103.484557,29.601189,103.482385,29.603882,四川省乐山市峨眉山市,区县,ok,985.14,47.8605,27.2685,232354.8152,9.6854,1248.0,25.0,1223.0,1198.0,243829.0,17963.5149,1814315.0,308435.0,39359.0594,3975265.0,334505.0,63951.9505,6459147.0,346536.0,77096.7327,7786770.0,348191.0,81189.8911,8200179.0,2000,2010,3975265.0,6459147.0,2483882.0
1632,S517086,四川南充航空港经济开发区,四川省,南充航空港,省政府,经济开发区,2007.06,1028.61,电子、服装、建材,106.165027,30.781165,106.161087,30.783552,四川省南充市高坪区南充航空港,住宅区,ok,1006.101,40.6473,40.5285,159641.8923,5.9982,3003.0,147.0,2856.0,2709.0,143.0,7159.8058,737460.0,159.0,13026.7476,1341755.0,16971.0,30030.767,3093169.0,61893.0,41884.4369,4314097.0,210427.0,53718.5534,5533011.0,2000,2010,1341755.0,3093169.0,1751414.0
1633,S517027,四川南充经济开发区,四川省,南充,省政府,经济开发区,1993.05,725.94,石化、生物新能源、化工,106.110565,30.837235,106.106546,30.839517,四川省南充市,市,ok,1013.38,47.6208,45.166,378987.7563,2.2065,2915.0,0.0,2915.0,2915.0,4068.0,20910.2136,2153752.0,56281.0,38225.2718,3937203.0,201928.0,65698.3883,6766934.0,281004.0,83314.8058,8581425.0,304600.0,96859.0291,9976480.0,1990,2000,2153752.0,3937203.0,1783451.0
1634,S517087,四川南部经济开发区,四川省,南部,省政府,经济开发区,2010.05,591.45,机械、建材、食品、医药,106.092781,31.366934,106.088728,31.368948,四川省南充市南部县四川南部经济开发区,住宅区,ok,1070.809,32.7054,27.8886,154921.1907,4.8639,2356.0,840.0,1516.0,676.0,1562.0,8633.43,863343.0,8872.0,20788.12,2078812.0,146248.0,34709.96,3470996.0,214422.0,42710.87,4271087.0,226974.0,47229.89,4722989.0,2010,2015,3470996.0,4271087.0,800091.0
1635,S517088,四川营山经济开发区,四川省,营山,省政府,经济开发区,2016.05,386.85,机械、农产品加工、建材,106.602123,31.064514,106.598341,31.067026,四川省南充市营山县经济开发区,未知,ok,1027.849,,25.7261,111059.7609,3.3528,2074.0,338.0,1736.0,1398.0,412.0,5848.9126,602438.0,428.0,11360.5534,1170137.0,513.0,23428.8641,2413173.0,801.0,30763.8447,3168676.0,2243.0,36454.4563,3754809.0,2015,2020,3168676.0,3754809.0,586133.0
1637,S517089,四川仪陇经济开发区,四川省,仪陇,省政府,经济开发区,2006.09,429.1,农副产品加工、鞋帽、电子,106.28096,31.244741,106.277067,31.246964,四川省南充市仪陇县经济开发区,未知,ok,1053.609,59.2568,44.8616,75053.4142,4.0226,3552.0,345.0,3207.0,2862.0,0.0,2423.0,242300.0,0.0,4638.14,463814.0,109754.0,16081.18,1608118.0,186081.0,23781.16,2378116.0,220499.0,28959.5,2895950.0,2000,2010,463814.0,1608118.0,1144304.0
1638,S517090,四川西充经济开发区,四川省,西充,省政府,经济开发区,2009.12,404.0,机械、生物科技、农产品加工,105.900894,30.995546,105.897334,30.998108,四川省南充市西充县,区县,ok,1035.413,45.9726,32.7728,139546.4781,8.2265,3745.0,94.0,3651.0,3557.0,4485.0,5709.8788,565278.0,67180.0,12023.8081,1190357.0,136751.0,22700.0101,2247301.0,182267.0,29117.3737,2882620.0,197806.0,34337.7879,3399441.0,2000,2010,1190357.0,2247301.0,1056944.0
1639,S517091,四川阆中经济开发区,四川省,阆中,省政府,经济开发区,2016.05,439.45,食品、新材料、新能源,106.005046,31.558356,106.001195,31.560505,四川省南充市阆中市,区县,ok,1093.403,38.8184,44.3838,213441.7951,4.1932,1621.0,925.0,696.0,-229.0,1253.0,13887.4554,1402633.0,96968.0,24050.9703,2429148.0,214662.0,44887.5149,4533639.0,272499.0,57969.3663,5854906.0,280250.0,67319.5149,6799271.0,2015,2020,5854906.0,6799271.0,944365.0
1640,S517034,四川眉山经济开发区,四川省,眉山,省政府,经济开发区,2006.02,1013.81,医药、化工、食品、机械,103.848724,30.085734,103.846622,30.088556,四川省眉山市东坡区眉山经济开发区,住宅区,ok,1014.04,30.3486,20.7918,181657.5559,2.5795,2083.0,17.0,2066.0,2049.0,14749.0,19225.7347,1884122.0,42357.0,49257.9694,4827281.0,134519.0,83516.7449,8184641.0,183172.0,102011.9388,9997170.0,200094.0,113296.5816,11103065.0,2000,2010,4827281.0,8184641.0,3357360.0
1642,S517035,四川彭山经济开发区,四川省,彭山,省政府,经济开发区,2006.02,331.04,精细化工、新材料、装备制造,103.832567,30.214541,103.830429,30.217332,四川省眉山市彭山区四川彭山经济开发区,兴趣点,ok,1027.367,6.6613,9.9596,78840.2246,2.9701,3465.0,22.0,3443.0,3421.0,5607.0,16956.8283,1678726.0,9461.0,29400.0101,2910601.0,28709.0,41793.0,4137507.0,38957.0,48467.3535,4798268.0,42816.0,52596.9293,5207096.0,2000,2010,2910601.0,4137507.0,1226906.0
1643,S517093,四川仁寿经济开发区,四川省,仁寿,省政府,经济开发区,2012.08,361.77,农副产品加工、医药、建材,104.152829,29.98101,104.150368,29.983566,四川省眉山市仁寿县四川仁寿经济开发区,住宅区,ok,990.156,36.9835,22.2945,167810.8375,8.7681,1005.0,78.0,927.0,849.0,894.0,11186.604,1129847.0,8681.0,21292.3762,2150530.0,156196.0,38268.901,3865159.0,230261.0,49847.5545,5034603.0,244364.0,59595.8614,6019182.0,2010,2015,3865159.0,5034603.0,1169444.0
1644,S517094,四川洪雅经济开发区,四川省,洪雅,省政府,经济开发区,2005.11,111.0,食品、机械、电子,103.395423,29.875055,103.393129,29.877568,四川省眉山市洪雅县经济开发区,未知,ok,1015.531,12.9001,19.1921,78745.2539,19.5374,2229.0,114.0,2115.0,2001.0,1704.0,10594.07,1059407.0,6010.0,18366.54,1836654.0,47965.0,37790.23,3779023.0,79383.0,49481.64,4948164.0,100987.0,54537.83,5453783.0,2000,2010,1836654.0,3779023.0,1942369.0
1645,S517095,四川丹棱经济开发区,四川省,丹棱,省政府,经济开发区,2014.03,292.99,机械、建材、新材料,103.525619,30.019769,103.523551,30.022538,四川省眉山市丹棱县四川丹棱经济开发区,住宅区,ok,1022.844,26.4277,17.4463,49251.0394,4.5139,4398.0,904.0,3494.0,2590.0,43433.0,10878.703,1098749.0,92625.0,18096.6139,1827758.0,218872.0,34692.7525,3503968.0,275631.0,43836.0,4427436.0,278632.0,49791.2475,5028916.0,2010,2015,3503968.0,4427436.0,923468.0
1646,S517096,四川青神经济开发区,四川省,青神,省政府,经济开发区,2006.04,182.58,机械、日用化工,103.826091,29.850579,103.823955,29.853362,四川省眉山市青神县经济开发区,未知,ok,992.211,,15.481,78782.7227,9.6813,10663.0,83.0,10580.0,10497.0,7209.0,7867.65,786765.0,12297.0,17063.61,1706361.0,81165.0,33037.1,3303710.0,115476.0,41395.67,4139567.0,137295.0,44105.6,4410560.0,2000,2010,1706361.0,3303710.0,1597349.0
1647,S517097,四川宜宾南溪经济开发区,四川省,宜宾南溪,省政府,经济开发区,2007.07,560.66,食品饮料、轻工、医药,104.889148,28.80399,104.88654,28.807416,四川省宜宾市南溪区四川宜宾南溪经济开发区,住宅区,ok,841.595,57.6613,25.2142,53958.4847,3.8564,1918.0,3.0,1915.0,1912.0,1694.0,2116.4,211640.0,10972.0,3456.97,345697.0,104469.0,7767.93,776793.0,163588.0,10581.41,1058141.0,200463.0,13359.33,1335933.0,2000,2010,345697.0,776793.0,431096.0
1649,S517099,四川江安经济开发区,四川省,江安,省政府,经济开发区,2007.09,515.01,化工、竹木制品、食品,105.066982,28.723797,105.063774,28.726929,四川省宜宾市江安县,区县,ok,826.035,62.058,40.6542,63705.1686,13.5104,1317.0,4.0,1313.0,1309.0,46313.0,5230.5,512589.0,164114.0,8657.2959,848415.0,216145.0,13912.551,1363430.0,245324.0,17706.1122,1735199.0,273536.0,24345.7653,2385885.0,2000,2010,848415.0,1363430.0,515015.0
1650,S517100,四川长宁经济开发区,四川省,长宁,省政府,经济开发区,2008.07,254.85,农产品加工、新材料,104.931587,28.610811,104.92892,28.614338,四川省宜宾市长宁县经济开发区,未知,ok,820.587,47.9901,45.6876,58160.3416,15.5412,1465.0,30.0,1435.0,1405.0,633.0,4234.0909,419175.0,886.0,7158.6263,708704.0,41958.0,14296.5859,1415362.0,63202.0,19070.8081,1888010.0,75420.0,23105.7879,2287473.0,2000,2010,708704.0,1415362.0,706658.0
1651,S517101,四川高县经济开发区,四川省,高县,省政府,经济开发区,2014.01,160.46,农副产品加工、能源、医药,104.517748,28.436166,104.515379,28.439651,四川省宜宾市高县,区县,ok,822.692,63.1172,49.1994,38031.1081,16.716,2447.0,513.0,1934.0,1421.0,31684.0,2942.9307,297236.0,121187.0,4801.2673,484928.0,196131.0,8971.396,906111.0,230776.0,11690.9604,1180787.0,232074.0,13569.0693,1370476.0,2010,2015,906111.0,1180787.0,274676.0
1652,S517102,四川珙县经济开发区,四川省,珙县,省政府,经济开发区,2007.12,295.02,能源、建材、化工,104.708986,28.439514,104.706421,28.442973,四川省宜宾市珙县,区县,ok,813.86,75.3974,50.12,85304.3155,21.6439,6142.0,356.0,5786.0,5430.0,107047.0,9519.3107,980489.0,184213.0,13877.7282,1429406.0,198569.0,18359.233,1891001.0,204311.0,20812.932,2143732.0,204311.0,22402.9515,2307504.0,2000,2010,1429406.0,1891001.0,461595.0
1653,S517103,四川筠连经济开发区,四川省,筠连,省政府,经济开发区,2007.10,277.48,煤炭、建材、农产品加工,104.511159,28.167981,104.508785,28.171469,四川省宜宾市筠连县,区县,ok,797.476,146.4415,88.6741,101709.1377,24.6928,2893.0,191.0,2702.0,2511.0,88720.0,6206.5,645476.0,93354.0,8506.9904,884727.0,107042.0,12911.8846,1342836.0,113356.0,15552.6923,1617480.0,118310.0,17636.4423,1834190.0,2000,2010,884727.0,1342836.0,458109.0
1654,S517104,四川兴文经济开发区,四川省,兴文,省政府,经济开发区,2009.07,166.92,食品、环保,105.262244,28.362697,105.259015,28.366133,四川省宜宾市兴文县四川兴文经济开发区,住宅区,ok,781.719,20.0271,15.5119,30511.9847,26.4818,2260.0,47.0,2213.0,2166.0,396.0,641.4757,66072.0,1054.0,1081.3107,111375.0,5298.0,2057.2524,211897.0,7753.0,3017.5243,310805.0,11563.0,5442.5631,560584.0,2000,2010,111375.0,211897.0,100522.0
1655,S517105,四川屏山经济开发区,四川省,屏山,省政府,经济开发区,2012.12,350.23,轻纺、农副产品加工、化工,104.346138,28.82867,104.343655,28.831775,四川省宜宾市屏山县,区县,ok,868.761,89.3212,54.7503,78402.4129,12.4179,9373.0,1301.0,8072.0,6771.0,966.0,1292.4272,133120.0,1221.0,1558.5049,160526.0,18852.0,9765.233,1005819.0,33621.0,15807.8932,1628213.0,35435.0,21471.534,2211568.0,2010,2015,1005819.0,1628213.0,622394.0
1656,S517106,四川广安临港经济开发区,四川省,广安临港,省政府,经济开发区,2014.02,588.0,电力、农副食品、包装,106.666443,30.419087,106.662569,30.421816,四川省广安市广安区四川广安临港经济开发区,住宅区,ok,956.476,12.1057,17.8632,106161.1499,8.4643,2184.0,52.0,2132.0,2080.0,770.0,2345.2157,239212.0,2048.0,12500.5882,1275060.0,3758.0,21235.902,2166062.0,7093.0,27837.6373,2839439.0,18964.0,35929.098,3664768.0,2010,2015,2166062.0,2839439.0,673377.0
1657,S517107,四川岳池经济开发区,四川省,岳池,省政府,经济开发区,2013.11,292.55,农副食品、医药、机械,106.440056,30.538656,106.435997,30.541098,四川省广安市岳池县,区县,ok,973.919,27.436,14.5128,143734.4748,6.0379,540.0,211.0,329.0,118.0,73788.0,7989.2353,814902.0,90513.0,15328.6765,1563525.0,110261.0,32826.7451,3348328.0,119774.0,44122.6569,4500511.0,121656.0,52977.1569,5403670.0,2010,2015,3348328.0,4500511.0,1152183.0
1658,S517108,四川武胜经济开发区,四川省,武胜,省政府,经济开发区,2010.05,840.44,金属制品、农副产品加工、医药,106.316431,30.356078,106.31252,30.358646,四川省广安市武胜县四川武胜经济开发区,住宅区,ok,956.895,19.2636,20.8849,136712.6163,5.8359,491.0,23.0,468.0,445.0,1568.0,5390.5743,544448.0,2066.0,11783.0891,1190092.0,52832.0,21460.6733,2167528.0,87554.0,28296.7723,2857974.0,114269.0,36733.4554,3710079.0,2010,2015,2167528.0,2857974.0,690446.0
1660,S517110,四川华蓥山经济开发区,四川省,华蓥山,省政府,经济开发区,2014.09,538.72,电子信息、机械、建材,106.867421,30.410599,106.86347,30.413383,四川省广安市华蓥市华蓥山,住宅区,ok,951.962,19.8935,13.5098,16049.6849,34.6074,5814.0,1879.0,3935.0,2056.0,64574.0,3367.3762,340105.0,81893.0,5289.9703,534287.0,91735.0,7181.6535,725347.0,96856.0,8271.3069,835402.0,97528.0,9433.2673,952760.0,2010,2015,725347.0,835402.0,110055.0
1661,S517111,四川达州通川经济开发区,四川省,达州通川,省政府,经济开发区,2008.04,876.51,金属冶炼加工、食品、建材,107.505053,31.214665,107.500515,31.216916,四川省达州市通川区,区县,ok,1031.898,111.2299,47.8575,373144.643,10.4802,2410.0,102.0,2308.0,2206.0,201917.0,37741.7184,3887397.0,210030.0,54810.4369,5645475.0,214860.0,67821.3301,6985597.0,220913.0,76747.1068,7904952.0,242852.0,89141.2718,9181551.0,2000,2010,5645475.0,6985597.0,1340122.0
1662,S517031,四川达州经济开发区,四川省,达州,省政府,经济开发区,2003.03,1426.84,能源、化工、机械,107.492755,31.160016,107.48818,31.162256,四川省达州市经济开发区,未知,ok,1025.984,34.6792,42.9985,301075.643,9.6156,7151.0,3.0,7148.0,7145.0,5188.0,19949.1524,2094661.0,14695.0,29717.8667,3120376.0,35894.0,42732.7429,4486938.0,49127.0,51535.6286,5411241.0,75214.0,61947.0571,6504441.0,2000,2010,3120376.0,4486938.0,1366562.0
1663,S517112,四川达州普光经济开发区,四川省,达州普光,省政府,经济开发区,2008.04,324.51,天然气化工、建材、新材料,107.685268,31.433967,107.680769,31.436192,四川省达州市宣汉县普光经济开发区,住宅区,ok,1054.437,28.7754,16.8863,33823.2567,19.4328,1692.0,68.0,1624.0,1556.0,2465.0,2362.9505,238658.0,3169.0,3191.3069,322322.0,60879.0,5789.8515,584775.0,90076.0,7598.3267,767431.0,106459.0,9356.6733,945024.0,2000,2010,322322.0,584775.0,262453.0
1664,S517113,四川开江经济开发区,四川省,开江,省政府,经济开发区,2008.02,118.13,五金、农副产品加工、电子,107.868609,31.082945,107.864278,31.085405,四川省达州市开江县,区县,ok,1014.296,45.837,30.6901,72704.7752,6.5799,751.0,1.0,750.0,749.0,217346.0,10820.534,1114515.0,275116.0,17884.9223,1842147.0,292967.0,30164.0388,3106896.0,303072.0,36971.0194,3808015.0,303083.0,39686.3689,4087696.0,2000,2010,1842147.0,3106896.0,1264749.0
1665,S517114,四川大竹经济开发区,四川省,大竹,省政府,经济开发区,2011.02,603.92,建材、能源、电子,107.231098,30.735054,107.226674,30.737549,四川省达州市大竹县四川大竹经济开发区,住宅区,ok,982.112,38.9688,47.9283,304057.2229,2.2502,720.0,0.0,720.0,720.0,20715.0,18182.8824,1854654.0,30261.0,25043.2647,2554413.0,79386.0,41111.2843,4193351.0,109622.0,50057.4902,5105864.0,117511.0,54763.8137,5585909.0,2010,2015,4193351.0,5105864.0,912513.0
1666,S517115,四川渠县经济开发区,四川省,渠县,省政府,经济开发区,2007.06,241.22,农产品加工、电子、汽摩配件,106.993458,30.800877,106.989223,30.803368,四川省达州市渠县经济开发区,未知,ok,992.603,,30.6761,152736.2989,4.7972,802.0,6.0,796.0,790.0,0.0,12107.3737,1198630.0,0.0,17316.3939,1714323.0,11722.0,27242.0202,2696960.0,24901.0,33929.1919,3358990.0,34038.0,40817.0202,4040885.0,2000,2010,1714323.0,2696960.0,982637.0
1667,S517030,四川雅安经济开发区,四川省,雅安,省政府,经济开发区,2006.02,646.02,新材料、机械,103.105753,30.056641,103.103648,30.059156,四川省雅安市名山区四川雅安经济开发区,住宅区,ok,1062.426,28.972,28.1897,42820.1095,22.0888,4340.0,269.0,4071.0,3802.0,2383.0,5545.4653,560092.0,2383.0,9622.9901,971922.0,59556.0,19394.3663,1958831.0,108385.0,25639.8911,2589629.0,185850.0,30582.5743,3088840.0,2000,2010,971922.0,1958831.0,986909.0
1669,S517117,四川荥经经济开发区,四川省,荥经,省政府,经济开发区,2007.03,586.31,合金、建材、宝石加工,102.846537,29.793254,102.844986,29.796092,四川省雅安市荥经县,区县,ok,1044.338,102.1235,43.3884,71721.0316,21.9136,2539.0,225.0,2314.0,2089.0,98437.0,6644.7404,691053.0,106309.0,13358.6923,1389304.0,127114.0,20174.8173,2098181.0,139669.0,24029.4615,2499064.0,146060.0,25674.8654,2670186.0,2000,2010,1389304.0,2098181.0,708877.0
1672,S517120,四川天全经济开发区,四川省,天全,省政府,经济开发区,2008.09,372.18,电冶、建材、新材料,102.771745,30.05728,102.770093,30.059992,四川省雅安市天全县,区县,ok,1074.156,46.1485,36.4491,30106.9601,24.5885,2515.0,475.0,2040.0,1565.0,45852.0,5318.949,521257.0,96037.0,7305.5306,715942.0,211927.0,11589.5102,1135772.0,269065.0,13698.551,1342458.0,270136.0,14247.8163,1396286.0,2000,2010,715942.0,1135772.0,419830.0
1673,S517121,四川芦山经济开发区,四川省,芦山,省政府,经济开发区,2013.11,347.56,纺织、根雕产品、新材料,102.950593,30.175033,102.948964,30.177867,四川省雅安市芦山县经济开发区,未知,ok,1079.993,,28.7258,52999.0657,22.0798,2453.0,386.0,2067.0,1681.0,7806.0,6339.05,633905.0,11601.0,8356.63,835663.0,44800.0,19521.42,1952142.0,70523.0,26536.82,2653682.0,108669.0,30383.24,3038324.0,2010,2015,1952142.0,2653682.0,701540.0
1675,S517033,四川巴中经济开发区,四川省,巴中,省政府,经济开发区,2003.06,879.6,机械、电子、服装,106.780155,31.842954,106.776008,31.845146,四川省巴中市巴州区四川巴中经济开发区,住宅区,ok,1109.865,122.6327,84.9378,417469.4713,9.281,3173.0,8.0,3165.0,3157.0,5053.0,9414.2718,969670.0,18736.0,19910.534,2050785.0,68000.0,31403.0097,3234510.0,96080.0,38831.9417,3999690.0,107819.0,44955.8738,4630455.0,2000,2010,2050785.0,3234510.0,1183725.0
1676,S517123,四川平昌经济开发区,四川省,平昌,省政府,经济开发区,2012.03,348.18,机械、食品饮料、能源,107.103613,31.560436,107.099007,31.562398,四川省巴中市平昌县,区县,ok,1074.371,80.6598,50.1029,351722.1707,16.2916,2623.0,227.0,2396.0,2169.0,97033.0,3972.43,397243.0,126809.0,5363.27,536327.0,141738.0,9872.77,987277.0,153174.0,14392.94,1439294.0,185092.0,23356.63,2335663.0,2010,2015,987277.0,1439294.0,452017.0
1678,S517124,四川安岳经济开发区,四川省,安岳,省政府,经济开发区,2001.10,623.37,农副产品加工、医药、建材,105.35551,30.103623,105.351933,30.10615,四川省资阳市安岳县,区县,ok,956.624,23.6852,16.1021,101217.9424,6.14,1636.0,0.0,1636.0,1636.0,0.0,7840.4646,776206.0,562.0,10834.2222,1072588.0,37341.0,22000.3939,2178039.0,67116.0,30497.9293,3019295.0,92949.0,38838.9798,3845059.0,2000,2010,1072588.0,2178039.0,1105451.0
1679,S517125,四川乐至经济开发区,四川省,乐至,省政府,经济开发区,2010.04,754.65,食品、纺织、汽车及零部件,105.017819,30.310844,105.014714,30.313457,四川省资阳市乐至县经济开发区,未知,ok,989.536,9.1048,11.3941,88839.4166,9.0802,959.0,70.0,889.0,819.0,222.0,5930.4343,587113.0,226.0,10119.0,1001781.0,13180.0,20331.8687,2012855.0,33434.0,27693.4646,2741653.0,106210.0,37844.8485,3746640.0,2010,2015,2012855.0,2741653.0,728798.0
1683,S517128,四川会理有色产业经济开发区,四川省,会理有色,省政府,经济开发区,2006.12,116.2,有色金属,102.244774,26.655047,102.243319,26.658597,四川省凉山彝族自治州会理市,区县,ok,768.47,58.1538,22.3397,142169.9445,5.2711,1474.0,32.0,1442.0,1410.0,247788.0,12999.1224,1273914.0,305620.0,20369.1122,1996173.0,355424.0,32295.4388,3164953.0,376230.0,38153.0714,3739001.0,377293.0,39377.5204,3858997.0,2000,2010,1996173.0,3164953.0,1168780.0
1684,S517129,四川冕宁稀土经济开发区,四川省,冕宁稀土,省政府,经济开发区,2007.12,118.86,稀土、建材,102.176622,28.550145,102.174998,28.55348,四川省凉山彝族自治州冕宁县,区县,ok,948.631,49.8342,20.3384,30995.7519,13.5959,5216.0,52.0,5164.0,5112.0,22787.0,10786.6863,1100242.0,38686.0,14099.1373,1438112.0,69689.0,21082.1471,2150379.0,82421.0,24252.2059,2473725.0,82492.0,24530.1569,2502076.0,2000,2010,1438112.0,2150379.0,712267.0
1685,S527014,贵州乌当经济开发区,贵州省,乌当,省政府,经济开发区,2011.12,422.7,医药、食品、电子信息,106.75069,26.630911,106.746864,26.634414,贵州省贵阳市乌当区,区县,ok,548.307,44.2926,46.0118,322819.0963,15.8111,4896.0,1135.0,3761.0,2626.0,46179.0,30492.68,3049268.0,99237.0,48204.98,4820498.0,133736.0,66187.57,6618757.0,149495.0,76364.74,7636474.0,160206.0,84694.86,8469486.0,2010,2015,6618757.0,7636474.0,1017717.0
1686,S527001,贵州白云经济开发区,贵州省,白云,省政府,经济开发区,1992.05,395.32,铝加工、装备制造、食品,106.623069,26.677932,106.619512,26.68161,贵州省贵阳市白云区,区县,ok,557.488,98.9451,47.62,411151.1126,3.139,3066.0,0.0,3066.0,3066.0,99252.0,34310.4455,3465355.0,177315.0,52190.5545,5271246.0,235846.0,90020.4653,9092067.0,266877.0,110240.8119,11134322.0,269576.0,117802.1485,11898017.0,1990,2000,3465355.0,5271246.0,1805891.0
1687,S527015,贵州开阳经济开发区,贵州省,开阳,省政府,经济开发区,2011.11,676.85,煤化工、建材,106.914387,27.109035,106.91062,27.112641,贵州省贵阳市开阳县经济开发区,未知,ok,593.997,14.8772,14.2237,34051.4368,19.1333,7062.0,860.0,6202.0,5342.0,2867.0,2024.0099,204425.0,3446.0,3073.7624,310450.0,5462.0,4489.1782,453407.0,7205.0,5748.5941,580608.0,7779.0,9137.3861,922876.0,2010,2015,453407.0,580608.0,127201.0
1688,S527016,贵州息烽经济开发区,贵州省,息烽,省政府,经济开发区,2011.11,210.2,煤化工、建材,106.72055,27.102983,106.716735,27.106427,贵州省贵阳市息烽县经济开发区,未知,ok,598.886,,29.2822,47320.0262,11.2848,3081.0,298.0,2783.0,2485.0,2876.0,4909.6566,486056.0,8270.0,9531.0707,943576.0,10837.0,15019.6465,1486945.0,15116.0,18437.8283,1825345.0,32082.0,22254.1717,2203163.0,2010,2015,1486945.0,1825345.0,338400.0
1689,S527002,贵州修文经济开发区,贵州省,修文,省政府,经济开发区,2006.06,651.07,医药、新材料、装备制造,106.716865,26.865927,106.71307,26.869433,贵州省贵阳市修文县贵州修文经济开发区,住宅区,ok,574.042,,20.594,41023.2566,11.6772,4969.0,226.0,4743.0,4517.0,4462.0,5709.8317,576693.0,18763.0,9649.8119,974631.0,49252.0,17239.7129,1741211.0,64612.0,22272.6733,2249540.0,83895.0,29450.8119,2974532.0,2000,2010,974631.0,1741211.0,766580.0
1690,S527017,贵州清镇经济开发区,贵州省,清镇,省政府,经济开发区,2011.08,370.18,铝加工、建材、电力,106.361734,26.604686,106.357936,26.608038,贵州省贵阳市清镇市经济开发区,未知,ok,559.504,,25.7177,39168.075,8.8425,3307.0,1143.0,2164.0,1021.0,34025.0,7766.6566,768899.0,37653.0,9578.8788,948309.0,70985.0,14830.697,1468239.0,92667.0,17729.9697,1755267.0,99155.0,20016.5354,1981637.0,2010,2015,1468239.0,1755267.0,287028.0
1691,S527011,贵州钟山经济开发区,贵州省,钟山,省政府,经济开发区,1992.05,595.46,医药、装备制造,104.902381,26.544094,104.89986,26.547792,贵州省六盘水市水城区六盘水钟山经济开发区,住宅区,ok,628.491,32.579,49.8472,298833.9026,8.4162,1743.0,0.0,1743.0,1743.0,6986.0,20185.1143,2119437.0,22347.0,39994.2095,4199392.0,54447.0,59235.4286,6219720.0,81096.0,70616.2762,7414709.0,152770.0,82194.581,8630431.0,1990,2000,2119437.0,4199392.0,2079955.0
1692,S527018,贵州水城经济开发区,贵州省,水城,省政府,经济开发区,2011.11,1099.74,煤炭加工、电力、煤电铝,105.042298,26.563631,105.039276,26.567029,贵州省六盘水市水城区经济开发区,未知,ok,623.979,57.7862,26.9866,66899.7029,14.1004,2118.0,499.0,1619.0,1120.0,10734.0,5748.07,574807.0,35730.0,8188.01,818801.0,76848.0,11356.55,1135655.0,101416.0,13376.01,1337601.0,136153.0,16569.58,1656958.0,2010,2015,1135655.0,1337601.0,201946.0
1693,S527012,贵州红果经济开发区,贵州省,红果,省政府,经济开发区,1995.06,566.09,装备制造、电子、医药,104.526394,25.761545,104.524154,25.764706,贵州省六盘水市盘州市贵州红果经济开发区,住宅区,ok,568.275,40.5095,22.799,141969.46,5.2641,2274.0,0.0,2274.0,2274.0,6808.0,3066.0202,303536.0,9206.0,6465.202,640055.0,74452.0,15069.9091,1491921.0,129891.0,21992.3737,2177245.0,256085.0,33815.6667,3347751.0,1990,2000,303536.0,640055.0,336519.0
1695,S527020,贵州和平经济开发区,贵州省,和平,省政府,经济开发区,2012.01,477.28,有色金属加工、建材、装备制造,106.826014,26.825181,106.822225,26.828763,贵州省贵阳市乌当区和平,村庄,ok,566.393,,18.6383,5982.8786,24.1928,2909.0,840.0,2069.0,1229.0,1495.0,1109.0928,107582.0,2842.0,1510.6495,146533.0,4641.0,1928.3299,187048.0,5361.0,2235.8247,216875.0,5369.0,2679.2474,259887.0,2010,2015,187048.0,216875.0,29827.0
1696,S527021,贵州娄山关经济开发区,贵州省,娄山关,省政府,经济开发区,2011.07,451.94,酿酒、电力、化工,106.830047,28.128213,106.82619,28.131734,贵州省遵义市桐梓县娄山关,住宅区,ok,705.274,60.3721,18.6448,168847.2971,12.9428,1134.0,342.0,792.0,450.0,322159.0,14083.0396,1422387.0,367320.0,20509.1386,2071423.0,378855.0,35396.9505,3575092.0,383467.0,43249.0099,4368150.0,383467.0,47026.6436,4749691.0,2010,2015,3575092.0,4368150.0,793058.0
1697,S527022,贵州绥阳经济开发区,贵州省,绥阳,省政府,经济开发区,2012.01,407.97,装备制造、有色金属,107.148058,27.973834,107.143717,27.977094,贵州省遵义市绥阳县贵州绥阳经济开发区,住宅区,ok,681.616,13.5214,15.0618,105522.942,15.3309,2022.0,160.0,1862.0,1702.0,4927.0,8511.6796,876703.0,8926.0,12664.0583,1304398.0,29479.0,23131.3107,2382525.0,48354.0,29564.2524,3045118.0,75937.0,35777.3301,3685065.0,2010,2015,2382525.0,3045118.0,662593.0
1698,S527023,贵州正安经济开发区,贵州省,正安,省政府,经济开发区,2012.12,79.64,乐器、食品、智能制造,107.42835,28.604714,107.423797,28.607876,贵州省遵义市正安县贵州正安经济开发区,住宅区,ok,745.679,56.1132,47.6323,86452.6506,8.4278,1137.0,182.0,955.0,773.0,8001.0,4631.0306,453841.0,10840.0,5797.5918,568164.0,87744.0,11948.102,1170914.0,149969.0,16033.4592,1571279.0,197977.0,20045.1122,1964421.0,2010,2015,1170914.0,1571279.0,400365.0
1699,S527024,贵州湄潭经济开发区,贵州省,湄潭,省政府,经济开发区,2011.07,393.79,农副产品加工,107.465492,27.748942,107.461064,27.7522,贵州省遵义市湄潭县,区县,ok,651.415,37.3382,27.7753,81687.21,15.0101,2876.0,750.0,2126.0,1376.0,2634.0,5850.449,573344.0,12723.0,10532.1224,1032148.0,82600.0,22433.6633,2198499.0,128776.0,30295.6327,2968972.0,149652.0,37802.2857,3704624.0,2010,2015,2198499.0,2968972.0,770473.0
1700,S527025,贵州余庆经济开发区,贵州省,余庆,省政府,经济开发区,2012.12,43.44,食品、石材、烟花爆竹,107.909859,27.225055,107.905811,27.228621,贵州省遵义市余庆县贵州余庆经济开发区,住宅区,ok,588.108,,97.4176,89721.6321,19.7335,3780.0,391.0,3389.0,2998.0,10048.0,6558.97,655897.0,14035.0,10288.28,1028828.0,22496.0,14722.62,1472262.0,33432.0,17901.58,1790158.0,70029.0,22807.15,2280715.0,2010,2015,1472262.0,1790158.0,317896.0
1701,S527026,贵州习水经济开发区,贵州省,习水,省政府,经济开发区,2012.09,293.07,酿酒,106.19715,28.332923,106.193416,28.336305,贵州省遵义市习水县,区县,ok,744.466,58.9391,62.8422,100107.6249,39.5365,4807.0,1019.0,3788.0,2769.0,2592.0,6414.4286,628614.0,10995.0,13025.7245,1276521.0,96738.0,23586.0408,2311432.0,158297.0,29852.6429,2925559.0,169672.0,34588.5102,3389674.0,2010,2015,2311432.0,2925559.0,614127.0
1702,S527027,贵州仁怀经济开发区,贵州省,仁怀,省政府,经济开发区,2011.07,504.8,酿酒,106.354145,27.714011,106.350301,27.717235,贵州省遵义市仁怀市贵州仁怀经济开发区,住宅区,ok,674.546,,12.8254,15595.6638,13.6639,2551.0,179.0,2372.0,2193.0,1825.0,1976.7624,199653.0,1850.0,3950.4158,398992.0,4639.0,9834.6238,993297.0,11075.0,14183.5842,1432542.0,38748.0,20557.0594,2076263.0,2010,2015,993297.0,1432542.0,439245.0
1703,S527004,贵州省安顺经济技术开发区,贵州省,省安顺,省政府,经济开发区,1992.05,538.0,装备制造、医药、农副产品加工,105.873519,26.232256,105.870203,26.235804,贵州省安顺市经济技术开发区,未知,ok,544.156,55.2823,21.2511,176617.9252,0.7241,1081.0,0.0,1081.0,1081.0,122654.0,38584.9394,3819909.0,159949.0,49114.3939,4862325.0,186976.0,63907.7475,6326867.0,203326.0,74972.0303,7422231.0,228126.0,97276.798,9630403.0,1990,2000,3819909.0,4862325.0,1042416.0
1704,S527005,贵州西秀经济开发区,贵州省,西秀,省政府,经济开发区,2006.08,270.39,装备制造、建材、医药,105.904379,26.242436,105.901074,26.246006,贵州省安顺市西秀区经济开发区,未知,ok,543.619,33.8841,32.5295,273703.4559,1.1781,918.0,39.0,879.0,840.0,91745.0,69773.5714,6837810.0,109660.0,85322.5816,8361613.0,138446.0,102527.3265,10047678.0,154536.0,114332.9082,11204625.0,164890.0,135736.8061,13302207.0,2000,2010,8361613.0,10047678.0,1686065.0
1705,S527028,贵州普定经济开发区,贵州省,普定,省政府,经济开发区,2012.08,292.45,电力、建材,105.714836,26.265767,105.711409,26.26919,贵州省安顺市普定县经济开发区,未知,ok,555.433,,11.245,72238.05,1.1583,784.0,42.0,742.0,700.0,18324.0,15140.505,1529191.0,23699.0,20249.901,2045240.0,48854.0,27292.7129,2756564.0,62640.0,31925.1089,3224436.0,70196.0,37246.5149,3761898.0,2010,2015,2756564.0,3224436.0,467872.0
1707,S527030,贵州毕节经济开发区,贵州省,毕节,省政府,经济开发区,2011.07,729.7,汽车、专用设备、建材,105.493681,27.325795,105.490279,27.329165,贵州省毕节市经济开发区,未知,ok,668.624,,39.1629,9359.9263,12.9762,2487.0,708.0,1779.0,1071.0,1116.0,1256.8283,124426.0,2931.0,2115.5152,209436.0,38031.0,6422.9798,635875.0,73786.0,9601.6263,950561.0,115579.0,14452.3838,1430786.0,2010,2015,635875.0,950561.0,314686.0
1708,S527031,贵州大方经济开发区,贵州省,大方,省政府,经济开发区,2012.08,92.32,煤炭加工、电力、医药,105.615973,27.220345,105.612719,27.223933,贵州省毕节市大方县经济开发区,未知,ok,652.705,,37.679,60964.5714,12.1716,3337.0,937.0,2400.0,1463.0,0.0,978.2596,101739.0,334.0,1842.0,191568.0,34780.0,4127.7308,429284.0,59351.0,5630.1058,585531.0,72080.0,7707.6923,801600.0,2010,2015,429284.0,585531.0,156247.0
1709,S527032,贵州黔西经济开发区,贵州省,黔西,省政府,经济开发区,2012.08,340.11,能源、装备制造、食品,106.032277,27.008681,106.028597,27.012049,贵州省毕节市黔西市,区县,city_only,613.663,35.3373,22.3723,222224.0028,1.1155,1607.0,113.0,1494.0,1381.0,127478.0,15841.3232,1568291.0,156311.0,24252.1414,2400962.0,227663.0,39238.3131,3884593.0,256512.0,47942.5354,4746311.0,259821.0,56300.8788,5573787.0,2010,2015,3884593.0,4746311.0,861718.0
1710,S527033,贵州金沙经济开发区,贵州省,金沙,省政府,经济开发区,2012.08,196.61,食品、建材,106.284618,27.513291,106.280939,27.516627,贵州省毕节市金沙县经济开发区,未知,ok,655.915,25.2543,16.5901,78918.9423,9.4058,3032.0,902.0,2130.0,1228.0,280.0,2690.2019,279781.0,475.0,6911.8942,718837.0,21347.0,16769.5577,1744034.0,38775.0,23012.4327,2393293.0,39327.0,27248.0865,2833801.0,2010,2015,1744034.0,2393293.0,649259.0
1711,S527034,贵州织金经济开发区,贵州省,织金,省政府,经济开发区,2011.07,403.71,煤化工、磷化工、电力,105.770249,26.663649,105.766764,26.667172,贵州省毕节市织金县,区县,ok,590.959,251.0198,113.355,139993.4281,19.9711,6811.0,2907.0,3904.0,997.0,287423.0,10092.1327,989029.0,351448.0,14674.2857,1438080.0,356312.0,18726.1531,1835163.0,358822.0,21532.7551,2110210.0,361644.0,25480.9796,2497136.0,2010,2015,1835163.0,2110210.0,275047.0
1712,S527035,贵州纳雍经济开发区,贵州省,纳雍,省政府,经济开发区,2012.08,568.12,煤炭加工、电力、农产品加工,105.411922,26.783499,105.408429,26.78683,贵州省毕节市纳雍县经济开发区,未知,ok,620.158,,107.0641,78477.9606,11.9892,1827.0,346.0,1481.0,1135.0,7151.0,4146.38,414638.0,10156.0,6328.48,632848.0,33681.0,10541.15,1054115.0,49158.0,13410.07,1341007.0,60612.0,17005.05,1700505.0,2010,2015,1054115.0,1341007.0,286892.0
1713,S527036,贵州威宁经济开发区,贵州省,威宁,省政府,经济开发区,2011.07,510.88,农产品加工、装备制造,104.249264,26.925415,104.247046,26.928916,贵州省毕节市威宁彝族回族苗族自治县经济开发区,未知,ok,698.302,34.0599,24.509,89752.0668,2.046,1261.0,291.0,970.0,679.0,5009.0,3094.6939,303280.0,5793.0,4975.7959,487628.0,6987.0,7888.7245,773095.0,14946.0,10902.7857,1068473.0,62414.0,18606.0408,1823392.0,2010,2015,773095.0,1068473.0,295378.0
1714,S527037,贵州碧江经济开发区,贵州省,碧江,省政府,经济开发区,2012.10,445.55,能源、建材、食品,109.264271,27.815244,109.259709,27.818585,贵州省铜仁市碧江区,区县,ok,653.558,10.6475,7.9554,38464.2437,6.4278,12609.0,1279.0,11330.0,10051.0,0.0,5129.5446,518084.0,0.0,7517.7525,759293.0,64.0,14223.6733,1436591.0,3676.0,20777.8416,2098562.0,30550.0,36007.6238,3636770.0,2010,2015,1436591.0,2098562.0,661971.0
1715,S527038,贵州万山经济开发区,贵州省,万山,省政府,经济开发区,2012.12,371.07,资源循环利用、新材料、新能源,109.153685,27.671268,109.149056,27.674468,贵州省铜仁市万山区,区县,ok,636.566,10.7999,8.8449,62303.657,13.7,11182.0,815.0,10367.0,9552.0,202.0,7526.0588,767658.0,279.0,14252.6471,1453770.0,519.0,21776.0784,2221160.0,4202.0,27183.4314,2772710.0,26434.0,35497.6176,3620757.0,2010,2015,2221160.0,2772710.0,551550.0
1716,S527010,贵州大龙经济开发区,贵州省,大龙,省政府,经济开发区,1999.07,667.62,精细化工、新能源、新材料,109.031864,27.29171,109.027376,27.294972,贵州省铜仁市玉屏侗族自治县贵州大龙经济开发区,住宅区,ok,593.631,,13.577,21044.2913,11.6043,6630.0,0.0,6630.0,6630.0,116474.0,4861.0693,490968.0,172964.0,8857.8812,894646.0,197113.0,16119.0792,1628027.0,210466.0,20883.4851,2109232.0,225014.0,26487.6436,2675252.0,1990,2000,490968.0,894646.0,403678.0
1717,S527039,贵州思南经济开发区,贵州省,思南,省政府,经济开发区,2012.12,314.99,船舶、农产品加工,108.253798,27.937464,108.249595,27.940841,贵州省铜仁市思南县,区县,ok,664.128,73.5945,29.3739,275174.745,9.182,2160.0,220.0,1940.0,1720.0,78844.0,5478.0192,569714.0,99689.0,8470.6154,880944.0,123304.0,14396.7019,1497257.0,138051.0,18917.2981,1967399.0,167186.0,28433.1058,2957043.0,2010,2015,1497257.0,1967399.0,470142.0
1718,S527040,贵州印江经济开发区,贵州省,印江,省政府,经济开发区,2012.10,300.0,电子、鞋服、食品,108.382586,27.973331,108.378196,27.976536,贵州省铜仁市印江土家族苗族自治县贵州印江经济开发区,住宅区,ok,667.61,,92.7535,69472.4038,15.4101,1302.0,168.0,1134.0,966.0,1533.0,5982.3654,622166.0,4618.0,9865.1635,1025977.0,31132.0,18026.8942,1874797.0,48784.0,22622.2596,2352715.0,59785.0,25666.6923,2669336.0,2010,2015,1874797.0,2352715.0,477918.0
1719,S527041,贵州德江经济开发区,贵州省,德江,省政府,经济开发区,2012.12,90.13,装备制造、农产品加工、建材,108.110548,28.277815,108.106084,28.281044,贵州省铜仁市德江县贵州德江经济开发区,住宅区,ok,702.568,78.0109,71.813,110663.7763,6.922,1469.0,80.0,1389.0,1309.0,338.0,6629.6699,682856.0,1253.0,12838.6893,1322385.0,49381.0,23872.9612,2458915.0,82643.0,30604.5534,3152269.0,102019.0,37631.1942,3876013.0,2010,2015,2458915.0,3152269.0,693354.0
1720,S527042,贵州沿河经济开发区,贵州省,沿河,省政府,经济开发区,2012.12,362.37,医药、能源、建材,108.503152,28.564083,108.49893,28.567429,贵州省铜仁市沿河土家族自治县,区县,ok,732.882,107.1697,73.603,77135.9701,8.576,856.0,79.0,777.0,698.0,45659.0,2934.87,293487.0,86431.0,4670.41,467041.0,174192.0,7666.52,766652.0,221344.0,10921.3,1092130.0,239952.0,21239.04,2123904.0,2010,2015,766652.0,1092130.0,325478.0
1721,S527043,贵州松桃经济开发区,贵州省,松桃,省政府,经济开发区,2012.12,300.67,电解锰、碳酸锰粉,109.190053,28.174329,109.185445,28.177666,贵州省铜仁市松桃苗族自治县贵州松桃经济开发区,住宅区,ok,692.422,,33.4048,43058.8488,8.2537,9446.0,353.0,9093.0,8740.0,1164.0,5190.0385,539764.0,1222.0,8383.2019,871853.0,13853.0,18439.0769,1917664.0,39199.0,26341.9519,2739563.0,84604.0,38070.6346,3959346.0,2010,2015,1917664.0,2739563.0,821899.0
1722,S527013,贵州顶效经济开发区,贵州省,顶效,省政府,经济开发区,1995.05,220.35,医药、食品、建材,105.005712,25.155627,105.002906,25.158528,贵州省黔西南布依族苗族自治州兴义市贵州顶效经济开发区,住宅区,ok,488.087,44.4832,23.8128,56984.1153,9.3537,3635.0,0.0,3635.0,3635.0,100641.0,3459.3465,349394.0,163097.0,11552.0495,1166757.0,194741.0,20445.4356,2064989.0,216766.0,26179.1782,2644097.0,219833.0,32199.8911,3252189.0,1990,2000,349394.0,1166757.0,817363.0
1723,S527044,贵州兴仁经济开发区,贵州省,兴仁,省政府,经济开发区,2012.12,200.79,服装,105.262574,25.457688,105.259485,25.460627,贵州省黔西南布依族苗族自治州兴仁市兴仁经济开发区,住宅区,ok,511.707,,25.567,11888.6583,4.212,883.0,242.0,641.0,399.0,11202.0,1992.1782,201210.0,14820.0,3798.7129,383670.0,27890.0,8061.9307,814255.0,38388.0,10911.0396,1102015.0,59699.0,15051.3663,1520188.0,2010,2015,814255.0,1102015.0,287760.0
1724,S527045,贵州安龙经济开发区,贵州省,安龙,省政府,经济开发区,2012.12,126.62,铁合金、石材、水泥,105.442702,25.099014,105.439305,25.101783,贵州省黔西南布依族苗族自治州安龙县,区县,ok,468.512,43.7594,18.7375,127414.7455,5.2611,3081.0,508.0,2573.0,2065.0,30647.0,10024.7216,972398.0,63305.0,14703.6289,1426252.0,113102.0,21330.8041,2069088.0,137788.0,26111.2577,2532792.0,158255.0,35823.2474,3474855.0,2010,2015,2069088.0,2532792.0,463704.0
1725,S527009,贵州凯里经济开发区,贵州省,凯里,省政府,经济开发区,1999.07,340.22,医药、食品、装备制造,107.881389,26.52178,107.877366,26.525431,贵州省黔东南苗族侗族自治州凯里市经济开发区,未知,ok,510.985,43.867,26.1075,56470.5429,7.3279,9396.0,0.0,9396.0,9396.0,3883.0,2645.06,264506.0,17931.0,5300.02,530002.0,137992.0,17239.85,1723985.0,222069.0,26145.35,2614535.0,248777.0,35985.81,3598581.0,1990,2000,264506.0,530002.0,265496.0
1726,S527046,贵州炉碧经济开发区,贵州省,炉碧,省政府,经济开发区,2011.07,382.21,煤电铝、建材、装备制造,107.900822,26.617335,107.896808,26.621009,贵州省黔东南苗族侗族自治州凯里市贵州炉碧经济开发区,住宅区,ok,521.271,,12.7654,29577.3928,16.7383,10583.0,2984.0,7599.0,4615.0,5702.0,2822.6505,290733.0,5702.0,3680.0291,379043.0,7060.0,5018.5243,516908.0,9075.0,6254.9709,644262.0,23747.0,9789.3107,1008299.0,2010,2015,516908.0,644262.0,127354.0
1727,S527047,贵州三穗经济开发区,贵州省,三穗,省政府,经济开发区,2012.08,330.13,轻工、服装、食品,108.677838,26.940322,108.673755,26.943853,贵州省黔东南苗族侗族自治州三穗县经济开发区,未知,ok,553.038,,39.4831,70358.8953,22.7235,7873.0,1488.0,6385.0,4897.0,6190.0,5657.019,593987.0,8357.0,11166.0952,1172440.0,44551.0,21027.5429,2207892.0,60390.0,27131.0667,2848762.0,66531.0,34001.0476,3570110.0,2010,2015,2207892.0,2848762.0,640870.0
1728,S527048,贵州省黔东经济开发区,贵州省,省黔东,省政府,经济开发区,2012.01,452.6,酿酒、电冶、建材,108.781484,27.105329,108.777274,27.10875,贵州省黔东南苗族侗族自治州镇远县黔东经济开发区,住宅区,ok,571.589,,31.19,37178.457,14.8182,6024.0,1190.0,4834.0,3644.0,0.0,1627.7835,157895.0,0.0,3223.3608,312666.0,0.0,7227.1443,701033.0,7788.0,10084.3196,978179.0,51613.0,14917.134,1446962.0,2010,2015,701033.0,978179.0,277146.0
1729,S527049,贵州岑巩经济开发区,贵州省,岑巩,省政府,经济开发区,2012.08,244.66,冶金、建材、食品,108.804986,27.231199,108.800795,27.234621,贵州省黔东南苗族侗族自治州岑巩县经济开发区,未知,ok,585.616,,10.8714,14013.1868,8.9325,7341.0,565.0,6776.0,6211.0,112.0,2591.0918,253927.0,114.0,3695.1224,362122.0,130.0,5925.3571,580685.0,6638.0,8047.9082,788695.0,39514.0,13817.6633,1354131.0,2010,2015,580685.0,788695.0,208010.0
1730,S527050,贵州锦屏经济开发区,贵州省,锦屏,省政府,经济开发区,2012.09,220.65,建材、食品、电力,109.200808,26.675919,109.196312,26.679354,贵州省黔东南苗族侗族自治州锦屏县,区县,ok,527.439,36.5802,26.9122,4467.4176,44.0696,22026.0,4276.0,17750.0,13474.0,94918.0,2457.66,245766.0,118637.0,3187.23,318723.0,132607.0,4053.99,405399.0,140787.0,4899.42,489942.0,153200.0,7724.48,772448.0,2010,2015,405399.0,489942.0,84543.0
1731,S527051,贵州台江经济开发区,贵州省,台江,省政府,经济开发区,2012.01,192.07,蓄电池、再生铅,108.16417,26.769251,108.159897,26.772626,贵州省黔东南苗族侗族自治州台江县贵州台江经济开发区,兴趣点,ok,535.459,,41.47,10491.9135,20.0072,7839.0,1960.0,5879.0,3919.0,81.0,750.06,75006.0,81.0,896.2,89620.0,100.0,1206.74,120674.0,8858.0,1981.12,198112.0,59202.0,5459.05,545905.0,2010,2015,120674.0,198112.0,77438.0
1732,S527052,贵州黎平经济开发区,贵州省,黎平,省政府,经济开发区,2012.12,108.18,农产品加工、林产品加工、电子,109.209016,26.141014,109.204563,26.144272,贵州省黔东南苗族侗族自治州黎平县经济开发区,未知,ok,468.769,,11.7045,8544.3215,34.9719,22035.0,5027.0,17008.0,11981.0,10475.0,2514.202,248906.0,11756.0,3091.8586,306094.0,17057.0,4430.8788,438657.0,21168.0,5434.0101,537967.0,30648.0,7294.1818,722124.0,2010,2015,438657.0,537967.0,99310.0
1733,S527053,贵州洛贯经济开发区,贵州省,洛贯,省政府,经济开发区,2011.07,443.95,建材、电子、农产品加工,109.101268,25.906981,109.096722,25.909926,贵州省黔东南苗族侗族自治州从江县贵州洛贯经济开发区,住宅区,ok,441.616,,20.3848,11150.4616,19.7105,9503.0,2095.0,7408.0,5313.0,1798.0,2574.8776,252338.0,5149.0,3432.1531,336351.0,24748.0,5408.3367,530017.0,38480.0,7088.7551,694698.0,52374.0,10984.3878,1076470.0,2010,2015,530017.0,694698.0,164681.0
1734,S527054,贵州丹寨金钟经济开发区,贵州省,丹寨金钟,省政府,经济开发区,2011.07,154.97,装备制造、食品、电子,107.798895,26.198526,107.794721,26.201907,贵州省黔东南苗族侗族自治州丹寨县金钟经济开发区,住宅区,ok,476.578,28.5371,10.9529,73230.8753,15.9308,7946.0,1971.0,5975.0,4004.0,86190.0,5745.604,580306.0,135659.0,10232.3366,1033466.0,153599.0,16861.9406,1703056.0,161476.0,21077.495,2128827.0,166124.0,24061.1485,2430176.0,2010,2015,1703056.0,2128827.0,425771.0
1735,S527007,贵州都匀经济开发区,贵州省,都匀,省政府,经济开发区,1995.09,139.02,医药、装备制造、建材,107.514424,26.273936,107.510235,26.277364,贵州省黔南布依族苗族自治州都匀市经济开发区,未知,ok,489.823,104.2266,31.1034,168145.2289,17.5317,7213.0,0.0,7213.0,7213.0,174129.0,35777.3429,3756621.0,287536.0,46151.1238,4845868.0,289548.0,51565.7238,5414401.0,291632.0,55198.6571,5795859.0,298008.0,60165.5143,6317379.0,1990,2000,3756621.0,4845868.0,1089247.0
1736,S527055,贵州福泉经济开发区,贵州省,福泉,省政府,经济开发区,2011.07,614.52,磷化工、煤化工、电力,107.525577,26.652209,107.5214,26.655779,贵州省黔南布依族苗族自治州福泉市经济开发区,未知,ok,530.726,18.413,13.9022,103905.4096,7.1756,5886.0,625.0,5261.0,4636.0,29857.0,7948.9608,810794.0,79987.0,21468.7647,2189814.0,111963.0,31510.6275,3214084.0,124864.0,36991.6863,3773152.0,125438.0,39947.7549,4074671.0,2010,2015,3214084.0,3773152.0,559068.0
1737,S527056,贵州昌明经济开发区,贵州省,昌明,省政府,经济开发区,2011.07,133.93,装备制造、建材,107.189195,26.333559,107.185012,26.336915,贵州省黔南布依族苗族自治州贵定县贵州昌明经济开发区,住宅区,ok,503.87,25.9363,14.5299,14544.4094,17.9674,8489.0,2142.0,6347.0,4205.0,56275.0,2847.0693,287554.0,78089.0,3763.3861,380102.0,123641.0,6456.8218,652139.0,148491.0,8177.4059,825918.0,150398.0,9819.9901,991819.0,2010,2015,652139.0,825918.0,173779.0
1738,S527057,贵州瓮安经济开发区,贵州省,瓮安,省政府,经济开发区,2012.05,175.44,磷化工、煤化工,107.47532,27.101617,107.47096,27.104964,贵州省黔南布依族苗族自治州瓮安县贵州瓮安经济开发区,住宅区,ok,580.574,33.5542,23.7679,86111.239,20.3643,12039.0,1858.0,10181.0,8323.0,28993.0,6112.1442,635663.0,50583.0,10584.1731,1100754.0,126508.0,22239.0481,2312861.0,164374.0,29220.3846,3038920.0,184085.0,34171.25,3553810.0,2010,2015,2312861.0,3038920.0,726059.0
1739,S527058,贵州独山经济开发区,贵州省,独山,省政府,经济开发区,2012.01,857.16,冶金、建材、装备制造,107.565533,25.86549,107.561493,25.86877,贵州省黔南布依族苗族自治州独山县经济开发区,未知,ok,444.481,15.7521,16.2339,62354.3412,16.627,10227.0,4299.0,5928.0,1629.0,21315.0,15719.1443,1524757.0,31294.0,23374.2062,2267298.0,57526.0,30846.5361,2992114.0,72605.0,34908.1649,3386092.0,74200.0,37964.2165,3682529.0,2010,2015,2992114.0,3386092.0,393978.0
1740,S527008,贵州龙里经济开发区,贵州省,龙里,省政府,经济开发区,2006.03,311.88,建材、医药,113.884202,22.579143,113.879315,22.582186,广东省深圳市宝安区贵州龙,兴趣点,ok,3.999,217.4082,179.6764,1140226.539,2.5013,2341.0,189.0,2152.0,1963.0,210011.0,53942.1078,5502095.0,375935.0,132190.8431,13483466.0,378138.0,149043.8922,15202477.0,381086.0,158949.3627,16212835.0,391416.0,166213.9314,16953821.0,2000,2010,13483466.0,15202477.0,1719011.0
1741,S527059,贵州惠水经济开发区,贵州省,惠水,省政府,经济开发区,2012.07,266.05,装备制造、农产品加工、建材,106.684347,26.214914,106.680665,26.218345,贵州省黔南布依族苗族自治州惠水县经济开发区,未知,ok,507.342,,17.6541,39156.856,12.7011,7015.0,2767.0,4248.0,1481.0,8002.0,5719.2079,577640.0,9541.0,7490.9208,756583.0,41966.0,12406.6634,1253073.0,73856.0,16081.0495,1624186.0,145412.0,22656.9703,2288354.0,2010,2015,1253073.0,1624186.0,371113.0
1757,S537003,云南宣威经济开发区,云南省,宣威,省政府,经济开发区,1994.08,492.08,能源、化工、冶金,104.104255,26.218956,104.101902,26.222161,云南省曲靖市宣威市,区县,ok,631.709,95.9551,36.3597,287895.9795,3.7511,124.0,0.0,124.0,124.0,300303.0,30581.9192,3027610.0,340786.0,53275.0707,5274232.0,351162.0,71519.2525,7080406.0,355501.0,79773.2626,7897553.0,356355.0,82610.303,8178420.0,1990,2000,3027610.0,5274232.0,2246622.0
1758,S537006,云南玉溪经济开发区,云南省,玉溪,省政府,经济开发区,2003.01,252.35,冶金加工、建筑,102.526673,24.346786,102.525371,24.3498,云南省玉溪市,市,ok,561.091,35.4508,39.716,273047.3217,1.2607,2365.0,1.0,2364.0,2363.0,89787.0,45460.1359,4682394.0,299675.0,107910.1262,11114743.0,325869.0,134730.4563,13877237.0,338819.0,148126.2913,15257008.0,351178.0,155286.301,15994489.0,2000,2010,11114743.0,13877237.0,2762494.0
1764,S537012,云南腾冲经济开发区,云南省,腾冲,省政府,经济开发区,1996.06,240.28,林产品加工、石材、生物,98.498416,25.064717,98.498085,25.067693,云南省保山市腾冲市腾冲经济开发区,住宅区,ok,955.191,19.5024,14.5245,116951.2166,18.1841,13019.0,0.0,13019.0,13019.0,16657.0,34067.9394,3372726.0,32960.0,42787.7576,4235988.0,197895.0,54779.4343,5423164.0,295344.0,61570.0808,6095438.0,310838.0,65015.3535,6436520.0,1990,2000,3372726.0,4235988.0,863262.0
1773,S537014,华坪经济开发区,云南省,华坪,省政府,经济开发区,1999.06,315.04,煤炭、建材、生物,101.265373,26.629598,101.263827,26.633153,云南省丽江市华坪县,区县,ok,828.458,109.3564,43.4146,57437.578,12.6058,2061.0,0.0,2061.0,2061.0,220073.0,9166.0909,907443.0,282808.0,13287.9091,1315503.0,289797.0,15805.1717,1564712.0,293222.0,17255.9899,1708343.0,296354.0,18976.1111,1878635.0,1990,2000,907443.0,1315503.0,408060.0
1781,S537004,云南楚雄经济开发区,云南省,楚雄,省政府,经济开发区,2006.05,716.14,建材、食品,101.54673,25.048086,101.545309,25.05117,云南省楚雄彝族自治州楚雄市楚雄经济开发区,住宅区,ok,687.011,76.637,22.8569,233894.8455,3.9539,3072.0,38.0,3034.0,2996.0,148822.0,34329.86,3432986.0,341143.0,59237.65,5923765.0,354031.0,86148.41,8614841.0,359200.0,100692.25,10069225.0,359254.0,107783.7,10778370.0,2000,2010,5923765.0,8614841.0,2691076.0
1786,S537007,云南开远经济开发区,云南省,开远,省政府,经济开发区,1999.06,164.44,产品加工,103.266908,23.714518,103.265116,23.717206,云南省红河哈尼族彝族自治州开远市,区县,ok,458.396,,43.7584,176652.5373,0.3888,3210.0,0.0,3210.0,3210.0,198443.0,51439.5049,5298269.0,304110.0,65974.1068,6795333.0,319426.0,72156.6019,7432130.0,325764.0,75336.5534,7759665.0,326810.0,78165.3398,8051030.0,1990,2000,5298269.0,6795333.0,1497064.0
1804,S537015,云南迪庆经济开发区,云南省,迪庆,省政府,经济开发区,1994.07,108.01,医药、农副产品加工、有色金属加工,100.073021,27.056848,100.071701,27.060188,云南省迪庆藏族自治州经济开发区,未知,ok,945.244,,19.7706,3716.8788,24.0948,5115.0,0.0,5115.0,5115.0,13222.0,1189.0094,126035.0,41323.0,1889.8868,200328.0,70433.0,2871.6132,304391.0,82494.0,3493.6604,370328.0,85613.0,4604.7358,488102.0,1990,2000,126035.0,200328.0,74293.0
1809,S617003,西安浐河经济开发区,陕西省,西安浐河,省政府,经济开发区,1994.09,286.78,机械、服装、钢材加工,108.90899,34.303821,108.904394,34.305425,陕西省西安市未央区浐河,住宅区,ok,909.86,45.7967,71.3367,712083.4362,0.0484,170.0,0.0,170.0,170.0,109191.0,198058.97,19805897.0,163439.0,252751.34,25275134.0,243657.0,283872.35,28387235.0,277937.0,300201.2,30020120.0,278015.0,308568.74,30856874.0,1990,2000,19805897.0,25275134.0,5469237.0
1816,S617012,陕西铜川经济技术开发区,陕西省,铜川,省政府,经济开发区,1993.11,1992.45,电力能源、装备制造、食品加工,108.945116,34.897133,108.9404,34.898217,陕西省铜川市,市,ok,871.698,32.0647,16.4617,127166.9685,0.1272,164.0,0.0,164.0,164.0,1670.0,61856.1373,6309326.0,258662.0,87555.5588,8930667.0,293074.0,102545.9118,10459683.0,309247.0,111428.9216,11365750.0,321261.0,116164.6078,11848790.0,1990,2000,6309326.0,8930667.0,2621341.0
1818,S617010,蔡家坡经济技术开发区,陕西省,蔡家坡,省政府,经济开发区,1995.03,302.0,汽车及零部件、机电模具、生物制品,111.757982,36.337688,111.751619,36.337686,山西省临汾市洪洞县蔡家坡洪洞经济技术开发区,住宅区,ok,571.406,25.7626,11.1214,93553.6252,0.1774,3749.0,0.0,3749.0,3749.0,38714.0,38079.1782,3845997.0,158857.0,51727.6238,5224490.0,257491.0,64200.0099,6484201.0,296944.0,70460.0693,7116467.0,296944.0,74042.4851,7478291.0,1990,2000,3845997.0,5224490.0,1378493.0
1831,S617032,韩城经济技术开发区,陕西省,韩城,省政府,经济开发区,2015.01,1953.14,钢铁、煤化工、电力能源,113.432499,34.152816,113.426052,34.154048,河南省许昌市禹州市韩城禹州经济技术开发区,住宅区,ok,533.405,23.1355,18.5747,203876.3516,0.2555,600.0,67.0,533.0,466.0,16145.0,70929.3786,7305726.0,32917.0,106997.6699,11020760.0,170856.0,125969.6408,12974873.0,251522.0,136955.8932,14106457.0,263274.0,143508.9223,14781419.0,2015,2020,14106457.0,14781419.0,674962.0
1849,S627003,兰州九州经济开发区,甘肃省,兰州九州,省政府,经济开发区,2006.08,671.89,食品、医药、商贸物流,103.80673,36.091147,103.804269,36.091417,甘肃省兰州市城关区九州经济开发区,住宅区,ok,1247.874,85.5608,98.6557,491305.1687,0.0013,26.0,0.0,26.0,26.0,29446.0,119186.3663,12037823.0,58707.0,130209.0099,13151110.0,75971.0,135049.0198,13639951.0,92530.0,138367.4851,13975116.0,127891.0,144717.3861,14616456.0,2000,2010,13151110.0,13639951.0,488841.0
1851,S627001,兰州连海经济开发区,甘肃省,兰州连海,省政府,经济开发区,1988.08,690.42,碳素、新材料、食品,103.834228,36.060798,103.831825,36.061125,甘肃省兰州市,市,ok,1246.497,152.1507,109.5828,837979.4539,0.0177,27.0,0.0,27.0,27.0,265998.0,151420.0098,15444841.0,266456.0,179297.3922,18288334.0,267112.0,189458.6667,19324784.0,269789.0,195081.8725,19898351.0,281863.0,202073.7059,20611518.0,1990,1990,15444841.0,15444841.0,
1856,S627009,甘肃白银西区经济开发区,甘肃省,白银西区,省政府,经济开发区,1988.08,1960.36,医药、食品、商贸物流,104.138872,36.545123,104.136055,36.545032,甘肃省白银市,市,ok,1205.293,63.3567,23.7965,164029.2893,0.0016,0.0,0.0,0.0,0.0,43035.0,64148.4082,6286544.0,143285.0,80983.7041,7936403.0,252599.0,88671.3878,8689796.0,307579.0,96681.0306,9474741.0,347448.0,120485.5102,11807580.0,1990,1990,6286544.0,6286544.0,
1857,S627010,甘肃白银平川经济开发区,甘肃省,白银平川,省政府,经济开发区,2006.03,448.43,建材、农产品加工、装备制造,104.785105,36.726392,104.782011,36.726359,甘肃省白银市平川区经济开发区,未知,ok,1144.303,17.2344,10.1741,63730.6892,0.0,0.0,0.0,0.0,0.0,92829.0,31549.1386,3186463.0,124715.0,43239.8614,4367226.0,206641.0,54114.7723,5465592.0,251171.0,62014.6931,6263484.0,308644.0,79061.7228,7985234.0,2000,2010,4367226.0,5465592.0,1098366.0
1861,S627039,张家川经济开发区,甘肃省,张家川,省政府,经济开发区,2013.06,112.21,医药、食品、电力、建材,106.20513,34.988676,106.200979,34.98953,甘肃省天水市张家川回族自治县,区县,ok,1088.502,138.9425,117.2021,126812.6853,0.0354,73.0,3.0,70.0,67.0,103969.0,5523.9223,568964.0,287014.0,12059.233,1242101.0,381963.0,19835.2913,2043035.0,430665.0,24094.4175,2481725.0,432954.0,26143.4757,2692778.0,2010,2015,2043035.0,2481725.0,438690.0
1881,S627012,甘肃玉门经济开发区,甘肃省,玉门,省政府,经济开发区,2006.03,710.0,石化、装备制造、煤化工,97.045617,40.292344,97.044889,40.291405,甘肃省酒泉市玉门市,区县,ok,1769.984,17.6164,7.9616,43573.9668,0.0032,0.0,0.0,0.0,0.0,62307.0,25031.8958,2403062.0,147072.0,31090.2292,2984662.0,212670.0,35959.2083,3452084.0,240152.0,38020.4375,3649962.0,240780.0,38365.9479,3683131.0,2000,2010,2984662.0,3452084.0,467422.0
1889,S627021,甘肃定西经济开发区,甘肃省,定西,省政府,经济开发区,2006.08,850.21,食品、医药、装备制造,104.592342,35.607947,104.589722,35.608491,甘肃省定西市,市,ok,1197.668,18.8121,18.0823,129649.768,0.0099,45.0,11.0,34.0,23.0,1847.0,17930.85,1793085.0,14193.0,28970.43,2897043.0,42548.0,39916.31,3991631.0,54744.0,45538.06,4553806.0,55520.0,48892.04,4889204.0,2000,2010,2897043.0,3991631.0,1094588.0
1891,S627022,甘肃陇西经济开发区,甘肃省,陇西,省政府,经济开发区,2006.03,1681.43,中医药、铝冶炼及制品、装备制造,104.634928,35.003899,104.632267,35.004959,甘肃省定西市陇西县,区县,ok,1218.647,46.9477,12.8129,126257.9852,0.0017,170.0,0.0,170.0,170.0,174262.0,27562.6733,2783830.0,210781.0,41317.0594,4173023.0,213833.0,57416.297,5799046.0,216907.0,65547.9109,6620339.0,226164.0,70477.2178,7118199.0,2000,2010,4173023.0,5799046.0,1626023.0
1893,S627023,甘肃临洮经济开发区,甘肃省,临洮,省政府,经济开发区,2006.03,837.98,装备制造、金属冶炼、建材,103.859446,35.394993,103.857125,35.395663,甘肃省定西市临洮县,区县,ok,1268.199,40.682,14.4821,159230.2139,0.0621,16.0,0.0,16.0,16.0,6236.0,13444.9524,1411720.0,28060.0,23796.9238,2498677.0,124089.0,35073.8571,3682755.0,176043.0,41341.2667,4340833.0,200744.0,43892.219,4608683.0,2000,2010,2498677.0,3682755.0,1184078.0
1897,S627025,陇南经济开发区,甘肃省,陇南,省政府,经济开发区,2006.12,689.53,绿色有机食品加工、电商、仓储物流,104.960296,33.370174,104.95729,33.372079,甘肃省陇南市,市,ok,1312.802,76.8849,31.4281,165060.2269,2.9175,148.0,3.0,145.0,142.0,15531.0,12064.7019,1254729.0,28897.0,18832.6923,1958600.0,99713.0,25741.7212,2677139.0,135733.0,29714.5673,3090315.0,163302.0,32354.2404,3364841.0,2000,2010,1958600.0,2677139.0,718539.0
1902,S627031,甘肃临夏经济开发区,甘肃省,临夏,省政府,经济开发区,2010.02,463.89,食品加工、民族特需用品加工,103.074558,35.490407,103.072251,35.490695,甘肃省临夏回族自治州临夏县甘肃临夏经济开发区,住宅区,ok,1590.713,32.939,24.6707,75911.6527,0.0488,45.0,0.0,45.0,45.0,5228.0,7819.1538,813192.0,8446.0,11445.6058,1190343.0,31378.0,17294.7788,1798657.0,56461.0,20811.9327,2164441.0,74938.0,22848.1154,2376204.0,2010,2015,1798657.0,2164441.0,365784.0
1904,S627033,甘肃广河经济开发区,甘肃省,广河,省政府,经济开发区,2006.08,20.83,皮革加工、毛纺轻工,103.575582,35.488248,103.57337,35.488875,甘肃省临夏回族自治州广河县,区县,ok,1288.838,61.66,34.3729,83422.9226,0.0178,4.0,0.0,4.0,4.0,37101.0,9829.101,973081.0,56858.0,14861.1111,1471250.0,109551.0,20644.202,2043776.0,138847.0,23526.6465,2329138.0,145716.0,24286.6263,2404376.0,2000,2010,1471250.0,2043776.0,572526.0
1905,S627030,甘肃东乡经济开发区,甘肃省,东乡,省政府,经济开发区,2006.12,23.09,农畜产品加工、机械,103.826777,36.060634,103.824358,36.060947,甘肃省,省,ok,1247.145,127.5043,109.1781,804642.4728,0.0126,27.0,0.0,27.0,27.0,265998.0,154571.58,15457158.0,266456.0,180370.46,18037046.0,267112.0,188743.63,18874363.0,269789.0,193579.63,19357963.0,281863.0,200380.3,20038030.0,2000,2010,18037046.0,18874363.0,837317.0
1920,S647005,石嘴山生态经济开发区,宁夏回族自治区,石嘴山生态,省政府,经济开发区,2006.08,5717.44,电石化工、多元合金、生物制药,106.466079,38.908747,106.46144,38.908028,宁夏回族自治区石嘴山市平罗县生态经济开发区,住宅区,ok,963.108,10.6245,7.0364,66866.9891,0.0,1.0,1.0,0.0,-1.0,10949.0,25591.4433,2482370.0,26925.0,37056.8763,3594517.0,40409.0,53823.1546,5220846.0,59283.0,69367.6495,6728662.0,134245.0,108175.2887,10493003.0,2000,2010,3594517.0,5220846.0,1626329.0
1924,S647014,宁夏固原经济开发区,宁夏回族自治区,固原,省政府,经济开发区,1997.07,1177.08,盐化工、农副产品加工、装备制造,106.253141,35.993232,106.248946,35.993422,宁夏回族自治区固原市原州区固原经济开发区,住宅区,ok,1042.097,13.4132,13.9754,134037.6691,0.0074,19.0,0.0,19.0,19.0,45805.0,45827.62,4582762.0,58590.0,75508.51,7550851.0,69124.0,89895.82,8989582.0,80735.0,99993.08,9999308.0,113586.0,120274.6,12027460.0,1990,2000,4582762.0,7550851.0,2968089.0
1934,S657008,吐鲁番经济开发区,新疆维吾尔自治区,吐鲁番,省政府,经济开发区,2006.07,412.13,能源化工、装备制造、建材,89.250261,42.972736,89.247504,42.971237,新疆维吾尔自治区吐鲁番市,市,ok,2923.87,6.7387,5.8641,51386.8516,0.0049,0.0,0.0,0.0,0.0,3695.0,12043.79,1204379.0,3707.0,14773.05,1477305.0,56144.0,21426.26,2142626.0,109654.0,25821.57,2582157.0,133292.0,28510.97,2851097.0,2000,2010,1477305.0,2142626.0,665321.0
1949,S657010,新疆和硕经济开发区,新疆维吾尔自治区,和硕,省政府,经济开发区,1996.07,484.39,石材加工、农副产品加工、新材料,86.917625,42.289327,86.915187,42.288177,新疆维吾尔自治区巴音郭楞蒙古自治州和硕县经济开发区,未知,ok,2994.335,,19.8162,15971.8748,0.0003,0.0,0.0,0.0,0.0,0.0,13553.7822,1368932.0,0.0,18397.6436,1858162.0,17235.0,25132.9505,2538428.0,38063.0,31452.0594,3176658.0,85218.0,43824.5446,4426279.0,1990,2000,1368932.0,1858162.0,489230.0
1950,S657027,阿克苏经济技术开发区,新疆维吾尔自治区,阿克苏,省政府,经济开发区,2009.01,999.94,建材、能源、农资产品,80.184317,41.08012,80.182053,41.07914,新疆维吾尔自治区阿克苏地区经济技术开发区,未知,ok,3340.333,15.2379,13.7772,112380.4276,0.0027,2.0,0.0,2.0,2.0,1503.0,17702.6117,1823369.0,1503.0,20150.7961,2075532.0,11733.0,25257.4951,2601522.0,33499.0,30080.1748,3098258.0,89110.0,39656.5146,4084621.0,2000,2010,2075532.0,2601522.0,525990.0
1968,S657003,新疆霍城经济开发区,新疆维吾尔自治区,霍城,省政府,经济开发区,2000.10,769.69,农副产品加工、建材、食品加工,80.878845,44.056329,80.876542,44.055439,新疆维吾尔自治区伊犁哈萨克自治州霍城县,区县,ok,3489.725,33.3355,16.2799,96946.9183,0.0623,36.0,0.0,36.0,36.0,142141.0,16981.8857,1783098.0,192335.0,34047.3238,3574969.0,258213.0,45154.8857,4741263.0,284814.0,50415.5714,5293635.0,286218.0,51126.1048,5368241.0,2000,2010,3574969.0,4741263.0,1166294.0
42,S138049,河北正定高新技术产业开发区,河北省,正定,省政府,高新技术产业开发区,2011.07,2695.98,新能源汽车、装备制造、生物医药,114.611262,38.168505,114.605471,38.168045,河北省石家庄市正定县正定高新技术产业开发区,住宅区,ok,261.542,11.3291,19.2888,162951.6277,0.0139,334.0,94.0,240.0,146.0,16921.0,83776.93,8377693.0,27073.0,121086.19,12108619.0,98045.0,147674.44,14767444.0,158087.0,165892.5,16589250.0,243022.0,189727.88,18972788.0,2010,2015,14767444.0,16589250.0,1821806.0
56,S138062,河北唐山开平高新技术产业开发区,河北省,唐山开平,省政府,高新技术产业开发区,2012.12,1383.09,装备制造、钢铁加工、物流,118.280677,39.635311,118.274525,39.634061,河北省唐山市开平区唐山开平高新技术产业开发区(北门),兴趣点,ok,50.32,12.7955,22.9035,203405.5838,0.0788,365.0,22.0,343.0,321.0,9407.0,105675.4519,10990247.0,14311.0,125261.3846,13027184.0,173374.0,153150.5,15927652.0,275991.0,169952.3558,17675045.0,308577.0,182093.3173,18937705.0,2010,2015,15927652.0,17675045.0,1747393.0
65,S138066,河北迁安高新技术产业开发区,河北省,迁安,省政府,高新技术产业开发区,2013.01,2138.26,装备制造、生物制药、电子信息,118.750269,40.009411,118.744175,40.008134,河北省唐山市迁安市迁安高新技术产业开发区,住宅区,ok,62.877,7.9515,14.4772,110128.2193,0.0117,918.0,60.0,858.0,798.0,32698.0,52446.1553,5401954.0,80045.0,85297.9612,8785690.0,174998.0,121039.534,12467072.0,232438.0,143000.0777,14729008.0,307057.0,162862.1845,16774805.0,2010,2015,12467072.0,14729008.0,2261936.0
94,S138088,河北邢台滏阳高新技术产业开发区,河北省,邢台滏阳,省政府,高新技术产业开发区,2011.02,691.47,食品、装备制造、钢制品,114.868523,37.249657,114.862809,37.24921,河北省邢台市巨鹿县滏阳高新技术产业开发区,住宅区,ok,280.571,21.15,19.5824,84693.7469,0.0115,249.0,1.0,248.0,247.0,66026.0,29134.8252,3000887.0,119967.0,40241.3786,4144862.0,158721.0,56373.4272,5806463.0,178884.0,66023.4272,6800413.0,202883.0,73639.5437,7584873.0,2010,2015,5806463.0,6800413.0,993950.0
100,S138094,河北平乡高新技术产业开发区,河北省,平乡,省政府,高新技术产业开发区,2011.02,439.24,自行车及零部件,114.624714,38.043675,114.618925,38.04318,河北省石家庄市裕华区高新技术产业开发区,住宅区,ok,263.63,96.4305,41.8967,387963.3043,0.0172,430.0,79.0,351.0,272.0,18110.0,111393.5686,11362144.0,262703.0,173057.9804,17651914.0,315922.0,217246.0588,22159098.0,346032.0,244037.7549,24891851.0,371398.0,261189.4118,26641320.0,2010,2015,22159098.0,24891851.0,2732753.0
101,S138095,河北威县高新技术产业开发区,河北省,威县,省政府,高新技术产业开发区,2011.02,723.62,装备制造、电子信息、农副产品加工,115.312885,36.990985,115.306834,36.990467,河北省邢台市威县高新技术产业开发区,住宅区,ok,267.498,23.1539,21.9343,169683.4524,0.0208,220.0,0.0,220.0,220.0,37951.0,53476.875,5561595.0,42475.0,65915.4327,6855205.0,161336.0,88002.4038,9152250.0,242875.0,103275.8942,10740693.0,271224.0,121185.3462,12603276.0,2010,2015,9152250.0,10740693.0,1588443.0
118,S138028,河北涿州高新技术产业开发区,河北省,涿州,省政府,高新技术产业开发区,1992.07,1325.01,新材料、电子信息技术、汽车及零部件,116.045051,39.48542,116.038835,39.484154,河北省保定市涿州市涿州高新技术产业开发区,住宅区,ok,153.022,41.8119,17.2307,147873.5102,0.0695,1893.0,0.0,1893.0,1893.0,20947.0,52713.3883,5429479.0,64401.0,81418.1165,8386066.0,211194.0,118439.5243,12199271.0,295676.0,140858.1262,14508387.0,310449.0,158315.6505,16306512.0,1990,2000,5429479.0,8386066.0,2956587.0
125,S138114,河北张家口高新技术产业开发区,河北省,张家口,省政府,高新技术产业开发区,2012.08,1009.65,装备制造、生物技术,114.798366,40.777995,114.792085,40.776568,河北省张家口市万全区张家口高新技术产业开发区,住宅区,ok,310.781,6.4207,9.0009,106039.965,0.0049,5.0,5.0,0.0,-5.0,1854.0,28196.6139,2847858.0,9989.0,54855.6832,5540424.0,117581.0,97005.3762,9797543.0,177563.0,120688.297,12189518.0,229284.0,135375.0297,13672878.0,2010,2015,9797543.0,12189518.0,2391975.0
134,S138122,河北承德县高新技术产业开发区,河北省,承德县,省政府,高新技术产业开发区,2011.05,1003.9,装备制造、新材料、食品,114.624714,38.043675,114.618925,38.04318,河北省石家庄市裕华区高新技术产业开发区,住宅区,ok,263.63,96.4305,41.8967,387963.3043,0.0172,430.0,79.0,351.0,272.0,18110.0,111393.5686,11362144.0,262703.0,173057.9804,17651914.0,315922.0,217246.0588,22159098.0,346032.0,244037.7549,24891851.0,371398.0,261189.4118,26641320.0,2010,2015,22159098.0,24891851.0,2732753.0
136,S138124,河北滦平高新技术产业开发区,河北省,滦平,省政府,高新技术产业开发区,2012.11,380.96,食品、医药、装备制造,117.418408,40.991918,117.411593,40.990033,河北省承德市滦平县滦平高新技术产业开发区,住宅区,ok,202.705,,10.3778,11457.0942,3.3822,1015.0,184.0,831.0,647.0,42989.0,5879.8077,611500.0,73202.0,9218.7115,958746.0,94682.0,15153.7788,1575993.0,115041.0,19577.2019,2036029.0,167769.0,27195.75,2828358.0,2010,2015,1575993.0,2036029.0,460036.0
143,S138130,河北沧州高新技术产业开发区,河北省,沧州,省政府,高新技术产业开发区,2011.01,1044.77,智能装备、节能环保、新材料,116.802042,38.339873,116.796182,38.339249,河北省沧州市运河区沧州高新技术产业开发区,住宅区,ok,72.34,10.1942,14.8276,163785.7717,0.0154,125.0,30.0,95.0,65.0,102700.0,65114.8515,6576600.0,120736.0,83817.6634,8465584.0,152692.0,114067.396,11520807.0,178743.0,135190.495,13654240.0,198647.0,158080.1287,15966093.0,2010,2015,11520807.0,13654240.0,2133433.0
156,S138140,河北廊坊高新技术产业开发区,河北省,廊坊,省政府,高新技术产业开发区,2011.06,1516.55,新材料、节能环保、电子信息,116.775314,39.248505,116.769315,39.247466,河北省廊坊市安次区高新技术产业开发区,住宅区,ok,85.544,,4.332,24653.5033,0.036,2300.0,1.0,2299.0,2298.0,1234.0,18348.3762,1853186.0,1234.0,26405.1485,2666920.0,10283.0,39452.495,3984702.0,26883.0,47024.198,4749444.0,90740.0,51576.9505,5209272.0,2010,2015,3984702.0,4749444.0,764742.0
157,S138021,河北京南·固安高新技术产业开发区,河北省,京南·固安,省政府,高新技术产业开发区,2006.03,1091.25,显示、航空航天、生物医药,116.248494,39.457396,116.242519,39.456259,河北省廊坊市固安县固安高新技术产业开发区,住宅区,ok,136.289,7.0918,9.601,86351.1141,0.0202,743.0,2.0,741.0,739.0,1728.0,31963.8058,3292272.0,4231.0,49194.2136,5067004.0,88461.0,76068.4757,7835053.0,143433.0,96203.7476,9908986.0,216992.0,124352.0097,12808257.0,2000,2010,5067004.0,7835053.0,2768049.0
162,S138026,河北大厂高新技术产业开发区,河北省,大厂,省政府,高新技术产业开发区,2006.03,1639.29,装备制造、食品饮料,116.904536,39.908619,116.898606,39.907573,河北省廊坊市大厂回族自治县大厂镇高新技术产业开发区,住宅区,ok,112.908,6.3681,7.5799,72228.6441,0.0102,2018.0,31.0,1987.0,1956.0,2018.0,34355.598,3504271.0,3511.0,56741.6471,5787648.0,80774.0,97377.7451,9932530.0,140344.0,123033.049,12549371.0,197092.0,141622.1765,14445462.0,2000,2010,5787648.0,9932530.0,4144882.0
165,S138035,河北衡水高新技术产业开发区,河北省,衡水,省政府,高新技术产业开发区,2000.09,4032.7,新材料、装备制造、食品,115.645096,37.737306,115.639256,37.73671,河北省衡水市桃城区衡水高新技术产业开发区,住宅区,ok,193.594,31.8773,19.3362,209507.4525,0.1266,147.0,0.0,147.0,147.0,25184.0,96062.2871,9702291.0,180246.0,127930.7723,12921008.0,290258.0,154299.1881,15584218.0,345202.0,170779.5545,17248735.0,371889.0,186943.9901,18881343.0,2000,2010,12921008.0,15584218.0,2663210.0
166,S138036,河北冀州高新技术产业开发区,河北省,冀州,省政府,高新技术产业开发区,2003.01,579.94,采暖铸造、复合材料、化工医药,114.624714,38.043675,114.618925,38.04318,河北省石家庄市裕华区高新技术产业开发区,住宅区,ok,263.63,96.4305,41.8967,387963.3043,0.0172,430.0,3.0,427.0,424.0,18110.0,111393.5686,11362144.0,262703.0,173057.9804,17651914.0,315922.0,217246.0588,22159098.0,346032.0,244037.7549,24891851.0,371398.0,261189.4118,26641320.0,2000,2010,17651914.0,22159098.0,4507184.0
171,S138145,河北安平高新技术产业开发区,河北省,安平,省政府,高新技术产业开发区,2011.02,736.15,丝网产品、汽车零部件,114.624714,38.043675,114.618925,38.04318,河北省石家庄市裕华区高新技术产业开发区,住宅区,ok,263.63,96.4305,41.8967,387963.3043,0.0172,430.0,79.0,351.0,272.0,18110.0,111393.5686,11362144.0,262703.0,173057.9804,17651914.0,315922.0,217246.0588,22159098.0,346032.0,244037.7549,24891851.0,371398.0,261189.4118,26641320.0,2010,2015,22159098.0,24891851.0,2732753.0
173,S138038,河北景县高新技术产业开发区,河北省,景县,省政府,高新技术产业开发区,2006.03,1605.36,新材料、橡塑制品、机械配件,114.624714,38.043675,114.618925,38.04318,河北省石家庄市裕华区高新技术产业开发区,住宅区,ok,263.63,96.4305,41.8967,387963.3043,0.0172,430.0,49.0,381.0,332.0,18110.0,111393.5686,11362144.0,262703.0,173057.9804,17651914.0,315922.0,217246.0588,22159098.0,346032.0,244037.7549,24891851.0,371398.0,261189.4118,26641320.0,2000,2010,17651914.0,22159098.0,4507184.0
212,S158023,内蒙古赤峰高新技术产业开发区,内蒙古自治区,赤峰,省政府,高新技术产业开发区,2002.12,2144.78,冶金、医药、化工、装备制造,119.033956,42.302571,119.027383,42.300357,内蒙古自治区赤峰市红山区高新技术产业开发区,住宅区,ok,242.758,10.2842,9.7239,82381.1723,0.9684,723.0,171.0,552.0,381.0,23739.0,57114.9307,5768608.0,48258.0,78775.604,7956336.0,93961.0,102081.6931,10310251.0,142005.0,114959.8812,11610948.0,263018.0,126343.802,12760724.0,2000,2010,7956336.0,10310251.0,2353915.0
213,S158045,元宝山高新技术产业开发区,内蒙古自治区,元宝山,省政府,高新技术产业开发区,2010.12,949.68,农畜产品加工、有色金属加工、装备制造,121.209896,30.232808,121.205525,30.235222,浙江省宁波市慈溪市元宝山高新技术产业开发区,住宅区,ok,10.429,13.1367,29.0266,233925.6049,0.0598,9.0,1.0,8.0,7.0,1196.0,78603.0588,8017512.0,2992.0,138164.7843,14092808.0,78881.0,182837.8235,18649458.0,163776.0,208417.7647,21258612.0,227582.0,218504.9118,22287501.0,2010,2015,18649458.0,21258612.0,2609154.0
263,S158039,内蒙古阿拉善高新技术产业开发区,内蒙古自治区,阿拉善,省政府,高新技术产业开发区,2002.01,1000.23,盐化工、煤化工、精细化工,106.660998,39.416412,106.656466,39.415621,内蒙古自治区阿拉善盟阿拉善左旗阿拉善高新技术产业开发区,住宅区,ok,946.395,4.2328,5.442,30741.8651,0.0,0.0,0.0,0.0,0.0,1193.0,3223.3163,315885.0,1447.0,11913.1224,1167486.0,79402.0,45236.7857,4433205.0,136974.0,64479.8878,6319029.0,155050.0,70078.2245,6867666.0,2000,2010,1167486.0,4433205.0,3265719.0
289,S218052,抚顺高新技术产业开发区,辽宁省,抚顺,省政府,高新技术产业开发区,2010.04,802.66,石化、精细化工、化工制品,124.089357,41.803071,124.083227,41.800609,辽宁省抚顺市东洲区抚顺高新技术产业开发区,住宅区,ok,211.971,3.1404,12.2094,64490.0003,12.6965,8008.0,2353.0,5655.0,3302.0,12467.0,19083.5243,1965603.0,14832.0,24096.8155,2481972.0,37773.0,37839.5922,3897478.0,52097.0,45975.0777,4735433.0,54078.0,49745.6408,5123801.0,2010,2015,3897478.0,4735433.0,837955.0
308,S218064,盘锦高新技术产业开发区,辽宁省,盘锦,省政府,高新技术产业开发区,2013.11,672.58,石化、石油装备、电子信息,122.150632,41.147003,122.145209,41.144922,辽宁省盘锦市兴隆台区高新技术产业开发区,住宅区,ok,28.537,8.8949,14.0365,121177.5047,0.0305,72.0,66.0,6.0,-60.0,15090.0,60347.82,6034782.0,17645.0,77653.02,7765302.0,60992.0,103911.36,10391136.0,79600.0,120994.08,12099408.0,87841.0,131753.39,13175339.0,2010,2015,10391136.0,12099408.0,1708272.0
311,S218067,铁岭高新技术产业开发区,辽宁省,铁岭,省政府,高新技术产业开发区,2010.04,725.08,装备制造、新材料、农副产品加工,123.620826,42.117227,123.615052,42.115156,辽宁省铁岭市铁岭县铁岭高新技术产业开发区,住宅区,ok,198.637,15.692,7.3945,67888.7732,0.2128,305.0,169.0,136.0,-33.0,7830.0,20623.8462,2144880.0,10470.0,24323.6827,2529663.0,181745.0,45023.5673,4682451.0,289348.0,59591.0192,6197466.0,339800.0,72065.9135,7494855.0,2010,2015,4682451.0,6197466.0,1515015.0
315,S218070,朝阳高新技术产业开发区,辽宁省,朝阳,省政府,高新技术产业开发区,2011.12,1188.28,新能源电器、装备制造、包装,120.488801,41.601855,120.483268,41.599658,辽宁省朝阳市,市,ok,95.477,24.9445,27.1812,265859.0144,0.0918,234.0,151.0,83.0,-68.0,19211.0,78518.5385,8165928.0,31666.0,100789.9712,10482157.0,118554.0,126038.0288,13107955.0,171803.0,141335.8269,14698926.0,214518.0,154019.2885,16018006.0,2010,2015,13107955.0,14698926.0,1590971.0
322,S218039,辽宁葫芦岛高新技术产业开发区,辽宁省,葫芦岛,省政府,高新技术产业开发区,2003.01,934.15,精细化工、机械、电子信息,120.774449,40.735154,120.769143,40.733589,辽宁省葫芦岛市连山区高新技术产业开发区,住宅区,ok,8.141,13.2162,18.9547,108496.4867,0.0857,655.0,1.0,654.0,653.0,407.0,53862.8932,5547878.0,11545.0,69202.233,7127830.0,43961.0,80999.7379,8342973.0,81567.0,91404.2233,9414635.0,124007.0,113941.0097,11735924.0,2000,2010,7127830.0,8342973.0,1215143.0
324,S218075,绥中高新技术产业开发区,辽宁省,绥中,省政府,高新技术产业开发区,2008.04,196.49,装备制造、电子信息、生物医药,87.075269,44.099749,87.072143,44.098379,新疆维吾尔自治区昌吉回族自治州昌吉市高新技术产业开发区,住宅区,ok,3133.125,8.2041,3.8408,40923.3998,0.0014,0.0,0.0,0.0,0.0,7200.0,3198.5146,329447.0,62064.0,10957.9903,1128673.0,81507.0,15805.7864,1627996.0,90391.0,19958.1748,2055692.0,96528.0,28197.0971,2904301.0,2000,2010,1128673.0,1627996.0,499323.0
415,S238061,佳木斯高新技术产业开发区,黑龙江省,佳木斯,省政府,高新技术产业开发区,2010.05,2675.12,装备制造、食品、新材料,130.490331,46.815133,130.482596,46.812947,黑龙江省佳木斯市桦川县高新技术产业开发区,住宅区,ok,937.757,18.755,26.2818,121973.8507,0.2187,516.0,65.0,451.0,386.0,3222.0,51563.4857,5414166.0,5857.0,58369.5429,6128802.0,14519.0,67696.2667,7108108.0,37677.0,75244.1524,7900636.0,116734.0,92089.019,9669347.0,2010,2015,7108108.0,7900636.0,792528.0
426,S238068,牡丹江高新技术产业开发区,黑龙江省,牡丹江,省政府,高新技术产业开发区,2006.08,1346.08,机电一体化、电子信息、医药,129.581372,44.513929,129.574343,44.511976,黑龙江省牡丹江市东安区牡丹江高新技术产业开发区,住宅区,ok,695.526,23.1035,18.2719,111203.0523,0.4679,90.0,29.0,61.0,32.0,45560.0,31832.2039,3278717.0,51261.0,40749.0291,4197150.0,88135.0,49685.1942,5117575.0,129333.0,57535.1165,5926117.0,205194.0,75277.301,7753562.0,2000,2010,4197150.0,5117575.0,920425.0
449,S318027,张江高新区黄浦园,上海市,张江,省政府,高新技术产业开发区,2014.06,528.53,软件、信息技术,114.989056,25.8334,114.984178,25.836455,江西省赣州市章贡区章贡高新区,住宅区,ok,309.853,19.3434,63.8943,381257.5062,8.2667,4454.0,1531.0,2923.0,1392.0,8854.0,55260.6635,5747109.0,18142.0,83086.7596,8641023.0,106773.0,102588.4904,10669203.0,154370.0,112217.6635,11670637.0,164837.0,117350.75,12204478.0,2010,2015,10669203.0,11670637.0,1001434.0
450,S318028,张江高新区徐汇园,上海市,张江,省政府,高新技术产业开发区,2011.11,832.79,软件、信息服务、生物医药,114.939893,25.811109,114.935158,25.81427,江西省赣州市章贡区张江,住宅区,ok,310.281,45.8871,49.6608,395200.6683,2.55,1855.0,257.0,1598.0,1341.0,18681.0,64063.1731,6662570.0,122999.0,98401.7596,10233783.0,221999.0,123621.9327,12856681.0,261732.0,135652.0288,14107811.0,262849.0,140646.0385,14627188.0,2010,2015,12856681.0,14107811.0,1251130.0
451,S318029,张江高新区长宁园,上海市,张江,省政府,高新技术产业开发区,2011.11,986.22,软件、信息服务,112.532265,27.717196,112.526886,27.720581,湖南省湘潭市湘乡市张江,住宅区,ok,519.971,31.8714,21.1416,192663.5799,10.1157,1628.0,184.0,1444.0,1260.0,87533.0,34801.3333,3654140.0,124637.0,53406.2952,5607661.0,152809.0,71088.4762,7464290.0,166706.0,80109.4762,8411495.0,168699.0,85741.0095,9002806.0,2010,2015,7464290.0,8411495.0,947205.0
453,S318030,张江高新区静安园,上海市,张江,省政府,高新技术产业开发区,2014.06,213.15,文化创意,114.939893,25.811109,114.935158,25.81427,江西省赣州市章贡区张江,住宅区,ok,310.281,45.8871,49.6608,395200.6683,2.55,1855.0,705.0,1150.0,445.0,18681.0,64063.1731,6662570.0,122999.0,98401.7596,10233783.0,221999.0,123621.9327,12856681.0,261732.0,135652.0288,14107811.0,262849.0,140646.0385,14627188.0,2010,2015,12856681.0,14107811.0,1251130.0
454,S318031,张江高新区闸北园,上海市,张江,省政府,高新技术产业开发区,2011.11,1373.68,软件、信息服务,114.939893,25.811109,114.935158,25.81427,江西省赣州市章贡区张江,住宅区,ok,310.281,45.8871,49.6608,395200.6683,2.55,1855.0,257.0,1598.0,1341.0,18681.0,64063.1731,6662570.0,122999.0,98401.7596,10233783.0,221999.0,123621.9327,12856681.0,261732.0,135652.0288,14107811.0,262849.0,140646.0385,14627188.0,2010,2015,12856681.0,14107811.0,1251130.0
455,S318002,上海未来岛高新技术产业园区,上海市,未来岛,省政府,高新技术产业开发区,2001.11,96.95,电气、先进制造、电子,121.370259,31.266383,121.365629,31.268223,上海市普陀区上海未来岛高新技术产业园区,住宅区,ok,19.007,69.8296,155.6971,1636531.9377,0.0561,37.0,0.0,37.0,37.0,146416.0,185207.7308,19261604.0,298168.0,268447.8077,27918572.0,323215.0,292439.0096,30413657.0,333715.0,304153.5962,31631974.0,336104.0,309524.4808,32190546.0,2000,2010,27918572.0,30413657.0,2495085.0
457,S318032,张江高新区普陀园,上海市,张江,省政府,高新技术产业开发区,2012.12,911.82,软件、信息服务,108.988777,32.713149,108.984076,32.715325,陕西省安康市汉滨区高新区,住宅区,ok,1014.027,56.2909,42.8247,256220.3806,0.132,569.0,39.0,530.0,491.0,12655.0,51941.0495,5246046.0,45690.0,64929.6238,6557892.0,179963.0,83416.4752,8425064.0,244278.0,95078.1584,9602894.0,280552.0,107546.9208,10862239.0,2010,2015,8425064.0,9602894.0,1177830.0
458,S318033,张江高新区虹口园,上海市,张江,省政府,高新技术产业开发区,2011.11,802.27,软件、信息服务,103.693529,31.139313,103.69133,31.141696,四川省成都市都江堰市虹口,村庄,ok,1124.694,,16.7825,2534.1571,33.6603,1851.0,511.0,1340.0,829.0,0.0,124.4356,12568.0,0.0,169.7426,17144.0,0.0,788.5545,79644.0,0.0,1146.4752,115794.0,0.0,1250.1584,126266.0,2010,2015,79644.0,115794.0,36150.0
459,S318034,张江高新区杨浦园,上海市,张江,省政府,高新技术产业开发区,2011.11,2304.96,软件、信息服务、节能环保,114.939893,25.811109,114.935158,25.81427,江西省赣州市章贡区张江,住宅区,ok,310.281,45.8871,49.6608,395200.6683,2.55,1855.0,257.0,1598.0,1341.0,18681.0,64063.1731,6662570.0,122999.0,98401.7596,10233783.0,221999.0,123621.9327,12856681.0,261732.0,135652.0288,14107811.0,262849.0,140646.0385,14627188.0,2010,2015,12856681.0,14107811.0,1251130.0
461,S318035,张江高新区闵行园,上海市,张江,省政府,高新技术产业开发区,2011.11,2154.48,高端制造、新能源、新能源汽车,113.93116,34.752834,113.925309,34.754001,河南省郑州市中牟县闵行园,兴趣点,ok,526.119,13.1123,18.1686,93023.088,0.1611,761.0,0.0,761.0,761.0,15087.0,20836.9223,2146203.0,17123.0,28524.466,2938020.0,39468.0,55745.4369,5741780.0,59311.0,79476.0874,8186037.0,77428.0,122344.6602,12601500.0,2010,2015,5741780.0,8186037.0,2444257.0
466,S318036,张江高新区嘉定园,上海市,张江,省政府,高新技术产业开发区,2011.11,2079.63,软件、信息服务、新能源汽车,114.939893,25.811109,114.935158,25.81427,江西省赣州市章贡区张江,住宅区,ok,310.281,45.8871,49.6608,395200.6683,2.55,1855.0,257.0,1598.0,1341.0,18681.0,64063.1731,6662570.0,122999.0,98401.7596,10233783.0,221999.0,123621.9327,12856681.0,261732.0,135652.0288,14107811.0,262849.0,140646.0385,14627188.0,2010,2015,12856681.0,14107811.0,1251130.0
471,S318037,张江高新区金桥园,上海市,张江,省政府,高新技术产业开发区,2011.11,1753.33,软件、信息服务、高端制造,114.939893,25.811109,114.935158,25.81427,江西省赣州市章贡区张江,住宅区,ok,310.281,45.8871,49.6608,395200.6683,2.55,1855.0,257.0,1598.0,1341.0,18681.0,64063.1731,6662570.0,122999.0,98401.7596,10233783.0,221999.0,123621.9327,12856681.0,261732.0,135652.0288,14107811.0,262849.0,140646.0385,14627188.0,2010,2015,12856681.0,14107811.0,1251130.0
472,S318038,张江高新区核心园,上海市,张江,省政府,高新技术产业开发区,2011.11,3317.27,软件、信息服务、生物医药,110.280223,21.629744,110.275866,21.632322,广东省湛江市廉江市核心园,兴趣点,ok,23.196,,54.9001,356905.7307,0.8246,1752.0,614.0,1138.0,524.0,19571.0,45612.01,4561201.0,25489.0,66210.42,6621042.0,37945.0,85471.95,8547195.0,43996.0,95830.15,9583015.0,48239.0,102051.91,10205191.0,2010,2015,8547195.0,9583015.0,1035820.0
476,S318039,张江高新区金山园,上海市,张江,省政府,高新技术产业开发区,2012.12,875.48,新材料、生物医药、装备制造,114.939893,25.811109,114.935158,25.81427,江西省赣州市章贡区张江,住宅区,ok,310.281,45.8871,49.6608,395200.6683,2.55,1855.0,294.0,1561.0,1267.0,18681.0,64063.1731,6662570.0,122999.0,98401.7596,10233783.0,221999.0,123621.9327,12856681.0,261732.0,135652.0288,14107811.0,262849.0,140646.0385,14627188.0,2010,2015,12856681.0,14107811.0,1251130.0
480,S318040,张江高新区青浦园,上海市,张江,省政府,高新技术产业开发区,2011.11,57.13,高端制造、生物医药、新材料,121.102393,31.200088,121.097779,31.201942,上海市青浦区张江高新区青浦园,住宅区,ok,39.701,54.15,38.6298,227645.357,0.2113,290.0,0.0,290.0,290.0,14177.0,16360.9485,1587012.0,27614.0,45447.8866,4408445.0,101847.0,99245.4845,9626812.0,150102.0,130255.9072,12634823.0,163889.0,141575.6289,13732836.0,2010,2015,9626812.0,12634823.0,3008011.0
484,S318041,张江高新区奉贤园,上海市,张江,省政府,高新技术产业开发区,2012.12,254.08,装备制造、生物医药,114.939893,25.811109,114.935158,25.81427,江西省赣州市章贡区张江,住宅区,ok,310.281,45.8871,49.6608,395200.6683,2.55,1855.0,294.0,1561.0,1267.0,18681.0,64063.1731,6662570.0,122999.0,98401.7596,10233783.0,221999.0,123621.9327,12856681.0,261732.0,135652.0288,14107811.0,262849.0,140646.0385,14627188.0,2010,2015,12856681.0,14107811.0,1251130.0
487,S318042,张江高新区崇明园,上海市,张江,省政府,高新技术产业开发区,2012.12,3313.82,软件、信息服务、高端制造,121.486624,31.689753,121.482105,31.69164,上海市崇明区崇明园,兴趣点,ok,6.343,,9.3618,37100.6584,1.3353,341.0,3.0,338.0,335.0,22637.0,15656.949,1534381.0,22983.0,22962.0918,2250285.0,27410.0,31823.2959,3118683.0,29315.0,36608.5408,3587637.0,30071.0,39511.0306,3872081.0,2010,2015,3118683.0,3587637.0,468954.0
489,S328001,南京白下高新技术产业园区,江苏省,南京白下,省政府,高新技术产业开发区,2006.08,108.96,智能交通、云计算,118.873247,32.014899,118.868212,32.017093,江苏省南京市秦淮区白下高新技术产业园区,住宅区,ok,72.438,59.2547,46.2043,397172.3702,1.8644,549.0,44.0,505.0,461.0,6401.0,59380.4904,6175571.0,37285.0,87616.9038,9112158.0,134669.0,131819.1923,13709196.0,196817.0,157400.2692,16369628.0,211208.0,168137.1635,17486265.0,2000,2010,9112158.0,13709196.0,4597038.0
497,S328112,江苏省南京白马高新技术产业开发区,江苏省,省南京白马,省政府,高新技术产业开发区,2016.06,306.14,农业装备,118.598556,32.04756,118.593547,32.049782,江苏省南京市浦口区白马村南京高新技术产业开发区(浦口园),住宅区,ok,96.929,14.8829,27.5356,166645.6798,7.5872,2417.0,426.0,1991.0,1565.0,8143.0,25015.3137,2551562.0,8963.0,36762.9412,3749820.0,33854.0,67803.6765,6915975.0,55222.0,87271.098,8901652.0,70689.0,99040.7745,10102159.0,2015,2020,8901652.0,10102159.0,1200507.0
499,S328113,江苏省高淳高新技术产业开发区,江苏省,省高淳,省政府,高新技术产业开发区,2016.05,345.08,新材料、装备制造、医疗健康,118.944471,31.355544,118.939459,31.357696,江苏省南京市高淳区江苏省高淳高新技术产业开发区,住宅区,ok,112.454,51.6478,36.7801,144508.9382,0.6508,367.0,15.0,352.0,337.0,58849.0,26998.0288,2807795.0,74175.0,36190.6731,3763830.0,127345.0,69435.0096,7221241.0,166558.0,93173.75,9690070.0,202378.0,107532.2019,11183349.0,2015,2020,9690070.0,11183349.0,1493279.0
514,S328117,江苏省锡沂高新技术产业开发区,江苏省,省锡沂,省政府,高新技术产业开发区,2016.05,171.55,新材料、装备制造、电子信息,118.884835,32.093548,118.879804,32.095769,江苏省南京市玄武区高新技术产业开发区,住宅区,ok,69.428,83.4527,71.0544,483028.0404,7.7235,1577.0,898.0,679.0,-219.0,77378.0,44064.4902,4494578.0,157593.0,77408.0686,7895623.0,200020.0,128205.5588,13076967.0,220153.0,155975.4412,15909495.0,223729.0,163565.9706,16683729.0,2015,2020,15909495.0,16683729.0,774234.0
516,S328118,江苏省邳州高新技术产业开发区,江苏省,省邳州,省政府,高新技术产业开发区,2016.05,415.99,智能制造、节能环保、新材料,118.046139,34.325112,118.04035,34.326234,江苏省徐州市邳州市邳州高新技术产业开发区,住宅区,ok,114.349,13.4414,13.3053,75760.2732,1.2227,1300.0,24.0,1276.0,1252.0,8495.0,22220.0297,2244223.0,75547.0,47098.0891,4756907.0,194785.0,77185.6535,7795751.0,256817.0,97721.3861,9869860.0,282152.0,117955.0297,11913458.0,2015,2020,9869860.0,11913458.0,2043598.0
524,S328119,江苏省中关村高新技术产业开发区,江苏省,省中关村,省政府,高新技术产业开发区,2016.05,130.51,智能电网设备、装备制造、新能源,119.046195,33.637342,119.040635,33.638646,江苏省淮安市淮阴区中关村高新技术产业开发区,住宅区,ok,114.082,47.6818,28.7992,319440.2076,0.1246,437.0,4.0,433.0,429.0,45326.0,92835.2353,9469194.0,135193.0,129062.9902,13164425.0,278337.0,168679.8529,17205345.0,364341.0,190870.9804,19468840.0,370976.0,200692.0588,20470590.0,2015,2020,19468840.0,20470590.0,1001750.0
525,S328120,江苏省相城高新技术产业开发区,江苏省,省相城,省政府,高新技术产业开发区,2016.05,226.34,新材料、生物医药、装备制造,120.598424,31.382976,120.594247,31.385135,江苏省苏州市相城区江苏省相城高新技术产业开发区,住宅区,ok,48.506,28.0533,36.7495,305314.858,0.4039,687.0,17.0,670.0,653.0,11036.0,37201.26,3720126.0,39543.0,74051.03,7405103.0,139060.0,134950.09,13495009.0,207316.0,171359.42,17135942.0,216557.0,182998.07,18299807.0,2015,2020,17135942.0,18299807.0,1163865.0
526,S328040,江苏省汾湖高新技术产业开发区,江苏省,省汾湖,省政府,高新技术产业开发区,2012.08,173.88,通用设备、电气机械器材、通信设备,118.884835,32.093548,118.879804,32.095769,江苏省南京市玄武区高新技术产业开发区,住宅区,ok,69.428,83.4527,71.0544,483028.0404,7.7235,1577.0,866.0,711.0,-155.0,77378.0,44064.4902,4494578.0,157593.0,77408.0686,7895623.0,200020.0,128205.5588,13076967.0,220153.0,155975.4412,15909495.0,223729.0,163565.9706,16683729.0,2010,2015,13076967.0,15909495.0,2832528.0
527,S328121,江苏省张家港高新技术产业开发区,江苏省,省张家港,省政府,高新技术产业开发区,2015.11,227.07,机械电子装备、新能源、新材料,120.088365,33.319106,120.083273,33.32049,江苏省盐城市盐都区张家港高新技术产业开发区,住宅区,ok,52.16,26.4975,13.15,141625.7228,0.1287,1255.0,6.0,1249.0,1243.0,2963.0,25574.7379,2634198.0,17514.0,45829.9806,4720488.0,117027.0,100735.932,10375801.0,178993.0,132161.7573,13612661.0,190720.0,146597.6117,15099554.0,2015,2020,13612661.0,15099554.0,1486893.0
529,S328122,江苏省太仓高新技术产业开发区,江苏省,省太仓,省政府,高新技术产业开发区,2012.06,345.79,精密机械、汽车零部件、电子信息,121.125414,31.452783,121.120791,31.454561,江苏省苏州市太仓市江苏省太仓高新技术产业开发区,住宅区,ok,19.031,68.1141,36.2987,307594.9083,0.1184,130.0,1.0,129.0,128.0,68427.0,31500.9604,3181597.0,332525.0,71850.9703,7256948.0,368403.0,141225.5248,14263778.0,387535.0,182376.7228,18420049.0,389170.0,201070.3267,20308103.0,2010,2015,14263778.0,18420049.0,4156271.0
532,S328123,江苏省南通市北高新技术产业开发区,江苏省,省南通市北,省政府,高新技术产业开发区,2015.11,423.1,通用装备、海工船舶,121.047932,32.062862,121.043316,32.064734,江苏省南通市通州区高新技术产业开发区,住宅区,ok,19.933,11.7504,17.2185,164350.7285,0.111,270.0,10.0,260.0,250.0,7297.0,30438.198,3074258.0,18327.0,56042.5842,5660301.0,227185.0,122343.1287,12356656.0,328263.0,160921.3168,16253053.0,384803.0,184130.0594,18597136.0,2015,2020,16253053.0,18597136.0,2344083.0
534,S328125,江苏省海安高新技术产业开发区,江苏省,省海安,省政府,高新技术产业开发区,2012.08,563.53,装备制造、新材料、新能源,120.43857,32.516575,120.433838,32.518447,江苏省南通市海安市江苏省海安高新技术产业开发区,住宅区,ok,42.191,26.3858,19.0393,205948.4755,0.1044,34.0,8.0,26.0,18.0,10001.0,36137.6635,3758317.0,49440.0,76278.25,7932938.0,185141.0,165261.0865,17187153.0,252107.0,214346.9038,22292078.0,261833.0,224399.2981,23337527.0,2010,2015,17187153.0,22292078.0,5104925.0
539,S328128,江苏省如皋高新技术产业开发区,江苏省,省如皋,省政府,高新技术产业开发区,2012.06,513.91,光电信息、装备制造、软件,120.61674,32.363447,120.612477,32.365669,江苏省南通市如皋市如皋高新技术产业开发区,住宅区,ok,32.02,6.0635,11.8098,123932.2684,0.8737,2760.0,8.0,2752.0,2744.0,10226.0,25318.3137,2582468.0,24351.0,50644.1667,5165705.0,60809.0,99686.6373,10168037.0,78241.0,125886.0196,12840374.0,81240.0,135119.5686,13782196.0,2010,2015,10168037.0,12840374.0,2672337.0
545,S328129,江苏省东海高新技术产业开发区,江苏省,省东海,省政府,高新技术产业开发区,2015.11,99.22,硅材料、农副产品精深加工、建材,118.705986,34.508547,118.700566,34.509709,江苏省连云港市东海县江苏省东海高新技术产业开发区,住宅区,ok,50.679,11.8662,12.5445,100155.0716,0.0953,390.0,6.0,384.0,378.0,19831.0,44760.7981,4655123.0,21710.0,54799.2019,5699117.0,33960.0,66681.875,6934915.0,53087.0,74532.5096,7751381.0,114601.0,83583.4712,8692681.0,2015,2020,7751381.0,8692681.0,941300.0
556,S328132,江苏省盐城环保高新技术产业开发区,江苏省,省盐城环保,省政府,高新技术产业开发区,2016.05,390.0,环保设备、新材料、环保服务,120.088365,33.319106,120.083273,33.32049,江苏省盐城市盐都区高新技术产业开发区,住宅区,ok,52.16,26.4975,13.15,141625.7228,0.1287,1255.0,6.0,1249.0,1243.0,2963.0,25574.7379,2634198.0,17514.0,45829.9806,4720488.0,117027.0,100735.932,10375801.0,178993.0,132161.7573,13612661.0,190720.0,146597.6117,15099554.0,2015,2020,13612661.0,15099554.0,1486893.0
557,S328133,江苏省盐南高新技术产业开发区,江苏省,省盐南,省政府,高新技术产业开发区,2015.11,299.84,软件、信息技术、装备制造,120.188674,33.325892,120.18381,33.32739,江苏省盐城市盐都区盐城市盐南高新技术产业开发区,住宅区,ok,42.937,39.5858,22.8055,244794.4625,0.0768,225.0,0.0,225.0,225.0,3107.0,20362.06,2036206.0,5234.0,50841.68,5084168.0,118293.0,132120.07,13212007.0,220218.0,180121.59,18012159.0,237540.0,196133.38,19613338.0,2015,2020,18012159.0,19613338.0,1601179.0
565,S328135,江苏省建湖高新技术产业开发区,江苏省,省建湖,省政府,高新技术产业开发区,2015.11,390.0,石油机械、汽车及零部件、通用航空,120.080911,31.463771,120.075989,31.465554,江苏省常州市武进区建湖村,村庄,ok,49.664,15.2617,23.6825,85209.4686,5.3123,1469.0,152.0,1317.0,1165.0,70181.0,15881.5922,1635804.0,81915.0,25466.8544,2623086.0,113981.0,44651.4272,4599097.0,140464.0,57092.534,5880531.0,150493.0,61794.5728,6364841.0,2015,2020,5880531.0,6364841.0,484310.0
567,S328136,江苏省杭集高新技术产业开发区,江苏省,省杭集,省政府,高新技术产业开发区,2016.05,466.03,新材料、智能装备、洗漱用品,118.884835,32.093548,118.879804,32.095769,江苏省南京市玄武区高新技术产业开发区,住宅区,ok,69.428,83.4527,71.0544,483028.0404,7.7235,1577.0,898.0,679.0,-219.0,77378.0,44064.4902,4494578.0,157593.0,77408.0686,7895623.0,200020.0,128205.5588,13076967.0,220153.0,155975.4412,15909495.0,223729.0,163565.9706,16683729.0,2015,2020,15909495.0,16683729.0,774234.0
578,S328138,江苏省丹阳高新技术产业开发区,江苏省,省丹阳,省政府,高新技术产业开发区,2016.05,370.5,医疗器械、电子信息、汽车及零部件,119.574142,31.958367,119.569187,31.960541,江苏省镇江市丹阳市丹阳高新技术产业开发区,住宅区,ok,25.972,16.7515,23.5753,220971.2496,0.2191,305.0,31.0,274.0,243.0,8281.0,53411.0,5341100.0,12192.0,86405.06,8640506.0,82453.0,119540.52,11954052.0,129443.0,139080.06,13908006.0,152447.0,147190.75,14719075.0,2015,2020,13908006.0,14719075.0,811069.0
579,S328139,江苏省扬中高新技术产业开发区,江苏省,省扬中,省政府,高新技术产业开发区,2015.11,274.26,光伏、能源装备、电器设备,119.764063,32.23084,119.759011,32.232895,江苏省镇江市扬中市江苏省扬中高新技术产业开发区,住宅区,ok,0.873,15.5733,15.5149,117370.5082,0.4089,101.0,31.0,70.0,39.0,4782.0,25387.0396,2564091.0,84069.0,73544.0891,7427953.0,172502.0,118161.703,11934332.0,216317.0,139961.2772,14136089.0,246414.0,145704.8515,14716190.0,2015,2020,14136089.0,14716190.0,580101.0
628,S338058,新昌高新技术产业园区,浙江省,新昌,省政府,高新技术产业开发区,2001.12,447.14,装备制造、生物医药、文化,120.843845,29.51404,120.839763,29.516701,浙江省绍兴市新昌县高新技术产业园区,住宅区,ok,61.07,33.1984,30.2232,146129.2333,12.22,3567.0,35.0,3532.0,3497.0,22063.0,12159.44,1215944.0,41899.0,28934.7,2893470.0,123014.0,55582.82,5558282.0,190422.0,71748.72,7174872.0,215738.0,79308.38,7930838.0,2000,2010,2893470.0,5558282.0,2664812.0
642,S338105,永康现代农业装备高新技术产业园区,浙江省,永康现代农业装备,省政府,高新技术产业开发区,2013.02,586.29,五金制品、农业装备及零部件,104.014415,24.826651,104.012288,24.82957,云南省曲靖市师宗县师宗现代农业装备,兴趣点,ok,500.7,13.8038,8.1532,81988.7922,6.253,1319.0,83.0,1236.0,1153.0,15761.0,17796.3365,1850819.0,22769.0,25495.4712,2651529.0,46869.0,34394.6154,3577040.0,57775.0,38664.8846,4021148.0,67730.0,40996.4231,4263628.0,2010,2015,3577040.0,4021148.0,444108.0
673,S348001,合肥新站高新技术产业开发区,安徽省,合肥新站,省政府,高新技术产业开发区,2006.04,886.16,电子信息、装备制造、新能源,117.323398,31.900896,117.317782,31.902834,安徽省合肥市瑶海区合肥新站高新技术产业开发区,住宅区,ok,218.551,168.0123,80.6106,860195.5616,0.0905,144.0,16.0,128.0,112.0,43097.0,131614.6893,13556313.0,132452.0,167154.6214,17216926.0,282427.0,220179.767,22678516.0,344742.0,250453.6408,25796725.0,355869.0,273342.9029,28154319.0,2000,2010,17216926.0,22678516.0,5461590.0
696,S348033,安徽淮南高新技术产业开发区,安徽省,淮南,省政府,高新技术产业开发区,2014.09,564.2,装备制造、数据信息、生物医药,117.00475,32.556631,116.999309,32.558689,安徽省淮南市田家庵区高新技术产业开发区,住宅区,ok,246.767,14.5033,16.3926,109453.3337,0.1612,1063.0,31.0,1032.0,1001.0,4217.0,18867.9091,1867923.0,5743.0,23924.3232,2368508.0,55437.0,44025.5354,4358528.0,86844.0,57283.2525,5671042.0,98210.0,64355.6566,6371210.0,2010,2015,4358528.0,5671042.0,1312514.0
701,S348091,安徽博望高新技术产业开发区,安徽省,博望,省政府,高新技术产业开发区,2011.12,389.51,机床刃模具、机械配件、特种合金新材料,118.869986,31.558226,118.864988,31.560357,安徽省马鞍山市博望区安徽博望高新技术产业开发区,住宅区,ok,99.492,,13.1512,41071.1542,0.9364,469.0,10.0,459.0,449.0,15463.0,22938.5769,2385612.0,27365.0,30625.8365,3185087.0,57919.0,50093.4519,5209719.0,80590.0,61603.3173,6406745.0,96889.0,66233.6442,6888299.0,2010,2015,5209719.0,6406745.0,1197026.0
713,S348076,安徽安庆高新技术产业开发区,安徽省,安庆,省政府,高新技术产业开发区,2013.12,958.8,化工、新材料、机械,117.115349,30.531828,117.109842,30.534093,安徽省安庆市,市,ok,300.632,53.7262,39.3585,234812.6186,0.1388,260.0,109.0,151.0,42.0,533.0,26249.5534,2703704.0,2683.0,48821.2136,5028585.0,36934.0,79593.699,8198151.0,58318.0,97892.932,10082972.0,71702.0,110127.1942,11343101.0,2010,2015,8198151.0,10082972.0,1884821.0
742,S348027,安徽阜阳界首高新技术产业开发区,安徽省,阜阳界首,省政府,高新技术产业开发区,2006.02,510.04,循环经济、食品、生物医药,115.41363,33.245663,115.407831,33.247173,安徽省阜阳市界首市界首高新技术产业开发区,住宅区,ok,385.849,14.2545,15.489,122626.0792,0.5043,1761.0,4.0,1757.0,1753.0,1018.0,25030.5,2553111.0,7802.0,60911.7255,6212996.0,100941.0,86789.6863,8852548.0,168117.0,102490.9216,10454074.0,234166.0,117686.1275,12003985.0,2000,2010,6212996.0,8852548.0,2639552.0
759,S348073,安徽池州高新技术产业开发区,安徽省,池州,省政府,高新技术产业开发区,2006.02,797.18,电子信息、装备制造、新材料,117.575336,30.699628,117.570095,30.70217,安徽省池州市贵池区安徽池州高新技术产业开发区,住宅区,ok,254.782,19.7896,14.2144,54967.0748,6.7478,7354.0,391.0,6963.0,6572.0,0.0,3311.4327,344389.0,0.0,5483.5,570284.0,102622.0,23796.5,2474836.0,188246.0,37375.6923,3887072.0,194640.0,44592.7788,4637649.0,2000,2010,570284.0,2474836.0,1904552.0
769,S358001,福州高新技术产业园区,福建省,福州,省政府,高新技术产业开发区,2006.08,67.37,软硬件产品,119.270253,26.111505,119.265481,26.114662,福建省福州市鼓楼区福州高新技术产业园区,住宅区,ok,4.417,58.7726,96.6223,631909.7041,12.1234,5310.0,697.0,4613.0,3916.0,15055.0,90519.9608,9233036.0,78100.0,123086.5686,12554830.0,114800.0,134903.6078,13760168.0,135157.0,141075.5784,14389709.0,151327.0,144404.8627,14729296.0,2000,2010,12554830.0,13760168.0,1205338.0
852,S368017,江西湖口高新技术产业园区,江西省,湖口,省政府,高新技术产业开发区,2006.05,2005.2,冶金、材料、化工、能源,116.29449,29.748847,116.289458,29.751344,江西省九江市湖口县高新技术产业园区,住宅区,ok,375.574,,18.5955,60565.3834,4.5668,1666.0,101.0,1565.0,1464.0,20295.0,21064.56,2106456.0,30713.0,31660.49,3166049.0,90374.0,57113.16,5711316.0,127521.0,70500.54,7050054.0,153797.0,77136.73,7713673.0,2000,2010,3166049.0,5711316.0,2545267.0
855,S368008,江西九江共青城高新技术产业园区,江西省,九江共青城,省政府,高新技术产业开发区,1992.05,293.13,纺织服装、电子信息、新能源,116.29449,29.748847,116.289458,29.751344,江西省九江市湖口县高新技术产业园区,住宅区,ok,375.574,,18.5955,60565.3834,4.5668,1666.0,0.0,1666.0,1666.0,20295.0,21064.56,2106456.0,30713.0,31660.49,3166049.0,90374.0,57113.16,5711316.0,127521.0,70500.54,7050054.0,153797.0,77136.73,7713673.0,1990,2000,2106456.0,3166049.0,1059593.0
892,S368047,江西宜春丰城高新技术产业园区,江西省,宜春丰城,省政府,高新技术产业开发区,2006.03,428.29,装备制造、医药、新材料,115.732391,28.208211,115.727318,28.211535,江西省宜春市丰城市高新技术产业园区,住宅区,ok,404.526,66.222,36.1619,165621.4603,0.0815,707.0,6.0,701.0,695.0,30965.0,25229.7692,2623896.0,42412.0,36222.6827,3767159.0,160896.0,48576.0288,5051907.0,226377.0,55624.3558,5784933.0,232769.0,60061.8942,6246437.0,2000,2010,3767159.0,5051907.0,1284748.0
904,S368057,江西上饶高新技术产业园区,江西省,上饶,省政府,高新技术产业开发区,2006.05,282.47,金属新材料、电子信息、卷烟,117.401992,28.366667,117.396556,28.369768,江西省上饶市弋阳县高新技术产业园区,住宅区,ok,277.502,,23.7152,57983.7774,2.9505,5872.0,11.0,5861.0,5850.0,5696.0,20670.4141,2046371.0,5816.0,28054.7273,2777418.0,7918.0,34619.7273,3427353.0,10461.0,38042.7778,3766235.0,20847.0,41570.0404,4115434.0,2000,2010,2777418.0,3427353.0,649935.0
908,S368061,江西弋阳高新技术产业园区,江西省,弋阳,省政府,高新技术产业开发区,2006.03,590.96,有色金属加工、生物医药、机械电子,117.401992,28.366667,117.396556,28.369768,江西省上饶市弋阳县高新技术产业园区,住宅区,ok,277.502,,23.7152,57983.7774,2.9505,5872.0,11.0,5861.0,5850.0,5696.0,20670.4141,2046371.0,5816.0,28054.7273,2777418.0,7918.0,34619.7273,3427353.0,10461.0,38042.7778,3766235.0,20847.0,41570.0404,4115434.0,2000,2010,2777418.0,3427353.0,649935.0
909,S368062,江西余干高新技术产业园区,江西省,余干,省政府,高新技术产业开发区,2006.03,90.74,电力能源、有色金属加工、建材,116.841164,28.465958,116.836316,28.469346,江西省上饶市余干县余干高新技术产业园区,住宅区,ok,328.314,,24.662,79682.9175,2.9164,4370.0,278.0,4092.0,3814.0,9450.0,10977.7228,1108750.0,13637.0,15222.1485,1537437.0,17638.0,23394.4356,2362838.0,19736.0,28903.099,2919213.0,20072.0,36168.5149,3653020.0,2000,2010,1537437.0,2362838.0,825401.0
911,S368064,江西万年高新技术产业园区,江西省,万年,省政府,高新技术产业开发区,2006.03,982.42,机械电子、食品、纺织服装,117.048166,28.711495,117.042907,28.714514,江西省上饶市万年县高新技术产业园区,住宅区,ok,328.488,17.8752,16.1741,106102.4006,13.0624,11269.0,1950.0,9319.0,7369.0,11035.0,25211.0667,2647162.0,45265.0,34816.4095,3655723.0,94994.0,51886.6,5448093.0,132579.0,61140.8952,6419794.0,175389.0,66567.2952,6989566.0,2000,2010,3655723.0,5448093.0,1792370.0
926,S378015,山东即墨高新技术产业园区,山东省,即墨,省政府,高新技术产业开发区,2001.01,161.36,通用航空、生物医药、电子信息,119.497719,35.998162,119.49211,35.998089,山东省潍坊市诸城市高新技术产业园区,住宅区,ok,46.822,9.3939,8.0891,82492.487,0.038,559.0,0.0,559.0,559.0,48827.0,22038.5,2203850.0,72556.0,32946.55,3294655.0,110235.0,67813.89,6781389.0,130487.0,91594.44,9159444.0,142668.0,106073.39,10607339.0,2000,2010,3294655.0,6781389.0,3486734.0
946,S378036,东营高新技术产业开发区,山东省,东营,省政府,高新技术产业开发区,2006.03,590.15,石化、石油装备、精密铸造,118.436778,37.41409,118.430773,37.413177,山东省东营市东营区高新技术产业开发区,住宅区,ok,45.664,5.2097,7.4218,68391.9063,0.035,23.0,12.0,11.0,-1.0,17143.0,70102.3558,7290645.0,18650.0,94488.2019,9826773.0,110975.0,120726.0769,12555512.0,182396.0,135797.2885,14122918.0,206602.0,146584.3558,15244773.0,2000,2010,9826773.0,12555512.0,2728739.0
955,S378052,山东龙口高新技术产业园区,山东省,龙口,省政府,高新技术产业开发区,2006.08,368.39,汽车零配件、有色金属加工、农副产品加工,120.513492,37.608498,120.508532,37.6077,山东省烟台市龙口市龙口高新技术产业园,住宅区,ok,14.619,28.8209,17.2005,151296.0145,0.0878,1126.0,102.0,1024.0,922.0,17180.0,51916.9706,5295531.0,37380.0,83679.5196,8535311.0,153873.0,120203.2255,12260729.0,237803.0,143693.0686,14656693.0,266081.0,159633.6078,16282628.0,2000,2010,8535311.0,12260729.0,3725418.0
963,S378057,山东潍坊凤凰山高新技术产业园区,山东省,潍坊凤凰山,省政府,高新技术产业开发区,1994.11,799.99,机械装备、电子信息、农副产品加工,119.497719,35.998162,119.49211,35.998089,山东省潍坊市诸城市高新技术产业园区,住宅区,ok,46.822,9.3939,8.0891,82492.487,0.038,559.0,0.0,559.0,559.0,48827.0,22038.5,2203850.0,72556.0,32946.55,3294655.0,110235.0,67813.89,6781389.0,130487.0,91594.44,9159444.0,142668.0,106073.39,10607339.0,1990,2000,2203850.0,3294655.0,1090805.0
993,S378087,山东肥城高新技术产业园区,山东省,肥城,省政府,高新技术产业开发区,1995.08,490.09,机械、纺织、化工、节能环保,119.497719,35.998162,119.49211,35.998089,山东省潍坊市诸城市高新技术产业园区,住宅区,ok,46.822,9.3939,8.0891,82492.487,0.038,559.0,0.0,559.0,559.0,48827.0,22038.5,2203850.0,72556.0,32946.55,3294655.0,110235.0,67813.89,6781389.0,130487.0,91594.44,9159444.0,142668.0,106073.39,10607339.0,1990,2000,2203850.0,3294655.0,1090805.0
999,S378097,山东日照高新技术产业开发区,山东省,日照,省政府,高新技术产业开发区,2006.03,400.01,装备制造、电子信息、食品,119.492594,35.464692,119.487022,35.464842,山东省日照市东港区日照高新技术产业开发区,住宅区,ok,8.309,13.5834,15.7981,159860.5654,0.0194,107.0,2.0,105.0,103.0,0.0,46068.5392,4698991.0,293.0,78708.4706,8028264.0,103787.0,121876.0294,12431355.0,193457.0,153841.049,15691787.0,274200.0,188361.0686,19212829.0,2000,2010,8028264.0,12431355.0,4403091.0
1026,S378157,聊城高新技术产业开发区,山东省,聊城,省政府,高新技术产业开发区,2008.01,312.97,化工、新材料、高端制造,116.04178,36.438563,116.035929,36.438322,山东省聊城市东昌府区聊城高新技术产业开发区,住宅区,ok,258.723,18.6392,28.2292,263801.5846,0.335,268.0,80.0,188.0,108.0,39209.0,74652.819,7838546.0,50580.0,98868.5619,10381199.0,144220.0,155370.0762,16313858.0,216583.0,190091.819,19959641.0,300387.0,217260.581,22812361.0,2000,2010,10381199.0,16313858.0,5932659.0
1034,S378158,滨州高新技术产业开发区,山东省,滨州,省政府,高新技术产业开发区,2008.01,1867.33,生物医药、装备制造、纺织,118.064822,37.282578,118.058671,37.281726,山东省滨州市滨城区滨州高新技术产业开发区,住宅区,ok,95.149,9.3367,5.5387,54667.1731,0.1355,313.0,0.0,313.0,313.0,2194.0,20586.7115,2141018.0,7408.0,30266.5962,3147726.0,102552.0,47655.5385,4956176.0,162727.0,59692.2788,6207997.0,195723.0,69107.4808,7187178.0,2000,2010,3147726.0,4956176.0,1808450.0
1041,S378147,菏泽高新技术产业开发区,山东省,菏泽,省政府,高新技术产业开发区,2006.03,400.0,医药、机械、电子、新材料,115.423369,35.282314,115.417369,35.282545,山东省菏泽市牡丹区高新技术产业开发区,住宅区,ok,345.465,18.1927,23.5372,218236.4784,0.2964,938.0,0.0,938.0,938.0,29915.0,81087.9307,8189881.0,40628.0,99499.0396,10049403.0,148030.0,139614.1485,14101029.0,208486.0,164159.5941,16580119.0,260328.0,183464.1584,18529880.0,2000,2010,10049403.0,14101029.0,4051626.0
1051,S418025,郑州金水高新技术产业开发区,河南省,郑州金水,省政府,高新技术产业开发区,2016.06,760.46,信息技术、生物医药,87.075269,44.099749,87.072143,44.098379,新疆维吾尔自治区昌吉回族自治州昌吉市高新技术产业开发区,住宅区,ok,3133.125,8.2041,3.8408,40923.3998,0.0014,0.0,0.0,0.0,0.0,7200.0,3198.5146,329447.0,62064.0,10957.9903,1128673.0,81507.0,15805.7864,1627996.0,90391.0,19958.1748,2055692.0,96528.0,28197.0971,2904301.0,2015,2020,2055692.0,2904301.0,848609.0
1077,S418049,宝丰高新技术产业开发区,河南省,宝丰,省政府,高新技术产业开发区,2012.02,253.95,光电、装备制造、物流,113.071607,33.834725,113.065226,33.836033,河南省平顶山市宝丰县宝丰高新技术产业开发区,住宅区,ok,572.441,13.398,22.8106,137844.668,0.0779,387.0,5.0,382.0,377.0,35944.0,63238.549,6450332.0,39208.0,74858.3431,7635551.0,62157.0,89875.6275,9167314.0,90561.0,101142.3235,10316517.0,189266.0,121532.3725,12396302.0,2010,2015,9167314.0,10316517.0,1149203.0
1107,S418078,孟州高新技术产业开发区,河南省,孟州,省政府,高新技术产业开发区,2012.02,901.85,装备制造、化工、皮毛加工,87.075269,44.099749,87.072143,44.098379,新疆维吾尔自治区昌吉回族自治州昌吉市高新技术产业开发区,住宅区,ok,3133.125,8.2041,3.8408,40923.3998,0.0014,0.0,0.0,0.0,0.0,7200.0,3198.5146,329447.0,62064.0,10957.9903,1128673.0,81507.0,15805.7864,1627996.0,90391.0,19958.1748,2055692.0,96528.0,28197.0971,2904301.0,2010,2015,1627996.0,2055692.0,427696.0
1114,S418084,许昌高新技术产业开发区,河南省,许昌,省政府,高新技术产业开发区,2012.11,1101.68,装备制造、食品,113.852004,34.03732,113.846131,34.038877,河南省许昌市,市,ok,497.266,52.0316,42.2876,467320.182,0.0574,661.0,2.0,659.0,657.0,196168.0,116129.9192,11496862.0,252325.0,148991.7172,14750180.0,255886.0,183710.4545,18187335.0,259531.0,206662.7879,20459616.0,270612.0,222140.7475,21991934.0,2010,2015,18187335.0,20459616.0,2272281.0
1123,S418092,三门峡高新技术产业开发区,河南省,三门峡,省政府,高新技术产业开发区,2012.02,1760.26,有色金属加工、装备制造、新能源,111.200482,34.773196,111.194488,34.774183,河南省三门峡市,市,ok,709.741,103.9022,28.271,262722.3408,0.1196,521.0,27.0,494.0,467.0,382453.0,73053.6471,7451472.0,393023.0,97159.1863,9910237.0,393023.0,116830.5588,11916717.0,393870.0,126886.951,12942469.0,398099.0,133443.902,13611278.0,2010,2015,11916717.0,12942469.0,1025752.0
1131,S418100,宛西高新技术产业开发区,河南省,宛西,省政府,高新技术产业开发区,2012.11,744.14,装备制造、新材料,87.075269,44.099749,87.072143,44.098379,新疆维吾尔自治区昌吉回族自治州昌吉市高新技术产业开发区,住宅区,ok,3133.125,8.2041,3.8408,40923.3998,0.0014,0.0,0.0,0.0,0.0,7200.0,3198.5146,329447.0,62064.0,10957.9903,1128673.0,81507.0,15805.7864,1627996.0,90391.0,19958.1748,2055692.0,96528.0,28197.0971,2904301.0,2010,2015,1627996.0,2055692.0,427696.0
1142,S418110,民权高新技术产业开发区,河南省,民权,省政府,高新技术产业开发区,2012.02,1153.91,装备制造、食品,114.076225,32.118889,114.070341,32.120838,河南省信阳市浉河区民权街道高新技术产业开发区,住宅区,ok,522.193,56.1117,28.3827,282294.7736,1.8499,2255.0,261.0,1994.0,1733.0,419780.0,98340.8725,10030769.0,419780.0,121044.5,12346539.0,419780.0,162078.6471,16532022.0,419780.0,185211.1176,18891534.0,419780.0,192355.951,19620307.0,2010,2015,16532022.0,18891534.0,2359512.0
1145,S418113,柘城高新技术产业开发区,河南省,柘城,省政府,高新技术产业开发区,2012.11,1324.04,金刚石及超硬材料、医药,87.075269,44.099749,87.072143,44.098379,新疆维吾尔自治区昌吉回族自治州昌吉市高新技术产业开发区,住宅区,ok,3133.125,8.2041,3.8408,40923.3998,0.0014,0.0,0.0,0.0,0.0,7200.0,3198.5146,329447.0,62064.0,10957.9903,1128673.0,81507.0,15805.7864,1627996.0,90391.0,19958.1748,2055692.0,96528.0,28197.0971,2904301.0,2010,2015,1627996.0,2055692.0,427696.0
1150,S418118,信阳高新技术产业开发区,河南省,信阳,省政府,高新技术产业开发区,2012.11,1099.74,电子信息、装备制造,114.180406,32.125911,114.174712,32.127956,河南省信阳市平桥区信阳高新技术产业开发区,住宅区,ok,512.32,24.3576,17.4723,169935.889,0.612,2720.0,158.0,2562.0,2404.0,49786.0,28030.6535,2831096.0,77733.0,40655.6238,4106218.0,157886.0,74557.6139,7530319.0,195403.0,95099.2871,9605028.0,204850.0,105446.297,10650076.0,2010,2015,7530319.0,9605028.0,2074709.0
1195,S428054,黄石大冶湖高新技术产业园区,湖北省,黄石大冶湖,省政府,高新技术产业开发区,1995.01,744.18,生命健康、装备制造、新材料,114.942157,30.137515,114.93709,30.140199,湖北省黄石市大冶市高新技术产业园区,住宅区,ok,500.057,26.1645,19.4782,203098.8032,0.1532,979.0,0.0,979.0,979.0,5387.0,40814.3737,4040623.0,9155.0,59355.202,5876165.0,146406.0,98419.9394,9743574.0,230462.0,122573.9192,12134818.0,241485.0,138456.6566,13707209.0,1990,2000,4040623.0,5876165.0,1835542.0
1211,S428072,宜都高新技术产业园区,湖北省,宜都,省政府,高新技术产业开发区,2004.07,663.14,精细化工、装备制造、新能源、新材料,111.46838,30.316053,111.462567,30.318534,湖北省宜昌市宜都市高新技术产业园区,住宅区,ok,823.4,3.7325,5.1352,50304.6897,6.5142,6075.0,9.0,6066.0,6057.0,153.0,11758.2621,1211101.0,207.0,18108.2136,1865146.0,4164.0,32085.8835,3304846.0,12618.0,40224.3883,4143112.0,44417.0,47331.1165,4875105.0,2000,2010,1865146.0,3304846.0,1439700.0
1232,S428061,荆州高新技术产业园区,湖北省,荆州,省政府,高新技术产业开发区,1992.08,2139.66,农产品精深加工、装备制造、生物技术,112.323403,30.253304,112.317614,30.255785,湖北省荆州市沙市区高新技术产业园区,住宅区,ok,798.424,23.5596,20.148,162090.915,0.1683,339.0,0.0,339.0,339.0,18551.0,29226.0505,2893379.0,28147.0,41620.3131,4120411.0,60489.0,67647.1111,6697064.0,78825.0,82849.1111,8202062.0,100775.0,97971.2222,9699151.0,1990,2000,2893379.0,4120411.0,1227032.0
1241,S428049,红安高新技术产业园区,湖北省,红安,省政府,高新技术产业开发区,2006.03,211.28,食品饮料、建材,106.321764,38.951524,106.317201,38.950798,宁夏回族自治区石嘴山市大武口区高新技术产业园区,住宅区,ok,975.488,10.5872,9.0089,39395.8983,0.0286,1.0,0.0,1.0,1.0,45347.0,24604.951,2509705.0,64106.0,33341.3627,3400819.0,149057.0,43275.6373,4414115.0,236500.0,54832.6176,5592927.0,493358.0,91610.2353,9344244.0,2000,2010,3400819.0,4414115.0,1013296.0
1262,S428084,潜江高新技术产业园区,湖北省,潜江,省政府,高新技术产业开发区,2012.12,402.19,石油化工、光电子信息、新能源、新材料,112.900279,30.401954,112.894697,30.404677,湖北省潜江市,区县,ok,668.983,24.3825,12.1046,128683.9778,0.1161,463.0,91.0,372.0,281.0,109022.0,30191.9118,3079575.0,247337.0,53312.8431,5437910.0,281666.0,79929.951,8152855.0,295872.0,95321.9216,9722836.0,298224.0,105345.402,10745231.0,2010,2015,8152855.0,9722836.0,1569981.0
1271,S438076,宁乡高新技术产业园区,湖南省,宁乡,省政府,高新技术产业开发区,2012.11,1530.44,新材料、装备制造、节能环保,112.660101,28.273262,112.654685,28.276733,湖南省长沙市宁乡市宁乡高新技术产业园区,住宅区,ok,576.766,36.158,19.6454,80074.7154,3.8741,10025.0,4927.0,5098.0,171.0,0.0,9209.88,920988.0,233.0,14263.44,1426344.0,215889.0,38582.94,3858294.0,336232.0,53621.88,5362188.0,427649.0,63759.75,6375975.0,2010,2015,3858294.0,5362188.0,1503894.0
1272,S438077,浏阳高新技术产业开发区,湖南省,浏阳,省政府,高新技术产业开发区,2012.11,778.28,通用设备、汽车零部件,113.300718,28.213945,113.294962,28.217248,湖南省长沙市浏阳市湖南浏阳高新技术产业开发区,住宅区,ok,562.0,28.7781,15.5231,73827.9408,2.973,3853.0,917.0,2936.0,2019.0,5861.0,18881.44,1888144.0,40062.0,34090.51,3409051.0,158065.0,55879.45,5587945.0,228859.0,67279.33,6727933.0,259900.0,73575.77,7357577.0,2010,2015,5587945.0,6727933.0,1139988.0
1283,S438081,韶山高新技术产业开发区,湖南省,韶山,省政府,高新技术产业开发区,2012.04,450.0,装备制造、节能环保、医药,112.550029,27.904496,112.54468,27.907951,湖南省湘潭市韶山市韶山高新技术产业开发区,住宅区,ok,538.945,12.3464,7.3574,45932.3348,7.8695,4981.0,648.0,4333.0,3685.0,9960.0,12077.404,1195663.0,15883.0,18226.4545,1804419.0,61920.0,32163.3131,3184168.0,85602.0,40295.9798,3989302.0,95022.0,46760.9899,4629338.0,2010,2015,3184168.0,3989302.0,805134.0
1286,S438013,湖南衡阳西渡高新技术产业园区,湖南省,衡阳西渡,省政府,高新技术产业开发区,1994.03,743.28,医药、智能机器、非金属矿物制品,112.573241,26.900573,112.568007,26.904158,湖南省衡阳市蒸湘区高新技术产业园区,住宅区,ok,430.357,99.4394,58.7665,479064.4579,0.9232,647.0,0.0,647.0,647.0,18492.0,80480.901,8128571.0,218592.0,131592.901,13290883.0,282610.0,180223.6139,18202585.0,308663.0,206116.9901,20817816.0,312345.0,220015.8317,22221599.0,1990,2000,8128571.0,13290883.0,5162312.0
1304,S438090,岳阳临港高新技术产业开发区,湖南省,岳阳临港,省政府,高新技术产业开发区,2012.04,1815.1,物流、装备制造、电子信息,113.154534,28.78252,113.148658,28.785545,湖南省岳阳市汨罗市高新技术产业开发区,住宅区,ok,625.953,,14.7986,109406.1047,2.4735,10016.0,2026.0,7990.0,5964.0,3003.0,13754.2871,1389183.0,8053.0,27033.5248,2730386.0,71981.0,50957.6139,5146719.0,119976.0,63994.6733,6463462.0,171401.0,71053.5248,7176406.0,2010,2015,5146719.0,6463462.0,1316743.0
1307,S438092,岳阳高新技术产业园区,湖南省,岳阳,省政府,高新技术产业开发区,2012.11,458.0,生物医药、机械、新材料,113.157734,29.113684,113.151835,29.116457,湖南省岳阳市岳阳县高新技术产业园区,住宅区,ok,662.46,,12.7053,43363.1527,1.2086,12024.0,532.0,11492.0,10960.0,8179.0,16002.1515,1584213.0,11452.0,19108.101,1891702.0,34645.0,23143.5556,2291212.0,64891.0,25770.5253,2551282.0,164516.0,29677.1616,2938039.0,2010,2015,2291212.0,2551282.0,260070.0
1309,S438034,湘阴高新技术产业园区,湖南省,湘阴,省政府,高新技术产业开发区,2006.04,104.83,机械、食品、电子信息,106.321764,38.951524,106.317201,38.950798,宁夏回族自治区石嘴山市大武口区高新技术产业园区,住宅区,ok,975.488,10.5872,9.0089,39395.8983,0.0286,1.0,0.0,1.0,1.0,45347.0,24604.951,2509705.0,64106.0,33341.3627,3400819.0,149057.0,43275.6373,4414115.0,236500.0,54832.6176,5592927.0,493358.0,91610.2353,9344244.0,2000,2010,3400819.0,4414115.0,1013296.0
1310,S438033,平江高新技术产业园区,湖南省,平江,省政府,高新技术产业开发区,2002.02,227.76,食品、新材料、装备制造,113.281611,28.784371,113.275839,28.787502,湖南省岳阳市平江县高新技术产业园区,住宅区,ok,625.17,,21.2304,59360.0797,18.1977,13757.0,67.0,13690.0,13623.0,7374.0,5933.6,593360.0,16915.0,10864.61,1086461.0,68899.0,18211.35,1821135.0,107380.0,23003.45,2300345.0,133173.0,28945.73,2894573.0,2000,2010,1086461.0,1821135.0,734674.0
1314,S438038,湖南汉寿高新技术产业园区,湖南省,汉寿,省政府,高新技术产业开发区,1994.03,947.96,装备制造、生物医药、精细化工,111.943128,28.784311,111.937665,28.787625,湖南省常德市汉寿县高新技术产业园区,住宅区,ok,647.619,,12.5493,36568.7006,6.3049,10157.0,0.0,10157.0,10157.0,6147.0,3773.8788,373614.0,6369.0,8346.8687,826340.0,25448.0,15138.9697,1498758.0,53123.0,19855.7677,1965721.0,148580.0,26706.9899,2643992.0,1990,2000,373614.0,826340.0,452726.0
1319,S438096,津市高新技术产业开发区,湖南省,津市,省政府,高新技术产业开发区,2012.11,639.48,汽车零部件、纺织、生物医药,87.075269,44.099749,87.072143,44.098379,新疆维吾尔自治区昌吉回族自治州昌吉市高新技术产业开发区,住宅区,ok,3133.125,8.2041,3.8408,40923.3998,0.0014,0.0,0.0,0.0,0.0,7200.0,3198.5146,329447.0,62064.0,10957.9903,1128673.0,81507.0,15805.7864,1627996.0,90391.0,19958.1748,2055692.0,96528.0,28197.0971,2904301.0,2010,2015,1627996.0,2055692.0,427696.0
1327,S438045,湖南沅江高新技术产业园区,湖南省,沅江,省政府,高新技术产业开发区,2006.05,151.45,专用设备、运输设备,112.358089,28.810661,112.352354,28.813655,湖南省益阳市沅江市高新技术产业园区,住宅区,ok,641.016,24.0867,17.4612,131517.4318,0.5323,1183.0,54.0,1129.0,1075.0,8198.0,17970.6566,1779095.0,21092.0,30009.1515,2970906.0,98621.0,43346.4444,4291298.0,141260.0,51046.899,5053643.0,164146.0,58925.899,5833664.0,2000,2010,2970906.0,4291298.0,1320392.0
1350,S438064,怀化高新技术产业开发区,湖南省,怀化,省政府,高新技术产业开发区,2006.04,924.27,生物医药、农产品加工、新能源,109.932428,27.362637,109.92794,27.366132,湖南省怀化市中方县高新技术产业开发区,住宅区,ok,589.322,,24.7892,41298.7954,21.6901,9046.0,2147.0,6899.0,4752.0,4000.0,1764.9057,187080.0,10916.0,3233.5377,342755.0,24092.0,8299.0566,879700.0,31152.0,11772.9528,1247933.0,37046.0,14251.0943,1510616.0,2000,2010,342755.0,879700.0,536945.0
1364,S438068,涟源高新技术产业开发区,湖南省,涟源,省政府,高新技术产业开发区,1994.03,734.3,装备制造、新材料、生物医药,87.075269,44.099749,87.072143,44.098379,新疆维吾尔自治区昌吉回族自治州昌吉市高新技术产业开发区,住宅区,ok,3133.125,8.2041,3.8408,40923.3998,0.0014,0.0,0.0,0.0,0.0,7200.0,3198.5146,329447.0,62064.0,10957.9903,1128673.0,81507.0,15805.7864,1627996.0,90391.0,19958.1748,2055692.0,96528.0,28197.0971,2904301.0,1990,2000,329447.0,1128673.0,799226.0
1367,S438115,泸溪高新技术产业开发区,湖南省,泸溪,省政府,高新技术产业开发区,2012.11,314.3,铝加工、新金属材料加工、生物医药,87.075269,44.099749,87.072143,44.098379,新疆维吾尔自治区昌吉回族自治州昌吉市高新技术产业开发区,住宅区,ok,3133.125,8.2041,3.8408,40923.3998,0.0014,0.0,0.0,0.0,0.0,7200.0,3198.5146,329447.0,62064.0,10957.9903,1128673.0,81507.0,15805.7864,1627996.0,90391.0,19958.1748,2055692.0,96528.0,28197.0971,2904301.0,2010,2015,1627996.0,2055692.0,427696.0
1378,S448018,韶关高新技术产业开发区,广东省,韶关,省政府,高新技术产业开发区,2010.10,640.0,机械装备、电子信息、生物医药,114.27797,25.098436,114.272979,25.101254,广东省韶关市南雄市南雄高新技术产业开发区,住宅区,ok,222.743,27.1229,23.066,94824.2685,3.2327,449.0,179.0,270.0,91.0,52508.0,25351.3608,2459082.0,103550.0,31609.5567,3066127.0,163581.0,42228.7113,4096185.0,200337.0,48549.0412,4709257.0,200863.0,53732.5876,5212061.0,2010,2015,4096185.0,4709257.0,613072.0
1395,S448014,南海高新技术产业开发区,广东省,南海,省政府,高新技术产业开发区,2006.08,753.8,节能环保、装备制造、新材料,113.100734,23.144944,113.095235,23.147434,广东省佛山市南海区高新技术产业开发区,住宅区,ok,28.729,91.9023,47.2123,376659.8531,1.4017,508.0,76.0,432.0,356.0,108381.0,64033.451,6531412.0,284464.0,176368.3824,17989575.0,303468.0,212227.8824,21647244.0,311747.0,230518.1765,23512854.0,315132.0,238359.5098,24312670.0,2000,2010,17989575.0,21647244.0,3657669.0
1396,S448015,顺德高新技术产业开发区,广东省,顺德,省政府,高新技术产业开发区,2003.06,393.33,家电、装备制造,87.075269,44.099749,87.072143,44.098379,新疆维吾尔自治区昌吉回族自治州昌吉市高新技术产业开发区,住宅区,ok,3133.125,8.2041,3.8408,40923.3998,0.0014,0.0,0.0,0.0,0.0,7200.0,3198.5146,329447.0,62064.0,10957.9903,1128673.0,81507.0,15805.7864,1627996.0,90391.0,19958.1748,2055692.0,96528.0,28197.0971,2904301.0,2000,2010,1128673.0,1627996.0,499323.0
1408,S448049,湛江高新技术产业开发区,广东省,湛江,省政府,高新技术产业开发区,1992.07,408.8,海洋装备、特种纸、食品,110.468364,21.300964,110.463893,21.303405,广东省湛江市坡头区湛江高新技术产业开发区,住宅区,ok,0.678,,28.0749,47165.7815,0.2138,655.0,0.0,655.0,655.0,17286.0,13935.3465,1407470.0,21394.0,18268.7921,1845148.0,28583.0,24929.6733,2517897.0,31667.0,28854.2673,2914281.0,32451.0,32516.9406,3284211.0,1990,2000,1407470.0,1845148.0,437678.0
1415,S448053,广东茂名高新技术产业开发区,广东省,茂名,省政府,高新技术产业开发区,2003.01,1027.51,石油化工、新材料、机械,110.981475,21.57052,110.976795,21.573148,广东省茂名市电白区茂名高新技术产业开发区,住宅区,ok,6.577,65.0339,40.6875,159861.3545,0.3255,6881.0,25.0,6856.0,6831.0,27322.0,25822.77,2582277.0,48954.0,44882.22,4488222.0,68372.0,56803.98,5680398.0,77491.0,64080.76,6408076.0,82735.0,74066.49,7406649.0,2000,2010,4488222.0,5680398.0,1192176.0
1433,S448028,广东梅州高新技术产业园区,广东省,梅州,省政府,高新技术产业开发区,2003.04,700.0,电子信息、机械装备、生物医药,115.996577,24.029178,115.991918,24.031888,广东省梅州市梅县区广东梅州高新技术产业园区,住宅区,ok,86.888,33.1833,32.7609,45013.5017,7.4923,17019.0,1597.0,15422.0,13825.0,3182.0,6653.4,698607.0,11284.0,10752.8476,1129049.0,109562.0,17429.7429,1830123.0,187635.0,21256.1524,2231896.0,213929.0,23200.419,2436044.0,2000,2010,1129049.0,1830123.0,701074.0
1451,S448045,广东阳江高新技术产业开发区,广东省,阳江,省政府,高新技术产业开发区,2002.12,1955.27,金属制品、食品、医药,111.888466,21.764921,111.88352,21.767739,广东省阳江市江城区高新技术产业开发区,住宅区,ok,5.014,,20.7133,49670.5831,5.9482,5365.0,298.0,5067.0,4769.0,11973.0,14486.5455,1434168.0,24027.0,17525.9899,1735073.0,35602.0,22880.3737,2265157.0,41068.0,26605.0202,2633897.0,46089.0,32777.2222,3244945.0,2000,2010,1735073.0,2265157.0,530084.0
1465,S448065,广东揭阳高新技术产业开发区,广东省,揭阳,省政府,高新技术产业开发区,1992.08,698.59,装备制造、金属制品、家电,116.443867,23.561136,116.439184,23.563555,广东省揭阳市揭东区高新技术产业开发区,住宅区,ok,18.211,67.9042,43.1253,352377.1165,1.0373,393.0,0.0,393.0,393.0,138487.0,55830.0099,5638831.0,240089.0,114807.3663,11595544.0,301933.0,144813.8218,14626196.0,332194.0,160685.7624,16229262.0,332814.0,165535.2376,16719059.0,1990,2000,5638831.0,11595544.0,5956713.0
1472,S448108,云浮高新技术产业开发区,广东省,云浮,省政府,高新技术产业开发区,2010.11,300.0,云计算及信息服务、建材、装备制造,112.168309,23.036701,112.163027,23.039327,广东省云浮市云安区云浮高新技术产业开发区,住宅区,ok,110.178,,22.3439,24444.1722,26.7715,23405.0,7323.0,16082.0,8759.0,28.0,6675.19,667519.0,28.0,9843.2,984320.0,49475.0,13330.23,1333023.0,129608.0,16496.2,1649620.0,414120.0,23800.49,2380049.0,2010,2015,1333023.0,1649620.0,316597.0
1482,S458025,广西柳州河西高新技术产业开发区,广西壮族自治区,柳州河西,省政府,高新技术产业开发区,2015.09,1766.55,汽车、机械、食品,109.341077,24.340016,109.336568,24.342773,广西壮族自治区柳州市柳南区高新技术产业开发区,住宅区,ok,276.083,35.0853,35.1132,220615.953,9.9223,18300.0,8846.0,9454.0,608.0,3866.0,82583.0099,8340884.0,4931.0,96938.0,9790738.0,92818.0,118986.604,12017647.0,144967.0,130642.3069,13194873.0,176758.0,136800.3069,13816831.0,2015,2020,13194873.0,13816831.0,621958.0
1491,S458012,广西梧州高新技术产业开发区,广西壮族自治区,梧州,省政府,高新技术产业开发区,2002.09,1121.39,医药、电子信息、食品,111.342846,23.533239,111.337578,23.535722,广西壮族自治区梧州市万秀区高新技术产业开发区,住宅区,ok,187.18,,47.9941,79334.2621,22.3651,37271.0,98.0,37173.0,37075.0,1007.0,11024.0816,1080360.0,1012.0,14764.898,1446960.0,8651.0,22045.9184,2160500.0,19389.0,27014.7347,2647444.0,55226.0,32429.2449,3178066.0,2000,2010,1446960.0,2160500.0,713540.0
1511,S458021,广西百色高新技术产业开发区,广西壮族自治区,百色,省政府,高新技术产业开发区,2006.05,2566.61,铝加工、农副产品加工、装备制造,106.67917,23.838488,106.675622,23.841272,广西壮族自治区百色市右江区广西百色高新技术产业开发区,住宅区,ok,280.499,41.8953,30.5233,101978.25,5.2145,15339.0,393.0,14946.0,14553.0,19160.0,12052.5644,1217309.0,40586.0,21154.4851,2136603.0,69900.0,32862.8119,3319144.0,83372.0,40251.7822,4065430.0,91138.0,47171.495,4764321.0,2000,2010,2136603.0,3319144.0,1182541.0
1542,S508026,重庆大足高新技术产业开发区,重庆市,大足,省政府,高新技术产业开发区,2003.07,530.55,智能装备、节能环保装备、五金,106.335523,29.512779,106.331617,29.515404,重庆市九龙坡区重庆高新技术产业开发区,住宅区,ok,865.827,,21.1603,123005.0982,4.7271,892.0,14.0,878.0,864.0,1008.0,7699.3143,808428.0,1198.0,23171.781,2433037.0,4226.0,56573.4381,5940211.0,6117.0,73951.9619,7764956.0,10923.0,82265.581,8637886.0,2000,2010,2433037.0,5940211.0,3507174.0
1549,S508022,重庆永川高新技术产业开发区,重庆市,永川,省政府,高新技术产业开发区,2002.12,1680.87,装备制造、电子信息、软件,106.335523,29.512779,106.331617,29.515404,重庆市九龙坡区重庆高新技术产业开发区,住宅区,ok,865.827,,21.1603,123005.0982,4.7271,892.0,9.0,883.0,874.0,1008.0,7699.3143,808428.0,1198.0,23171.781,2433037.0,4226.0,56573.4381,5940211.0,6117.0,73951.9619,7764956.0,10923.0,82265.581,8637886.0,2000,2010,2433037.0,5940211.0,3507174.0
1551,S508025,重庆铜梁高新技术产业开发区,重庆市,铜梁,省政府,高新技术产业开发区,2002.12,1160.18,装备制造、新材料、电子信息,106.335523,29.512779,106.331617,29.515404,重庆市九龙坡区重庆高新技术产业开发区,住宅区,ok,865.827,,21.1603,123005.0982,4.7271,892.0,9.0,883.0,874.0,1008.0,7699.3143,808428.0,1198.0,23171.781,2433037.0,4226.0,56573.4381,5940211.0,6117.0,73951.9619,7764956.0,10923.0,82265.581,8637886.0,2000,2010,2433037.0,5940211.0,3507174.0
1552,S508024,重庆潼南高新技术产业开发区,重庆市,潼南,省政府,高新技术产业开发区,2006.05,659.38,电子信息、装备制造、精细化工,106.335523,29.512779,106.331617,29.515404,重庆市九龙坡区重庆高新技术产业开发区,住宅区,ok,865.827,,21.1603,123005.0982,4.7271,892.0,32.0,860.0,828.0,1008.0,7699.3143,808428.0,1198.0,23171.781,2433037.0,4226.0,56573.4381,5940211.0,6117.0,73951.9619,7764956.0,10923.0,82265.581,8637886.0,2000,2010,2433037.0,5940211.0,3507174.0
1553,S508027,重庆荣昌高新技术产业开发区,重庆市,荣昌,省政府,高新技术产业开发区,2002.12,1705.61,装备制造、节能环保,106.335523,29.512779,106.331617,29.515404,重庆市九龙坡区重庆高新技术产业开发区,住宅区,ok,865.827,,21.1603,123005.0982,4.7271,892.0,9.0,883.0,874.0,1008.0,7699.3143,808428.0,1198.0,23171.781,2433037.0,4226.0,56573.4381,5940211.0,6117.0,73951.9619,7764956.0,10923.0,82265.581,8637886.0,2000,2010,2433037.0,5940211.0,3507174.0
1571,S518004,成都金牛高新技术产业园区,四川省,成都金牛,省政府,高新技术产业开发区,2006.02,269.11,医药、饮料、食品、电子设备,103.995639,30.718696,103.993346,30.721266,四川省成都市金牛区金牛高新技术产业园区,住宅区,ok,1070.149,91.1927,92.4522,934321.4309,0.9107,375.0,147.0,228.0,81.0,26246.0,46368.8713,4683256.0,232541.0,211778.1386,21389592.0,246418.0,246152.5743,24861410.0,252942.0,261505.2178,26412027.0,257801.0,267643.6733,27032011.0,2000,2010,21389592.0,24861410.0,3471818.0
1592,S518051,四川攀枝花东区高新技术产业园区,四川省,攀枝花东区,省政府,高新技术产业开发区,2000.07,1896.79,金属冶炼加工、石化、核燃料,101.768308,26.582269,101.76673,26.585825,四川省攀枝花市东区高新技术产业园区,住宅区,ok,791.514,,50.529,182965.6887,7.2105,3236.0,0.0,3236.0,3236.0,62005.0,25188.4455,2544033.0,66135.0,29007.6535,2929773.0,67010.0,30971.4257,3128114.0,70881.0,33129.4554,3346075.0,88503.0,40174.4356,4057618.0,2000,2010,2929773.0,3128114.0,198341.0
1600,S518059,四川中江高新技术产业园区,四川省,中江,省政府,高新技术产业开发区,2015.07,635.14,新材料、电子信息、医药,103.971281,30.026802,103.969103,30.029573,四川省眉山市东坡区中江村,村庄,ok,1002.721,11.2437,15.5476,20818.1763,9.0567,8475.0,292.0,8183.0,7891.0,36.0,2349.0808,232559.0,345.0,3456.7879,342222.0,7752.0,7634.6566,755831.0,21836.0,11531.4242,1141611.0,46654.0,19261.2323,1906862.0,2015,2020,1141611.0,1906862.0,765251.0
1631,S518085,四川南充潆华高新技术产业园区,四川省,南充潆华,省政府,高新技术产业开发区,2007.04,596.83,装备制造、新材料、电子信息,106.073775,30.817852,106.069775,30.820155,四川省南充市顺庆区南充潆华高新技术产业园区,住宅区,ok,1012.159,91.6961,60.9645,412973.6132,3.2592,1552.0,38.0,1514.0,1476.0,2545.0,34498.84,3449884.0,38407.0,56118.84,5611884.0,152938.0,81250.66,8125066.0,209679.0,96737.39,9673739.0,235270.0,108614.85,10861485.0,2000,2010,5611884.0,8125066.0,2513182.0
1648,S518098,四川宜宾县高新技术产业园区,四川省,宜宾县,省政府,高新技术产业开发区,2013.12,642.98,装备制造、能源、酿酒,104.448659,28.777585,104.446109,28.780715,四川省宜宾市叙州区高新技术产业园区,住宅区,ok,858.931,,30.3103,28916.0689,8.5047,7989.0,97.0,7892.0,7795.0,1230.0,2503.5049,257861.0,1856.0,3005.1359,309529.0,5443.0,5151.2136,530575.0,17655.0,6928.1456,713599.0,65830.0,10535.2816,1085134.0,2010,2015,530575.0,713599.0,183024.0
1659,S518109,四川邻水高新技术产业园区,四川省,邻水,省政府,高新技术产业开发区,2006.03,677.08,节能环保、装备制造、电子信息,106.931991,30.319396,106.928002,30.322198,四川省广安市邻水县广安高新技术产业园区,住宅区,ok,940.931,37.0957,17.9061,124787.7934,6.6658,1518.0,1.0,1517.0,1516.0,21678.0,11820.1765,1205658.0,61673.0,17812.4706,1816872.0,189854.0,33777.1373,3445268.0,245913.0,43062.6078,4392386.0,256912.0,49965.1176,5096442.0,2000,2010,1816872.0,3445268.0,1628396.0
1677,S518036,四川资阳高新技术产业园区,四川省,资阳,省政府,高新技术产业开发区,1995.10,254.35,汽车、食品饮料、电子,104.605721,30.077029,104.603358,30.079893,四川省资阳市雁江区资阳高新技术产业园区,住宅区,ok,980.946,,12.0311,82353.0999,3.9342,2572.0,0.0,2572.0,2572.0,56.0,4504.59,450459.0,56.0,11726.0,1172600.0,3480.0,28438.48,2843848.0,11842.0,39723.26,3972326.0,38612.0,50843.32,5084332.0,1990,2000,450459.0,1172600.0,722141.0
1694,S528019,遵义高新技术产业开发区,贵州省,遵义,省政府,高新技术产业开发区,2016.05,623.85,装备制造、新材料、电子信息,106.91382,27.611352,106.910026,27.614885,贵州省遵义市红花岗区遵义高新技术产业开发区,住宅区,ok,647.73,,26.8375,149109.2163,2.6692,3024.0,715.0,2309.0,1594.0,1795.0,19784.5152,1958667.0,2104.0,29647.9192,2935144.0,4615.0,50974.1212,5046438.0,12568.0,65597.5455,6494157.0,38113.0,82814.4848,8198634.0,2015,2020,6494157.0,8198634.0,1704477.0
1771,S538042,金山高新技术产业经济区,云南省,金山,省政府,高新技术产业开发区,2011.04,941.79,生物制品,119.621257,28.763999,119.616601,28.767255,浙江省金华市武义县金山,村庄,ok,117.447,,10.628,2710.1395,49.1764,2979.0,1450.0,1529.0,79.0,16149.0,1993.2233,205302.0,19173.0,2443.3204,251662.0,21543.0,2788.5049,287216.0,22632.0,2991.2524,308099.0,23382.0,3346.5243,344692.0,2010,2015,287216.0,308099.0,20883.0
1805,S548001,拉萨高新技术产业开发区,西藏自治区,拉萨,省政府,高新技术产业开发区,2015.12,1680.96,生物、医药、信息技术,91.053667,29.592174,91.052152,29.594933,西藏自治区拉萨市堆龙德庆区高新技术产业开发区,住宅区,ok,1846.191,2.8423,9.0323,24974.2876,0.0095,0.0,0.0,0.0,0.0,282.0,19435.396,1962975.0,291.0,22168.3762,2239006.0,5828.0,30186.2871,3048815.0,10993.0,33916.1782,3425534.0,14828.0,34499.0891,3484408.0,2015,2020,3425534.0,3484408.0,58874.0
1807,S548003,西藏那曲高新技术产业开发区,西藏自治区,那曲,省政府,高新技术产业开发区,2012.10,1479.06,农畜产品加工,92.05151,31.477905,92.05023,31.480143,西藏自治区那曲市,市,ok,1858.96,50.9238,48.0929,105082.949,0.0014,0.0,0.0,0.0,0.0,36472.0,8348.8614,843235.0,43325.0,11137.8812,1124926.0,65377.0,16199.1782,1636117.0,76505.0,19239.8119,1943221.0,77171.0,20254.6733,2045722.0,2010,2015,1636117.0,1943221.0,307104.0
1817,S618019,凤翔高新技术产业开发区,陕西省,凤翔,省政府,高新技术产业开发区,2015.09,1604.0,煤化工、白酒酿造、电力能源,113.054198,23.631421,113.048724,23.633877,广东省清远市清城区凤翔街道高新技术产业开发区,住宅区,ok,70.406,15.704,14.8484,103746.0342,1.0459,1909.0,500.0,1409.0,909.0,19844.0,22087.07,2208707.0,91986.0,54095.52,5409552.0,152975.0,79770.86,7977086.0,185781.0,93908.19,9390819.0,189404.0,100273.4,10027340.0,2015,2020,9390819.0,10027340.0,636521.0
1820,S618021,三原高新技术产业开发区,陕西省,三原,省政府,高新技术产业开发区,2015.06,1319.7,农产品加工、先进制造、生物医药,108.951512,34.598108,108.946801,34.599472,陕西省咸阳市三原县三原高新技术产业开发区,住宅区,ok,888.628,18.2591,12.338,115705.3536,0.0618,209.0,21.0,188.0,167.0,40024.0,51591.5825,5313933.0,99712.0,85768.5922,8834165.0,256063.0,109581.9126,11286937.0,344248.0,122213.0194,12587941.0,363474.0,128284.7961,13213334.0,2015,2020,12587941.0,13213334.0,625393.0
1828,S618029,蒲城高新技术产业开发区,陕西省,蒲城,省政府,高新技术产业开发区,2015.09,116.59,生物、化工材料、农副产品加工,118.064822,37.282578,118.058671,37.281726,山东省滨州市滨城区蒲城街道滨州高新技术产业开发区,住宅区,ok,95.149,9.3367,5.5387,54667.1731,0.1355,313.0,6.0,307.0,301.0,2194.0,20586.7115,2141018.0,7408.0,30266.5962,3147726.0,102552.0,47655.5385,4956176.0,162727.0,59692.2788,6207997.0,195723.0,69107.4808,7187178.0,2015,2020,6207997.0,7187178.0,979181.0
1830,S618031,富平高新技术产业开发区,陕西省,富平,省政府,高新技术产业开发区,2015.07,354.68,装备制造、绿色食品加工、包装印刷,87.075269,44.099749,87.072143,44.098379,新疆维吾尔自治区昌吉回族自治州昌吉市高新技术产业开发区,住宅区,ok,3133.125,8.2041,3.8408,40923.3998,0.0014,0.0,0.0,0.0,0.0,7200.0,3198.5146,329447.0,62064.0,10957.9903,1128673.0,81507.0,15805.7864,1627996.0,90391.0,19958.1748,2055692.0,96528.0,28197.0971,2904301.0,2015,2020,2055692.0,2904301.0,848609.0
1832,S618033,延安高新技术产业开发区,陕西省,延安,省政府,高新技术产业开发区,2014.03,1630.05,能源化工、精细化工、装备制造,109.670467,36.682977,109.665168,36.682947,陕西省延安市宝塔区延安高新技术产业开发区,住宅区,ok,727.476,24.5227,12.294,67297.3815,0.6491,302.0,154.0,148.0,-6.0,29742.0,4050.7327,409124.0,90147.0,8265.9109,834857.0,174575.0,15189.6733,1534157.0,215833.0,19372.4059,1956613.0,241394.0,23122.8218,2335405.0,2010,2015,1534157.0,1956613.0,422456.0
1844,S618045,旬阳高新技术产业开发区,陕西省,旬阳,省政府,高新技术产业开发区,2009.03,409.14,生物制品、新材料、先进制造,87.075269,44.099749,87.072143,44.098379,新疆维吾尔自治区昌吉回族自治州昌吉市高新技术产业开发区,住宅区,ok,3133.125,8.2041,3.8408,40923.3998,0.0014,0.0,0.0,0.0,0.0,7200.0,3198.5146,329447.0,62064.0,10957.9903,1128673.0,81507.0,15805.7864,1627996.0,90391.0,19958.1748,2055692.0,96528.0,28197.0971,2904301.0,2000,2010,1128673.0,1627996.0,499323.0
1933,S658013,克拉玛依高新技术产业开发区,新疆维吾尔自治区,克拉玛依,省政府,高新技术产业开发区,2005.03,6182.64,油气化工、机械,85.119003,45.685369,85.116003,45.684225,新疆维吾尔自治区克拉玛依市白碱滩区克拉玛依高新技术产业开发区,住宅区,ok,3367.464,42.9998,21.7097,50431.666,0.0062,14.0,12.0,2.0,-10.0,67670.0,11579.2476,1215821.0,144721.0,18462.7429,1938588.0,216657.0,22553.0952,2368075.0,255800.0,24624.5905,2585582.0,307558.0,26459.2571,2778222.0,2000,2010,1938588.0,2368075.0,429487.0
1937,S658015,哈密高新技术产业开发区,新疆维吾尔自治区,哈密,省政府,高新技术产业开发区,2015.08,4115.42,装备制造、综合能源利用、黑色金属矿采选,93.594602,42.891823,93.593194,42.890425,新疆维吾尔自治区哈密市伊州区哈密高新技术产业开发区,住宅区,ok,2069.661,8.5015,4.977,60406.1902,0.0,0.0,0.0,0.0,0.0,180057.0,30110.41,3011041.0,180153.0,31813.38,3181338.0,216117.0,35496.85,3549685.0,230700.0,37056.86,3705686.0,231610.0,37497.82,3749782.0,2015,2020,3705686.0,3749782.0,44096.0
1944,S658022,轮台高新技术产业开发区,新疆维吾尔自治区,轮台,省政府,高新技术产业开发区,2014.12,1788.03,精细化工、新能源,87.075269,44.099749,87.072143,44.098379,新疆维吾尔自治区昌吉回族自治州昌吉市高新技术产业开发区,住宅区,ok,3133.125,8.2041,3.8408,40923.3998,0.0014,0.0,0.0,0.0,0.0,7200.0,3198.5146,329447.0,62064.0,10957.9903,1128673.0,81507.0,15805.7864,1627996.0,90391.0,19958.1748,2055692.0,96528.0,28197.0971,2904301.0,2010,2015,1627996.0,2055692.0,427696.0
1957,S658034,疏勒高新技术产业开发区,新疆维吾尔自治区,疏勒,省政府,高新技术产业开发区,2015.08,3512.71,钢铁、纺织服装、建材,87.075269,44.099749,87.072143,44.098379,新疆维吾尔自治区昌吉回族自治州昌吉市高新技术产业开发区,住宅区,ok,3133.125,8.2041,3.8408,40923.3998,0.0014,0.0,0.0,0.0,0.0,7200.0,3198.5146,329447.0,62064.0,10957.9903,1128673.0,81507.0,15805.7864,1627996.0,90391.0,19958.1748,2055692.0,96528.0,28197.0971,2904301.0,2015,2020,2055692.0,2904301.0,848609.0
